"","programming_computers_for","programming_perl_for","work_proportion_programming_software_projects","work_proportion_programming_software_projects_not_writing_code","time_percentage_programming_perl","programming_in_spare_time"
"1",5,3,5,3,4,5
"2",5,4,3,4,5,3
"3",5,5,2,2,4,3
"4",5,5,2,1,5,2
"5",4,4,5,2,5,4
"6",5,3,4,3,5,2
"7",6,2,5,4,4,3
"8",5,1,5,2,2,3
"9",5,5,5,2,5,2
"10",4,3,4,3,3,4
"11",4,3,4,5,1,3
"12",5,5,4,2,4,2
"13",5,5,4,4,4,2
"14",5,3,5,1,3,6
"15",NA,NA,NA,NA,NA,NA
"16",5,1,1,2,1,2
"17",1,1,2,5,1,2
"18",6,5,5,3,4,4
"19",6,5,2,3,4,2
"20",4,2,3,3,2,5
"21",6,5,5,2,5,2
"22",NA,NA,NA,NA,NA,NA
"23",NA,NA,NA,NA,NA,NA
"24",4,2,5,2,5,3
"25",NA,NA,NA,NA,NA,NA
"26",5,2,3,4,4,3
"27",5,4,5,4,3,3
"28",5,4,5,4,5,3
"29",6,4,2,2,1,2
"30",4,3,4,3,3,3
"31",5,3,3,3,4,4
"32",6,5,4,4,5,2
"33",6,4,4,3,4,2
"34",6,5,4,4,1,2
"35",6,5,3,3,1,3
"36",5,5,5,1,5,2
"37",5,4,5,2,4,2
"38",3,2,2,2,5,5
"39",6,5,2,5,5,2
"40",NA,NA,NA,NA,NA,NA
"41",5,4,5,2,5,2
"42",5,3,5,3,1,4
"43",NA,NA,NA,NA,NA,NA
"44",6,3,5,2,1,3
"45",5,4,5,3,5,4
"46",5,3,3,3,2,2
"47",NA,NA,NA,NA,NA,NA
"48",5,4,1,1,1,4
"49",4,4,5,1,5,2
"50",5,4,3,2,4,2
"51",2,2,3,4,5,3
"52",6,4,5,2,1,5
"53",6,3,2,4,2,1
"54",6,3,5,3,4,3
"55",6,5,2,5,2,5
"56",5,5,3,2,5,4
"57",NA,NA,NA,NA,NA,NA
"58",5,3,1,5,2,3
"59",2,2,3,2,4,4
"60",4,2,2,3,2,3
"61",6,5,3,2,4,4
"62",4,2,5,4,1,6
"63",NA,NA,NA,NA,NA,NA
"64",NA,NA,NA,NA,NA,NA
"65",6,5,3,3,3,5
"66",3,2,4,3,3,4
"67",6,4,5,2,5,3
"68",5,4,5,2,5,3
"69",5,4,4,2,5,2
"70",NA,NA,NA,NA,NA,NA
"71",6,4,2,1,5,2
"72",4,4,2,5,4,5
"73",5,5,3,3,3,3
"74",5,4,3,3,5,3
"75",5,5,4,3,5,4
"76",5,2,2,4,1,4
"77",5,4,4,2,5,4
"78",5,4,5,2,1,2
"79",4,2,5,2,1,4
"80",NA,NA,NA,NA,NA,NA
"81",3,3,5,2,5,4
"82",NA,NA,NA,NA,NA,NA
"83",6,5,5,2,4,5
"84",5,3,5,5,5,2
"85",4,4,5,2,5,2
"86",NA,NA,NA,NA,NA,NA
"87",6,5,4,3,1,4
"88",5,3,5,3,5,2
"89",5,4,5,3,4,5
"90",5,4,5,3,5,4
"91",6,5,2,1,5,3
"92",6,5,2,3,1,3
"93",4,1,4,2,5,3
"94",6,5,2,2,5,3
"95",5,4,5,5,1,3
"96",5,5,5,2,5,5
"97",6,4,3,4,5,4
"98",5,5,1,1,4,4
"99",6,3,5,2,2,2
"100",1,6,5,5,5,6
"101",NA,NA,NA,NA,NA,NA
"102",3,2,3,5,3,3
"103",6,5,5,5,5,4
"104",3,3,5,2,5,3
"105",5,5,5,3,4,2
"106",6,5,5,2,5,2
"107",5,3,4,4,1,4
"108",6,5,5,2,5,3
"109",6,5,2,3,5,4
"110",4,5,5,2,4,4
"111",6,5,5,2,2,4
"112",5,4,5,2,5,4
"113",NA,NA,NA,NA,NA,NA
"114",4,4,5,2,5,NA
"115",5,5,5,3,1,4
"116",NA,NA,NA,NA,NA,NA
"117",3,3,5,2,3,5
"118",5,5,5,2,1,4
"119",6,4,5,3,3,5
"120",2,2,2,2,5,1
"121",6,5,4,4,2,3
"122",NA,NA,NA,NA,NA,NA
"123",6,3,2,1,4,3
"124",NA,NA,NA,NA,NA,NA
"125",6,5,2,3,1,4
"126",4,4,4,3,5,4
"127",6,1,1,1,1,2
"128",5,4,3,1,5,3
"129",6,5,4,2,3,4
"130",NA,NA,NA,NA,NA,NA
"131",4,3,1,4,5,2
"132",NA,NA,NA,NA,NA,NA
"133",6,2,2,1,5,4
"134",6,5,NA,NA,NA,4
"135",5,5,5,2,4,3
"136",6,4,5,4,2,3
"137",6,5,5,2,5,3
"138",3,2,4,2,5,3
"139",5,2,3,3,2,4
"140",4,2,5,2,1,6
"141",6,3,5,3,2,5
"142",5,2,3,1,5,5
"143",5,4,5,2,2,4
"144",NA,NA,NA,NA,NA,NA
"145",6,5,5,3,3,4
"146",6,5,2,1,5,3
"147",NA,NA,NA,NA,NA,NA
"148",5,3,5,2,2,2
"149",6,4,4,3,1,3
"150",5,5,4,3,4,2
"151",6,5,1,5,1,2
"152",3,3,4,2,4,5
"153",NA,NA,NA,NA,NA,NA
"154",5,4,NA,1,5,4
"155",5,5,4,3,2,2
"156",NA,NA,NA,NA,NA,NA
"157",5,4,5,3,2,3
"158",4,4,5,5,1,2
"159",6,5,2,2,5,4
"160",5,4,2,NA,NA,NA
"161",3,2,2,4,1,4
"162",4,4,3,4,1,4
"163",4,4,3,4,1,3
"164",3,3,4,2,4,4
"165",4,3,5,5,2,2
"166",5,5,5,1,5,3
"167",4,3,4,3,1,3
"168",4,2,5,1,1,6
"169",6,5,3,2,4,3
"170",6,5,4,3,5,4
"171",5,5,4,3,5,4
"172",2,1,5,2,5,4
"173",6,4,2,5,2,5
"174",4,2,4,3,5,4
"175",NA,NA,NA,NA,NA,NA
"176",NA,NA,NA,NA,NA,NA
"177",NA,NA,NA,NA,NA,NA
"178",6,3,3,1,3,4
"179",4,3,5,3,3,4
"180",5,5,4,4,3,3
"181",5,2,5,2,3,3
"182",NA,NA,NA,NA,NA,NA
"183",4,4,2,3,5,2
"184",3,3,3,2,5,5
"185",2,2,5,1,2,4
"186",5,5,5,4,1,3
"187",3,2,5,1,5,5
"188",NA,NA,NA,NA,NA,NA
"189",4,3,5,3,1,2
"190",NA,NA,NA,NA,NA,NA
"191",NA,NA,NA,NA,NA,NA
"192",6,5,5,5,3,2
"193",6,5,4,3,5,3
"194",6,5,4,3,4,3
"195",4,4,5,1,5,3
"196",NA,NA,NA,NA,NA,NA
"197",NA,NA,NA,NA,NA,NA
"198",3,3,5,2,2,2
"199",6,5,2,4,5,2
"200",4,4,4,3,4,2
"201",6,5,2,1,4,3
"202",6,4,5,1,5,3
"203",5,5,2,3,3,3
"204",6,4,5,4,2,2
"205",6,6,5,4,3,2
"206",4,3,4,2,2,3
"207",6,5,5,2,3,3
"208",5,3,1,1,3,5
"209",5,4,5,1,2,5
"210",3,2,1,3,1,4
"211",5,4,5,2,1,4
"212",6,5,5,5,2,3
"213",6,5,4,3,4,1
"214",5,5,4,1,3,5
"215",NA,NA,NA,NA,NA,NA
"216",3,2,5,3,4,2
"217",6,5,5,5,4,2
"218",6,5,5,2,2,6
"219",NA,NA,NA,NA,NA,NA
"220",NA,NA,NA,NA,NA,NA
"221",NA,NA,NA,NA,NA,NA
"222",3,2,3,2,1,2
"223",3,3,NA,NA,3,6
"224",6,1,3,3,1,2
"225",5,2,5,2,5,3
"226",3,1,5,3,1,4
"227",5,4,3,3,1,3
"228",6,4,3,3,5,1
"229",NA,NA,NA,NA,NA,NA
"230",6,5,5,1,5,3
"231",4,3,5,3,5,1
"232",5,4,5,2,4,4
"233",3,3,5,1,3,3
"234",NA,NA,NA,NA,NA,NA
"235",6,5,5,2,5,4
"236",4,3,4,3,3,2
"237",6,5,3,4,5,3
"238",3,3,3,4,4,3
"239",6,4,3,4,3,3
"240",2,2,4,2,5,5
"241",5,4,4,3,5,4
"242",4,4,4,2,5,4
"243",NA,NA,NA,NA,NA,NA
"244",5,5,5,1,1,4
"245",3,2,5,3,5,2
"246",5,4,4,2,4,2
"247",5,3,2,2,2,3
"248",5,4,2,2,5,3
"249",4,3,2,3,4,4
"250",5,5,4,3,5,3
"251",4,4,5,2,3,4
"252",NA,NA,NA,NA,NA,NA
"253",6,5,2,5,5,3
"254",NA,NA,NA,NA,NA,NA
"255",6,5,4,3,5,5
"256",5,4,5,2,5,4
"257",3,3,5,2,1,4
"258",5,4,5,4,3,3
"259",2,2,4,3,3,3
"260",5,5,2,1,5,5
"261",NA,NA,NA,NA,NA,NA
"262",5,5,4,3,2,5
"263",6,5,2,5,5,1
"264",6,4,3,4,4,4
"265",5,5,5,2,1,3
"266",6,5,5,2,5,4
"267",6,3,2,3,4,4
"268",5,4,3,3,5,5
"269",2,2,5,3,5,1
"270",4,4,5,2,4,5
"271",NA,NA,NA,NA,NA,NA
"272",2,2,5,1,5,4
"273",6,5,5,2,1,3
"274",5,5,3,4,1,3
"275",5,4,1,4,2,3
"276",NA,NA,NA,NA,NA,NA
"277",6,5,3,2,5,4
"278",5,4,3,NA,2,3
"279",4,2,4,NA,NA,NA
"280",5,4,5,1,5,2
"281",6,5,5,5,2,3
"282",4,4,5,2,5,2
"283",2,1,3,1,2,4
"284",4,2,4,3,1,4
"285",NA,NA,NA,NA,NA,NA
"286",NA,NA,NA,NA,NA,NA
"287",5,4,5,1,4,4
"288",6,5,5,4,1,4
"289",NA,NA,NA,NA,NA,NA
"290",5,5,5,4,1,2
"291",4,3,5,2,4,3
"292",4,4,5,3,3,3
"293",5,3,3,4,4,3
"294",6,5,4,5,1,2
"295",4,2,5,5,1,3
"296",5,4,2,1,3,3
"297",5,2,5,3,2,4
"298",5,4,4,2,1,5
"299",6,6,5,2,5,4
"300",6,5,3,4,4,2
"301",6,5,3,2,3,4
"302",4,2,5,3,1,4
"303",4,3,5,3,1,3
"304",3,3,5,2,5,6
"305",4,4,2,4,2,2
"306",6,5,2,4,1,3
"307",4,3,2,2,5,4
"308",5,4,5,3,3,3
"309",4,3,2,1,1,4
"310",5,5,5,2,1,3
"311",6,5,5,3,3,3
"312",4,3,4,3,3,3
"313",NA,NA,NA,NA,NA,NA
"314",6,5,5,4,5,2
"315",6,3,2,2,1,2
"316",6,5,2,2,5,2
"317",NA,NA,NA,NA,NA,NA
"318",3,3,2,3,2,2
"319",4,2,4,3,2,4
"320",3,1,5,2,4,2
"321",5,2,4,3,5,4
"322",NA,NA,NA,NA,NA,NA
"323",4,4,5,1,1,4
"324",6,5,4,3,5,2
"325",4,1,3,3,4,2
"326",6,4,1,1,1,4
"327",5,5,1,3,5,3
"328",5,5,4,3,5,3
"329",NA,NA,NA,NA,NA,NA
"330",5,5,5,1,5,2
"331",NA,NA,NA,NA,NA,NA
"332",6,5,4,2,5,3
"333",4,4,3,3,2,3
"334",4,3,5,2,5,4
"335",NA,NA,NA,NA,NA,NA
"336",5,4,2,2,2,1
"337",5,4,2,3,4,3
"338",NA,NA,NA,NA,NA,NA
"339",NA,NA,NA,NA,NA,NA
"340",2,1,2,2,5,3
"341",5,1,5,5,2,3
"342",NA,NA,NA,NA,NA,NA
"343",5,4,5,1,5,6
"344",6,4,5,2,5,3
"345",6,5,4,2,4,4
"346",4,2,5,3,5,3
"347",6,5,4,3,4,4
"348",5,4,5,2,5,3
"349",NA,NA,NA,NA,NA,NA
"350",NA,NA,NA,NA,NA,NA
"351",NA,NA,NA,NA,NA,NA
"352",6,4,4,3,1,2
"353",NA,NA,NA,NA,NA,NA
"354",5,5,3,4,2,6
"355",5,4,5,2,5,4
"356",NA,NA,NA,NA,NA,NA
"357",5,3,5,2,3,2
"358",5,3,5,1,4,5
"359",NA,NA,NA,NA,NA,NA
"360",6,4,3,2,2,4
"361",5,4,5,4,2,4
"362",NA,NA,NA,NA,NA,NA
"363",5,5,2,4,2,2
"364",4,3,5,2,2,3
"365",6,4,3,3,2,3
"366",6,5,2,2,3,2
"367",5,5,3,3,5,1
"368",5,4,5,1,2,4
"369",6,5,5,2,5,4
"370",6,6,5,1,1,2
"371",4,4,5,1,1,2
"372",6,4,2,2,1,3
"373",4,4,3,4,5,5
"374",NA,NA,NA,NA,NA,NA
"375",4,4,3,4,4,5
"376",4,3,3,4,5,4
"377",NA,NA,NA,NA,NA,NA
"378",6,5,5,2,3,5
"379",NA,NA,NA,NA,NA,NA
"380",5,3,3,4,1,4
"381",6,5,3,1,5,2
"382",5,4,5,2,2,3
"383",5,4,4,2,1,4
"384",NA,NA,NA,NA,NA,NA
"385",6,5,5,2,5,2
"386",6,5,2,2,1,3
"387",NA,NA,NA,NA,NA,NA
"388",NA,NA,NA,NA,NA,NA
"389",5,4,2,2,4,3
"390",6,4,5,2,5,3
"391",NA,NA,NA,NA,NA,NA
"392",NA,NA,NA,NA,NA,NA
"393",4,4,4,2,5,3
"394",6,1,4,4,1,4
"395",5,1,NA,2,2,3
"396",5,5,4,3,5,1
"397",5,4,3,2,3,3
"398",5,4,3,4,5,4
"399",5,4,4,3,5,4
"400",6,4,5,1,1,3
"401",5,4,2,3,5,4
"402",4,2,5,2,1,3
"403",NA,NA,NA,NA,NA,NA
"404",5,5,5,2,5,4
"405",4,3,3,1,5,2
"406",NA,NA,NA,NA,NA,NA
"407",4,4,5,4,1,4
"408",5,5,5,2,5,3
"409",5,5,5,4,5,3
"410",5,2,5,2,2,4
"411",5,3,5,3,3,3
"412",6,5,5,2,5,3
"413",NA,6,5,5,5,5
"414",2,2,2,1,5,4
"415",4,2,5,2,2,4
"416",5,4,5,2,1,2
"417",4,4,4,2,5,5
"418",4,4,3,3,3,5
"419",NA,NA,NA,NA,NA,NA
"420",6,4,4,2,3,4
"421",NA,NA,NA,NA,NA,NA
"422",5,5,NA,NA,NA,NA
"423",1,1,5,5,1,1
"424",2,2,5,2,4,2
"425",4,4,5,2,5,4
"426",5,5,2,5,2,2
"427",5,4,5,3,4,2
"428",3,3,2,3,2,3
"429",6,4,4,2,1,4
"430",NA,NA,NA,NA,NA,NA
"431",6,5,5,3,2,3
"432",NA,NA,NA,NA,NA,NA
"433",4,3,5,2,5,4
"434",NA,NA,NA,NA,NA,NA
"435",NA,NA,NA,NA,NA,NA
"436",5,3,2,5,1,2
"437",3,2,5,2,2,2
"438",5,5,5,2,5,3
"439",3,3,5,2,5,3
"440",4,4,5,1,5,5
"441",NA,NA,NA,NA,NA,NA
"442",5,5,4,3,4,2
"443",2,1,1,NA,3,5
"444",3,2,3,4,1,3
"445",4,4,5,3,5,3
"446",NA,NA,NA,NA,NA,NA
"447",NA,NA,NA,NA,NA,NA
"448",5,5,5,1,5,6
"449",5,3,4,3,3,4
"450",5,4,4,3,4,2
"451",3,3,1,1,1,2
"452",NA,NA,NA,NA,NA,NA
"453",5,5,4,4,4,5
"454",4,4,5,2,4,4
"455",6,5,3,4,5,3
"456",NA,NA,NA,NA,NA,NA
"457",6,5,3,5,1,2
"458",6,5,3,4,1,3
"459",6,5,5,3,5,3
"460",5,4,3,1,5,2
"461",5,5,4,2,4,3
"462",4,2,5,2,5,3
"463",5,5,5,4,5,4
"464",6,5,3,4,4,2
"465",5,4,5,4,2,4
"466",NA,NA,NA,NA,NA,NA
"467",6,5,5,2,1,5
"468",NA,NA,NA,NA,NA,NA
"469",NA,NA,NA,NA,NA,NA
"470",5,5,4,3,5,3
"471",5,5,5,3,5,2
"472",5,3,4,2,4,5
"473",4,1,5,1,1,3
"474",NA,NA,NA,NA,NA,NA
"475",6,6,4,3,5,3
"476",5,3,5,3,2,6
"477",5,3,2,NA,2,3
"478",5,3,1,NA,NA,NA
"479",NA,NA,NA,NA,NA,NA
"480",6,4,5,2,5,3
"481",6,5,3,1,1,2
"482",4,3,4,3,2,3
"483",5,4,5,2,5,4
"484",NA,NA,NA,NA,NA,NA
"485",5,5,5,5,4,4
"486",NA,NA,NA,NA,NA,NA
"487",5,4,5,4,5,6
"488",NA,NA,NA,NA,NA,NA
"489",4,2,4,1,3,5
"490",5,5,5,3,3,4
"491",6,5,5,5,5,5
"492",6,5,4,3,5,2
"493",NA,NA,NA,NA,NA,NA
"494",4,4,2,2,5,4
"495",5,5,5,2,5,4
"496",5,4,5,3,5,4
"497",NA,NA,NA,NA,NA,NA
"498",5,3,5,2,5,4
"499",5,3,4,3,3,2
"500",NA,NA,NA,NA,NA,NA
"501",3,2,2,1,4,4
"502",NA,NA,NA,NA,NA,NA
"503",5,4,2,4,2,2
"504",5,5,5,2,3,4
"505",4,4,2,4,2,2
"506",6,4,3,4,1,3
"507",5,5,4,2,5,2
"508",NA,NA,NA,NA,NA,NA
"509",3,2,4,3,1,5
"510",2,1,4,1,1,4
"511",6,4,1,3,4,3
"512",5,4,5,2,1,5
"513",2,1,3,4,4,4
"514",NA,NA,NA,NA,NA,NA
"515",2,2,3,2,3,5
"516",4,3,4,NA,5,4
"517",6,5,4,2,4,3
"518",4,4,2,1,5,3
"519",5,5,5,3,3,4
"520",3,3,5,4,5,2
"521",6,5,2,1,3,4
"522",5,3,2,4,1,4
"523",6,3,1,5,1,3
"524",6,5,5,3,3,4
"525",6,5,3,3,3,4
"526",5,5,3,4,3,2
"527",6,5,5,1,4,2
"528",5,5,4,3,5,1
"529",4,5,5,2,1,4
"530",4,4,5,1,4,5
"531",5,4,4,2,2,2
"532",5,4,3,1,2,2
"533",2,2,5,1,2,4
"534",5,2,5,3,2,4
"535",6,5,5,4,5,5
"536",5,4,2,5,1,5
"537",6,5,4,3,1,2
"538",NA,NA,NA,NA,NA,NA
"539",6,2,2,1,5,2
"540",6,5,3,3,2,4
"541",NA,NA,NA,NA,NA,NA
"542",NA,NA,NA,NA,NA,NA
"543",4,4,4,3,2,2
"544",4,3,4,2,2,5
"545",6,6,2,NA,5,3
"546",4,1,5,2,5,3
"547",6,5,3,1,5,3
"548",NA,NA,NA,NA,NA,NA
"549",NA,NA,NA,NA,NA,NA
"550",NA,NA,NA,NA,NA,NA
"551",5,5,5,2,1,4
"552",6,5,5,2,4,3
"553",3,2,5,2,5,2
"554",5,2,3,1,3,6
"555",6,5,3,1,5,2
"556",3,2,1,5,2,1
"557",3,2,4,2,4,2
"558",5,4,4,4,5,5
"559",5,4,4,2,3,4
"560",6,5,5,4,5,4
"561",NA,NA,NA,NA,NA,NA
"562",5,4,5,1,1,3
"563",6,5,5,4,2,6
"564",5,5,5,2,5,3
"565",NA,NA,NA,NA,NA,NA
"566",NA,NA,NA,NA,NA,NA
"567",4,4,3,3,5,4
"568",5,2,5,5,1,5
"569",3,2,5,3,4,2
"570",NA,NA,NA,NA,NA,NA
"571",2,2,3,3,2,4
"572",NA,NA,NA,NA,NA,NA
"573",5,5,2,3,3,3
"574",6,5,5,2,4,5
"575",4,3,4,2,4,2
"576",3,1,5,1,2,2
"577",5,3,5,2,3,3
"578",4,3,4,2,3,5
"579",NA,NA,NA,NA,NA,NA
"580",5,5,4,1,2,2
"581",6,5,5,5,5,5
"582",4,1,3,3,1,5
"583",6,5,4,5,2,3
"584",5,4,5,5,4,5
"585",5,5,4,3,2,3
"586",NA,NA,NA,NA,NA,NA
"587",3,2,5,5,3,2
"588",6,4,1,5,5,4
"589",5,5,1,1,1,2
"590",6,5,2,5,1,1
"591",NA,NA,NA,NA,NA,NA
"592",5,3,4,1,2,2
"593",5,4,4,2,5,3
"594",5,4,1,1,5,2
"595",4,3,5,2,2,6
"596",6,5,5,1,5,4
"597",6,5,5,5,1,3
"598",6,5,4,2,5,2
"599",NA,NA,NA,NA,NA,NA
"600",4,4,5,2,2,2
"601",5,5,4,2,5,3
"602",NA,NA,NA,NA,NA,NA
"603",NA,NA,NA,NA,NA,NA
"604",5,5,5,2,2,5
"605",4,4,5,1,5,4
"606",5,4,5,4,1,2
"607",4,4,3,3,3,2
"608",NA,NA,NA,NA,NA,NA
"609",4,2,5,1,1,4
"610",3,2,2,5,5,3
"611",5,3,4,3,1,4
"612",NA,NA,NA,NA,NA,NA
"613",6,5,4,3,5,4
"614",NA,NA,NA,NA,NA,NA
"615",NA,NA,NA,NA,NA,NA
"616",6,4,4,2,5,3
"617",NA,NA,NA,NA,NA,NA
"618",5,4,3,3,5,4
"619",6,5,5,3,5,6
"620",3,3,2,3,2,3
"621",5,2,5,2,1,4
"622",NA,NA,NA,NA,NA,NA
"623",4,2,3,3,5,5
"624",5,5,NA,3,5,2
"625",5,5,5,1,5,4
"626",4,2,2,3,1,3
"627",NA,NA,NA,NA,NA,NA
"628",5,2,1,5,2,5
"629",4,3,5,5,4,4
"630",NA,NA,NA,NA,NA,NA
"631",6,4,1,1,5,6
"632",6,4,5,2,2,3
"633",3,3,2,2,5,3
"634",5,4,5,2,1,3
"635",NA,NA,NA,NA,NA,NA
"636",2,2,5,2,5,3
"637",NA,NA,NA,NA,NA,NA
"638",5,2,5,2,1,5
"639",5,2,3,2,5,2
"640",2,3,3,2,4,4
"641",NA,NA,NA,NA,NA,NA
"642",5,4,5,4,2,5
"643",6,5,2,1,5,2
"644",6,2,5,2,4,3
"645",6,4,5,1,5,2
"646",6,5,5,3,2,3
"647",5,4,3,4,5,2
"648",4,1,2,NA,1,3
"649",3,2,4,3,1,3
"650",6,5,1,1,5,2
"651",NA,NA,NA,NA,NA,NA
"652",5,4,2,1,1,2
"653",5,5,5,2,3,3
"654",6,5,2,2,5,3
"655",NA,NA,NA,NA,NA,NA
"656",5,3,5,2,2,3
"657",6,5,5,3,3,4
"658",4,4,5,3,5,4
"659",6,5,5,2,NA,2
"660",5,5,5,3,5,3
"661",NA,NA,NA,NA,NA,NA
"662",4,3,5,3,4,6
"663",5,4,3,5,5,4
"664",6,5,5,2,5,2
"665",4,4,5,3,4,3
"666",6,3,5,3,5,2
"667",2,1,1,5,5,3
"668",5,3,5,2,2,5
"669",2,2,1,5,5,3
"670",4,1,2,5,4,3
"671",4,4,3,3,2,1
"672",4,4,4,3,4,2
"673",NA,NA,NA,NA,NA,NA
"674",6,5,2,2,4,2
"675",5,5,5,2,2,4
"676",4,4,3,2,5,2
"677",6,4,3,4,5,1
"678",4,2,3,4,3,5
"679",3,2,3,2,2,3
"680",6,4,5,2,1,4
"681",4,4,4,2,5,2
"682",NA,NA,NA,NA,NA,NA
"683",5,5,4,2,5,2
"684",5,5,5,2,5,3
"685",3,2,3,1,5,2
"686",NA,NA,NA,NA,NA,NA
"687",NA,NA,NA,NA,NA,NA
"688",3,2,5,1,1,2
"689",6,5,2,1,2,2
"690",NA,NA,NA,NA,NA,NA
"691",4,4,3,2,3,2
"692",3,3,4,2,5,3
"693",5,5,4,3,4,3
"694",6,4,4,2,1,4
"695",NA,NA,NA,NA,NA,NA
"696",5,4,5,3,5,4
"697",3,3,NA,2,4,3
"698",5,4,3,4,2,2
"699",4,4,5,1,5,3
"700",4,2,5,2,1,4
"701",2,1,5,1,5,1
"702",3,3,3,NA,2,4
"703",6,5,5,1,3,5
"704",4,3,5,1,1,4
"705",5,4,5,2,5,4
"706",5,3,4,2,5,4
"707",6,5,5,5,1,3
"708",5,3,5,1,5,5
"709",4,2,5,2,5,5
"710",NA,NA,NA,NA,NA,NA
"711",NA,NA,NA,NA,NA,NA
"712",NA,NA,NA,NA,NA,NA
"713",5,2,5,1,1,5
"714",5,2,5,2,1,2
"715",6,5,5,3,5,3
"716",6,3,5,2,4,1
"717",5,4,5,2,5,4
"718",4,4,2,5,4,3
"719",NA,NA,NA,NA,NA,NA
"720",5,4,2,4,4,4
"721",5,2,3,3,3,4
"722",NA,NA,NA,NA,NA,NA
"723",6,4,3,4,3,4
"724",5,4,5,4,1,3
"725",5,4,5,2,5,4
"726",5,5,4,2,1,2
"727",6,4,3,4,2,4
"728",6,5,4,3,5,4
"729",6,5,4,4,5,3
"730",6,5,3,2,1,4
"731",NA,NA,NA,NA,NA,NA
"732",5,3,5,5,1,4
"733",NA,NA,NA,NA,NA,NA
"734",5,3,5,1,4,4
"735",4,2,5,3,5,5
"736",6,3,3,1,5,2
"737",4,2,4,3,5,4
"738",5,4,5,2,5,3
"739",5,4,2,5,3,3
"740",5,5,5,2,5,4
"741",3,2,3,2,2,3
"742",5,5,5,2,4,6
"743",1,1,2,5,5,3
"744",6,5,5,3,2,2
"745",5,4,5,4,5,5
"746",5,5,5,2,2,1
"747",4,3,3,3,2,5
"748",6,4,1,5,5,6
"749",2,2,2,4,5,5
"750",6,5,5,3,1,3
"751",4,3,5,3,4,4
"752",4,3,2,5,2,4
"753",2,2,1,2,5,3
"754",5,5,5,2,5,3
"755",3,2,4,4,4,5
"756",4,4,3,3,4,2
"757",6,5,1,2,5,5
"758",4,3,5,2,1,4
"759",3,3,5,1,5,1
"760",NA,NA,NA,NA,NA,NA
"761",5,4,2,5,4,3
"762",NA,NA,NA,NA,NA,NA
"763",5,4,4,5,1,4
"764",NA,NA,NA,NA,NA,NA
"765",6,4,3,4,2,4
"766",3,3,5,2,1,3
"767",5,4,NA,5,NA,6
"768",3,3,5,2,2,5
"769",5,3,5,2,5,4
"770",3,3,4,4,4,4
"771",NA,NA,NA,NA,NA,NA
"772",5,5,5,2,1,4
"773",5,5,2,2,5,3
"774",4,4,3,2,4,5
"775",6,2,5,2,5,5
"776",6,5,5,5,5,3
"777",4,1,5,2,4,5
"778",2,2,5,2,2,2
"779",6,5,5,NA,5,4
"780",4,4,5,4,1,4
"781",4,4,5,3,5,5
"782",4,4,5,2,3,2
"783",5,3,5,4,1,2
"784",5,4,2,4,2,2
"785",3,1,4,3,2,3
"786",5,5,4,2,5,5
"787",5,5,5,1,5,4
"788",5,3,5,2,4,2
"789",2,2,5,2,5,3
"790",4,3,5,2,5,4
"791",6,4,4,2,3,4
"792",4,4,3,2,5,2
"793",NA,NA,NA,NA,NA,NA
"794",5,5,5,3,1,5
"795",5,5,5,1,5,3
"796",5,4,5,4,1,3
"797",5,4,3,2,5,2
"798",3,2,3,2,2,2
"799",5,5,5,1,5,2
"800",5,5,2,4,4,5
"801",2,2,2,1,4,2
"802",5,5,4,3,5,3
"803",6,5,1,5,5,4
"804",6,2,2,1,5,2
"805",6,5,4,2,4,6
"806",5,5,3,2,3,5
"807",5,4,4,2,5,2
"808",5,5,5,3,2,4
"809",5,4,5,3,1,5
"810",4,4,5,2,5,3
"811",5,2,1,3,1,1
"812",6,5,5,2,2,5
"813",6,5,4,4,5,4
"814",4,4,4,2,2,2
"815",6,6,2,4,4,3
"816",6,5,5,4,3,4
"817",5,4,2,1,5,5
"818",6,4,5,4,5,4
"819",4,1,5,3,4,4
"820",5,1,5,1,1,4
"821",3,3,5,3,5,3
"822",6,5,5,2,5,2
"823",3,2,4,1,1,4
"824",5,4,1,5,1,4
"825",3,3,2,4,4,2
"826",5,3,5,3,5,5
"827",5,5,2,1,2,2
"828",4,2,5,3,5,6
"829",4,2,1,5,2,3
"830",4,2,5,2,5,3
"831",5,4,5,2,5,3
"832",NA,NA,NA,NA,NA,NA
"833",3,2,3,3,2,4
"834",4,2,2,2,5,2
"835",3,2,3,4,3,3
"836",6,5,3,1,3,2
"837",NA,NA,NA,NA,NA,NA
"838",3,2,5,2,1,2
"839",5,4,5,2,5,3
"840",5,4,5,3,1,5
"841",6,5,2,1,2,3
"842",1,1,1,1,5,6
"843",NA,NA,NA,NA,NA,NA
"844",NA,NA,NA,NA,NA,NA
"845",NA,NA,NA,NA,NA,NA
"846",6,5,2,2,2,3
"847",6,3,2,4,5,1
"848",4,3,3,2,4,4
"849",5,4,5,2,2,3
"850",NA,NA,NA,NA,NA,NA
"851",5,4,5,3,5,4
"852",NA,NA,NA,NA,NA,NA
"853",6,5,5,1,5,4
"854",6,5,1,1,5,4
"855",4,2,5,2,5,3
"856",2,2,5,2,5,2
"857",6,5,5,3,5,3
"858",5,4,5,4,1,3
"859",5,3,3,3,5,4
"860",4,1,4,2,1,5
"861",2,1,3,1,1,5
"862",5,4,5,2,5,4
"863",6,4,2,5,1,3
"864",3,2,1,2,1,2
"865",4,2,4,2,1,3
"866",5,2,5,1,3,6
"867",NA,NA,NA,NA,NA,NA
"868",5,3,5,2,1,4
"869",4,2,3,2,1,2
"870",4,3,5,4,4,3
"871",5,3,4,2,3,5
"872",5,4,2,4,5,2
"873",5,3,4,2,2,3
"874",4,3,3,4,5,2
"875",NA,NA,NA,NA,NA,NA
"876",5,5,1,2,1,2
"877",6,5,5,2,5,1
"878",NA,NA,NA,NA,NA,NA
"879",4,4,4,2,2,5
"880",NA,NA,NA,NA,NA,NA
"881",NA,NA,NA,NA,NA,NA
"882",4,2,3,3,2,5
"883",4,3,2,3,5,2
"884",5,5,2,1,5,5
"885",3,2,5,2,3,6
"886",5,3,3,1,5,2
"887",6,5,4,3,2,5
"888",4,3,5,4,5,2
"889",6,4,5,4,2,4
"890",6,5,4,4,4,6
"891",4,3,5,1,1,4
"892",5,4,3,3,2,4
"893",4,4,5,2,5,3
"894",4,3,4,5,1,2
"895",4,3,5,1,1,6
"896",4,4,2,4,2,2
"897",5,2,5,2,5,5
"898",6,4,4,2,5,1
"899",NA,NA,NA,NA,NA,NA
"900",5,5,2,4,3,3
"901",6,5,1,5,1,2
"902",NA,NA,NA,NA,NA,NA
"903",NA,NA,NA,NA,NA,NA
"904",NA,NA,NA,NA,NA,NA
"905",NA,NA,NA,NA,NA,NA
"906",5,4,5,2,3,5
"907",6,4,1,1,5,4
"908",5,4,5,1,2,3
"909",6,5,5,2,5,2
"910",5,1,3,2,3,2
"911",5,5,5,2,5,2
"912",6,5,4,2,4,1
"913",3,2,4,2,3,2
"914",NA,NA,NA,NA,NA,NA
"915",5,4,5,2,2,4
"916",NA,NA,NA,NA,NA,NA
"917",5,5,3,2,4,4
"918",3,3,5,3,5,4
"919",6,5,2,3,5,3
"920",5,2,5,2,1,4
"921",5,4,5,3,5,3
"922",6,5,3,1,1,4
"923",5,5,1,5,1,2
"924",5,5,3,4,3,3
"925",NA,NA,NA,NA,NA,NA
"926",6,5,5,4,5,5
"927",4,3,4,1,1,6
"928",6,5,5,4,1,2
"929",6,5,5,5,5,2
"930",4,3,5,5,1,4
"931",6,6,5,5,5,1
"932",6,5,2,1,4,4
"933",3,2,5,5,1,6
"934",5,3,5,4,2,4
"935",NA,5,5,4,3,4
"936",3,3,3,NA,3,2
"937",NA,NA,NA,NA,NA,NA
"938",3,2,2,3,2,3
"939",6,5,5,1,2,4
"940",6,5,5,1,5,4
"941",6,5,3,4,1,3
"942",4,4,2,4,3,2
"943",5,4,5,3,1,3
"944",4,3,3,1,1,3
"945",4,4,4,2,5,2
"946",4,4,5,3,5,3
"947",5,2,5,3,1,5
"948",4,4,5,1,5,5
"949",6,5,5,2,1,3
"950",4,3,3,3,4,3
"951",3,1,1,2,1,2
"952",6,5,5,2,5,3
"953",NA,NA,NA,NA,NA,NA
"954",6,2,3,4,2,4
"955",NA,NA,NA,NA,NA,NA
"956",6,5,5,2,4,6
"957",5,5,5,2,5,3
"958",NA,NA,NA,NA,NA,NA
"959",4,3,5,2,5,3
"960",4,4,5,3,2,4
"961",NA,NA,NA,NA,NA,NA
"962",5,4,3,3,1,5
"963",6,4,3,3,1,5
"964",6,5,5,5,2,2
"965",NA,NA,NA,NA,NA,NA
"966",6,4,5,1,3,1
"967",5,4,2,5,5,3
"968",5,1,5,3,1,2
"969",6,5,5,2,2,3
"970",5,5,5,1,5,2
"971",NA,NA,NA,NA,NA,NA
"972",4,4,1,3,5,3
"973",6,4,4,4,1,4
"974",2,1,4,2,3,4
"975",4,4,5,2,4,3
"976",6,5,5,1,4,3
"977",5,2,4,2,3,4
"978",5,5,5,4,5,4
"979",6,4,3,4,3,3
"980",5,5,5,2,2,3
"981",NA,NA,NA,NA,NA,NA
"982",3,1,4,2,1,2
"983",6,1,5,3,1,3
"984",5,4,4,3,5,6
"985",5,3,3,5,5,3
"986",5,3,3,2,5,5
"987",5,4,5,3,2,3
"988",NA,NA,NA,NA,NA,NA
"989",5,2,5,1,5,2
"990",5,5,5,5,3,5
"991",NA,NA,NA,NA,NA,NA
"992",6,5,2,4,2,3
"993",NA,NA,NA,NA,NA,NA
"994",NA,NA,NA,NA,NA,NA
"995",NA,NA,NA,NA,NA,NA
"996",5,4,5,2,1,2
"997",3,2,1,1,5,5
"998",5,5,2,4,2,3
"999",3,2,4,2,4,4
"1000",6,5,4,3,5,5
"1001",5,4,5,5,2,2
"1002",4,4,5,2,1,3
"1003",5,4,2,5,2,2
"1004",5,4,3,2,5,4
"1005",6,5,4,3,1,5
"1006",6,5,5,3,2,4
"1007",NA,NA,NA,NA,NA,NA
"1008",5,5,2,3,5,3
"1009",6,5,5,1,4,4
"1010",6,5,3,4,2,3
"1011",5,4,2,3,2,4
"1012",6,4,4,4,4,2
"1013",NA,NA,NA,NA,NA,NA
"1014",5,3,4,2,5,2
"1015",6,5,5,3,4,4
"1016",5,4,5,4,5,2
"1017",NA,NA,NA,NA,NA,NA
"1018",4,4,5,3,4,3
"1019",4,4,1,2,4,3
"1020",4,3,4,3,3,3
"1021",4,3,2,2,3,4
"1022",2,2,1,5,1,5
"1023",6,4,5,5,5,4
"1024",6,5,2,3,5,3
"1025",5,3,3,4,3,3
"1026",NA,NA,NA,NA,NA,NA
"1027",5,2,4,3,1,4
"1028",6,5,2,3,2,2
"1029",4,4,3,3,5,4
"1030",6,5,1,5,4,4
"1031",3,2,1,1,1,3
"1032",5,4,5,2,3,3
"1033",6,4,5,2,5,5
"1034",6,5,5,2,5,4
"1035",NA,NA,NA,NA,NA,NA
"1036",3,1,5,3,3,3
"1037",4,4,5,2,1,4
"1038",6,5,5,5,3,5
"1039",NA,NA,NA,NA,NA,NA
"1040",6,5,5,1,3,5
"1041",6,4,5,5,2,5
"1042",NA,NA,NA,NA,NA,NA
"1043",6,5,3,5,5,4
"1044",5,4,1,1,1,2
"1045",6,5,5,4,2,4
"1046",6,5,4,5,2,5
"1047",4,2,5,2,3,4
"1048",NA,NA,NA,NA,NA,NA
"1049",4,4,3,2,2,4
"1050",5,4,1,4,4,3
"1051",6,4,5,3,5,5
"1052",5,4,4,2,1,2
"1053",5,5,5,3,5,3
"1054",5,4,4,2,4,3
"1055",4,4,1,5,3,2
"1056",4,2,5,4,2,4
"1057",6,5,5,4,5,4
"1058",NA,NA,NA,NA,NA,NA
"1059",NA,NA,NA,NA,NA,NA
"1060",4,3,5,3,1,4
"1061",6,4,2,4,5,4
"1062",6,5,5,2,4,1
"1063",6,5,1,1,5,4
"1064",NA,NA,NA,NA,NA,NA
"1065",5,3,5,2,5,4
"1066",6,5,4,2,5,4
"1067",5,5,5,3,5,4
"1068",3,1,5,2,5,2
"1069",5,2,4,4,4,3
"1070",6,6,4,3,5,3
"1071",NA,NA,NA,NA,NA,NA
"1072",5,5,4,2,2,4
"1073",NA,NA,NA,NA,NA,NA
"1074",5,5,5,3,4,3
"1075",6,5,3,1,2,6
"1076",4,3,5,2,5,3
"1077",4,1,5,2,1,2
"1078",5,3,4,3,2,4
"1079",4,4,3,2,5,4
"1080",4,3,5,NA,3,4
"1081",NA,NA,NA,NA,NA,NA
"1082",NA,NA,NA,NA,NA,NA
"1083",6,4,5,2,5,4
"1084",4,4,1,1,5,5
"1085",5,5,5,3,5,4
"1086",5,4,5,2,2,6
"1087",6,5,5,3,1,3
"1088",NA,NA,NA,NA,NA,NA
"1089",6,5,5,3,3,4
"1090",5,5,4,3,5,3
"1091",5,4,5,1,3,5
"1092",5,3,5,1,5,6
"1093",4,3,1,3,5,2
"1094",NA,NA,NA,NA,NA,NA
"1095",5,5,5,1,5,5
"1096",6,3,4,3,2,3
"1097",6,5,5,2,1,5
"1098",4,1,2,4,1,2
"1099",1,1,1,1,5,4
"1100",NA,NA,NA,NA,NA,NA
"1101",NA,NA,NA,NA,NA,NA
"1102",NA,NA,NA,NA,NA,NA
"1103",4,4,5,2,3,3
"1104",6,5,4,1,3,2
"1105",5,4,4,3,1,4
"1106",NA,NA,NA,NA,NA,NA
"1107",6,5,4,4,2,2
"1108",NA,NA,NA,NA,NA,NA
"1109",5,3,5,2,5,1
"1110",4,2,5,3,5,3
"1111",3,3,3,3,5,3
"1112",4,4,5,4,1,1
"1113",NA,NA,NA,NA,NA,NA
"1114",5,5,4,4,5,4
"1115",5,3,3,3,4,3
"1116",6,3,1,5,5,2
"1117",5,5,5,4,5,4
"1118",NA,NA,NA,NA,NA,NA
"1119",4,2,5,1,2,4
"1120",4,3,3,1,2,2
"1121",6,5,3,4,2,2
"1122",2,1,4,3,1,4
"1123",5,4,5,1,1,2
"1124",6,5,2,5,5,3
"1125",1,1,2,NA,5,2
"1126",5,4,5,1,5,2
"1127",3,4,4,1,5,3
"1128",NA,NA,NA,NA,NA,NA
"1129",NA,NA,NA,NA,NA,NA
"1130",4,3,4,3,5,4
"1131",2,2,4,4,3,2
"1132",4,4,1,NA,NA,4
"1133",3,2,2,2,3,2
"1134",NA,NA,NA,NA,NA,NA
"1135",3,3,2,2,3,2
"1136",6,6,1,5,5,5
"1137",5,4,4,3,4,4
"1138",6,5,4,3,4,4
"1139",NA,NA,NA,NA,NA,NA
"1140",6,2,1,5,5,6
"1141",NA,NA,NA,NA,NA,NA
"1142",1,1,1,1,1,2
"1143",6,4,3,3,5,2
"1144",5,4,5,2,5,3
"1145",5,2,5,3,1,3
"1146",5,5,5,2,5,6
"1147",NA,NA,NA,NA,NA,NA
"1148",6,4,5,2,5,3
"1149",5,5,5,1,1,3
"1150",NA,NA,NA,NA,NA,NA
"1151",5,4,5,4,1,4
"1152",NA,NA,NA,NA,NA,NA
"1153",5,4,5,4,5,2
"1154",6,5,5,2,5,3
"1155",NA,NA,NA,NA,NA,NA
"1156",3,2,5,2,4,2
"1157",6,5,5,1,5,1
"1158",6,5,1,1,2,2
"1159",3,3,4,2,3,2
"1160",3,2,3,3,1,4
"1161",6,4,3,1,5,5
"1162",4,3,3,5,5,2
"1163",4,4,3,2,5,3
"1164",5,5,5,1,5,4
"1165",5,4,5,1,5,2
"1166",6,4,4,3,4,4
"1167",NA,NA,NA,NA,NA,NA
"1168",6,5,2,5,5,2
"1169",NA,NA,NA,NA,NA,NA
"1170",3,2,4,2,4,4
"1171",NA,NA,NA,NA,NA,NA
"1172",5,3,5,2,5,2
"1173",4,4,5,2,5,2
"1174",NA,NA,NA,NA,NA,NA
"1175",6,5,4,3,4,4
"1176",5,5,3,3,5,5
"1177",3,1,5,2,1,4
"1178",5,5,2,1,5,3
"1179",4,4,5,3,4,2
"1180",6,4,4,4,2,3
"1181",5,4,2,2,5,4
"1182",4,4,5,2,5,2
"1183",4,3,2,2,5,3
"1184",4,4,5,2,5,2
"1185",5,2,1,5,2,4
"1186",NA,NA,NA,NA,NA,NA
"1187",NA,NA,NA,NA,NA,NA
"1188",2,2,5,1,1,3
"1189",6,3,1,5,2,4
"1190",5,4,5,2,2,6
"1191",5,4,5,2,4,4
"1192",NA,NA,NA,NA,NA,NA
"1193",5,5,5,1,5,4
"1194",6,5,4,4,3,4
"1195",3,2,5,5,5,3
"1196",NA,NA,NA,NA,NA,NA
"1197",NA,NA,NA,NA,NA,NA
"1198",NA,NA,NA,NA,NA,NA
"1199",3,1,5,2,5,4
"1200",5,4,3,4,5,3
"1201",NA,NA,NA,NA,NA,NA
"1202",6,5,4,4,5,2
"1203",5,4,3,3,4,3
"1204",NA,NA,NA,NA,NA,NA
"1205",5,5,5,3,2,3
"1206",2,3,3,4,3,4
"1207",NA,NA,NA,NA,NA,NA
"1208",NA,NA,NA,NA,NA,NA
"1209",5,5,5,3,3,2
"1210",6,4,2,3,5,3
"1211",6,5,1,5,5,3
"1212",6,3,2,1,1,2
"1213",5,4,4,3,5,5
"1214",NA,NA,NA,NA,NA,NA
"1215",5,5,5,1,5,4
"1216",6,5,3,4,5,2
"1217",3,3,2,5,5,2
"1218",3,3,5,1,5,3
"1219",6,5,4,2,2,2
"1220",6,5,5,3,1,1
"1221",6,5,5,3,1,2
"1222",6,5,5,1,5,5
"1223",5,5,5,2,1,3
"1224",5,3,2,1,5,3
"1225",4,2,5,2,5,2
"1226",6,5,5,4,3,4
"1227",NA,NA,NA,NA,NA,NA
"1228",5,5,5,1,5,3
"1229",3,3,5,2,5,5
"1230",6,5,5,2,4,3
"1231",4,3,3,2,5,2
"1232",4,1,5,1,4,5
"1233",5,3,5,3,1,2
"1234",NA,NA,NA,NA,NA,NA
"1235",1,1,1,1,1,1
"1236",2,2,2,4,5,5
"1237",NA,NA,NA,NA,NA,NA
"1238",5,5,2,5,5,2
"1239",6,4,5,3,2,5
"1240",2,1,1,5,4,3
"1241",5,4,5,1,5,2
"1242",NA,NA,NA,NA,NA,NA
"1243",NA,NA,NA,NA,NA,NA
"1244",6,5,3,1,5,1
"1245",4,3,5,2,1,5
"1246",5,5,3,3,3,4
"1247",NA,NA,NA,NA,NA,NA
"1248",5,3,5,3,NA,5
"1249",NA,NA,NA,NA,NA,NA
"1250",NA,NA,NA,NA,NA,NA
"1251",6,5,5,2,5,4
"1252",3,2,4,3,4,2
"1253",4,3,5,3,1,3
"1254",5,1,4,2,1,5
"1255",NA,NA,NA,NA,NA,NA
"1256",5,5,5,2,2,6
"1257",5,5,3,3,3,3
"1258",2,1,2,2,2,2
"1259",5,5,4,2,5,4
"1260",NA,NA,NA,NA,NA,NA
"1261",NA,NA,NA,NA,NA,NA
"1262",5,2,4,2,4,4
"1263",4,3,5,1,5,2
"1264",NA,NA,NA,NA,NA,NA
"1265",2,2,5,2,5,2
"1266",4,3,5,5,3,3
"1267",4,4,1,2,2,3
"1268",3,2,5,3,2,5
"1269",3,2,5,2,2,4
"1270",NA,NA,NA,NA,NA,NA
"1271",6,5,5,2,5,2
"1272",NA,NA,NA,NA,NA,NA
"1273",6,4,2,2,2,4
"1274",NA,NA,NA,NA,NA,NA
"1275",NA,NA,NA,NA,NA,NA
"1276",4,3,5,3,1,2
"1277",1,2,1,5,4,2
"1278",5,5,3,4,3,4
"1279",4,3,4,2,2,4
"1280",1,2,2,4,5,5
"1281",6,5,5,3,3,1
"1282",6,5,3,4,5,4
"1283",NA,NA,NA,NA,NA,NA
"1284",5,2,1,5,1,4
"1285",3,2,2,1,4,2
"1286",2,2,5,1,4,3
"1287",6,4,4,3,2,4
"1288",6,6,3,3,5,4
"1289",3,2,2,4,5,2
"1290",NA,NA,NA,NA,NA,NA
"1291",NA,NA,NA,NA,NA,NA
"1292",NA,NA,NA,NA,NA,NA
"1293",4,3,5,2,2,2
"1294",2,2,4,3,5,3
"1295",3,2,2,3,5,2
"1296",5,3,5,1,1,4
"1297",5,5,2,5,5,2
"1298",5,4,2,3,2,2
"1299",4,3,3,4,5,4
"1300",NA,NA,NA,NA,NA,NA
"1301",6,5,5,5,4,3
"1302",5,4,1,5,5,4
"1303",5,3,3,4,1,5
"1304",5,4,4,3,1,2
"1305",5,3,5,1,1,3
"1306",4,4,4,4,3,3
"1307",5,4,2,2,5,3
"1308",5,4,1,1,1,2
"1309",NA,NA,NA,NA,NA,NA
"1310",4,4,1,5,5,2
"1311",6,4,4,1,5,3
"1312",3,2,3,3,1,3
"1313",4,2,5,2,5,5
"1314",3,1,5,1,1,5
"1315",6,5,5,1,4,4
"1316",NA,NA,NA,NA,NA,NA
"1317",4,4,5,3,2,2
"1318",5,2,5,4,1,4
"1319",5,5,4,2,4,5
"1320",NA,NA,NA,NA,NA,NA
"1321",5,1,3,1,1,4
"1322",4,4,4,2,4,5
"1323",5,5,5,5,5,6
"1324",6,5,5,1,5,2
"1325",5,4,5,2,4,4
"1326",6,5,5,1,1,1
"1327",6,5,4,2,5,4
"1328",5,5,2,5,1,2
"1329",5,4,5,3,5,3
"1330",6,4,2,3,2,4
"1331",NA,NA,NA,NA,NA,NA
"1332",5,5,1,2,5,2
"1333",NA,NA,NA,NA,NA,NA
"1334",NA,NA,NA,NA,NA,NA
"1335",6,5,5,4,1,4
"1336",4,3,1,5,5,2
"1337",6,5,3,3,5,3
"1338",2,1,5,2,1,3
"1339",6,5,2,3,5,2
"1340",3,3,4,2,2,4
"1341",4,4,5,1,2,2
"1342",6,4,5,2,2,4
"1343",2,2,4,3,1,3
"1344",NA,NA,NA,NA,NA,NA
"1345",4,3,5,3,5,4
"1346",6,5,5,3,4,4
"1347",4,3,2,1,3,4
"1348",NA,NA,NA,NA,NA,NA
"1349",4,2,5,2,5,5
"1350",6,5,1,1,5,2
"1351",5,4,4,2,3,5
"1352",5,3,5,4,5,2
"1353",5,5,2,1,5,3
"1354",NA,NA,NA,NA,NA,NA
"1355",3,1,2,3,5,4
"1356",NA,NA,NA,NA,NA,NA
"1357",5,4,1,5,4,4
"1358",NA,NA,NA,NA,NA,NA
"1359",3,2,2,1,2,1
"1360",5,5,2,4,5,3
"1361",5,3,5,2,3,3
"1362",6,5,3,4,5,4
"1363",3,1,5,2,4,2
"1364",5,5,5,4,2,3
"1365",5,4,4,3,3,2
"1366",3,1,5,3,1,6
"1367",4,4,3,3,3,4
"1368",5,5,5,2,5,4
"1369",5,4,2,4,3,4
"1370",4,3,5,2,5,6
"1371",4,4,3,1,1,2
"1372",5,5,5,4,4,4
"1373",6,5,5,4,2,5
"1374",5,4,5,1,5,4
"1375",NA,NA,NA,NA,NA,NA
"1376",1,1,1,1,1,1
"1377",4,2,4,4,4,2
"1378",3,1,3,4,1,2
"1379",5,3,4,1,5,3
"1380",3,3,5,2,4,5
"1381",NA,NA,NA,NA,NA,NA
"1382",6,1,5,2,1,5
"1383",NA,NA,NA,NA,NA,NA
"1384",5,4,4,3,5,5
"1385",6,3,5,2,4,3
"1386",6,5,4,2,5,4
"1387",6,5,4,3,2,3
"1388",3,2,4,3,2,4
"1389",4,4,2,4,5,3
"1390",6,5,1,1,5,2
"1391",4,3,3,3,1,5
"1392",NA,NA,NA,NA,NA,NA
"1393",5,5,3,3,3,5
"1394",6,3,1,1,3,2
"1395",5,4,2,1,3,4
"1396",6,5,5,4,1,2
"1397",NA,NA,NA,NA,NA,NA
"1398",5,4,5,3,1,3
"1399",5,3,5,3,4,5
"1400",5,5,4,2,4,4
"1401",NA,NA,NA,NA,NA,NA
"1402",6,5,3,4,5,2
"1403",NA,NA,NA,NA,NA,NA
"1404",3,2,5,3,4,3
"1405",2,2,3,3,5,4
"1406",6,5,4,2,2,3
"1407",4,2,5,2,5,3
"1408",5,4,5,3,3,2
"1409",6,5,2,3,3,2
"1410",6,5,1,1,1,2
"1411",NA,NA,NA,NA,NA,NA
"1412",5,5,4,4,5,4
"1413",NA,NA,NA,NA,NA,NA
"1414",NA,NA,NA,NA,NA,NA
"1415",4,2,2,1,1,4
"1416",5,4,3,3,3,4
"1417",3,2,5,2,2,3
"1418",3,3,3,3,5,6
"1419",6,5,4,5,1,4
"1420",6,5,5,4,2,4
"1421",6,5,5,5,1,4
"1422",3,2,3,2,1,4
"1423",6,4,3,3,5,5
"1424",5,5,3,3,1,6
"1425",5,4,3,5,4,4
"1426",6,5,5,2,5,4
"1427",5,2,2,5,3,2
"1428",NA,NA,NA,NA,NA,NA
"1429",6,5,1,5,5,4
"1430",NA,NA,NA,NA,NA,NA
"1431",4,3,5,1,3,5
"1432",5,5,2,5,5,2
"1433",NA,NA,NA,NA,NA,NA
"1434",6,5,5,2,5,4
"1435",5,4,5,3,2,2
"1436",4,3,4,3,2,4
"1437",4,2,2,4,1,2
"1438",4,3,5,2,1,3
"1439",6,5,5,5,3,3
"1440",6,5,2,2,1,2
"1441",5,3,5,3,4,4
"1442",3,2,1,2,3,4
"1443",4,4,5,3,5,3
"1444",3,1,1,1,2,6
"1445",4,2,5,1,1,2
"1446",4,3,5,2,5,5
"1447",NA,NA,NA,NA,NA,NA
"1448",4,3,5,3,4,3
"1449",3,3,4,3,3,4
"1450",5,5,3,2,1,3
"1451",5,5,5,2,5,4
"1452",6,5,5,2,5,6
"1453",5,3,4,3,3,2
"1454",1,6,5,5,5,1
"1455",4,4,5,1,1,4
"1456",6,3,5,2,4,4
"1457",6,5,2,3,2,2
"1458",NA,NA,NA,NA,NA,NA
"1459",5,4,4,2,5,3
"1460",3,2,5,2,1,5
"1461",5,5,2,4,5,3
"1462",4,3,5,2,4,2
"1463",6,5,5,3,1,3
"1464",3,2,1,1,5,2
"1465",5,5,2,5,1,2
"1466",4,3,4,3,5,4
"1467",6,6,3,4,2,3
"1468",6,6,1,1,1,2
"1469",6,5,5,4,1,3
"1470",NA,NA,NA,NA,NA,NA
"1471",5,5,3,5,5,3
"1472",5,5,5,2,2,4
"1473",6,5,4,2,3,4
"1474",5,4,1,NA,NA,NA
"1475",5,4,5,2,2,4
"1476",5,5,5,1,NA,3
"1477",6,1,5,3,1,2
"1478",NA,NA,NA,NA,NA,NA
"1479",3,3,5,4,3,4
"1480",3,2,5,1,5,4
"1481",5,2,3,3,2,3
"1482",NA,NA,NA,NA,NA,NA
"1483",5,5,4,1,5,3
"1484",6,2,2,1,1,4
"1485",6,5,3,1,5,4
"1486",5,4,5,4,5,3
"1487",NA,NA,NA,NA,NA,NA
"1488",6,5,5,3,5,NA
"1489",5,4,2,2,4,4
"1490",6,5,5,4,5,2
"1491",5,4,5,1,4,2
"1492",5,5,2,5,4,2
"1493",6,5,3,1,3,3
"1494",NA,NA,NA,NA,NA,NA
"1495",4,3,5,3,5,4
"1496",4,3,5,2,5,1
"1497",NA,NA,NA,NA,NA,NA
"1498",2,2,2,NA,1,2
"1499",4,3,4,2,4,4
"1500",NA,NA,NA,NA,NA,NA
"1501",5,4,5,4,1,3
"1502",6,4,2,5,5,2
"1503",NA,NA,NA,NA,NA,NA
"1504",NA,NA,NA,NA,NA,NA
"1505",4,2,3,1,1,3
"1506",5,3,3,5,2,1
"1507",NA,NA,NA,NA,NA,NA
"1508",6,5,4,3,4,4
"1509",5,4,1,4,1,3
"1510",6,6,5,1,5,2
"1511",3,2,4,3,3,6
"1512",3,1,2,4,2,4
"1513",NA,NA,NA,NA,NA,NA
"1514",5,5,4,3,5,4
"1515",4,4,5,3,1,5
"1516",5,4,2,4,5,3
"1517",6,5,5,2,5,4
"1518",NA,NA,NA,NA,NA,NA
"1519",4,4,2,5,4,2
"1520",6,5,4,3,4,4
"1521",3,3,3,4,4,2
"1522",NA,NA,NA,NA,NA,NA
"1523",6,4,1,3,5,2
"1524",NA,NA,NA,NA,NA,NA
"1525",4,4,5,4,3,3
"1526",6,5,5,2,5,3
"1527",4,4,5,1,5,5
"1528",NA,NA,NA,NA,NA,NA
"1529",6,4,2,2,3,4
"1530",3,3,3,4,5,2
"1531",2,2,3,4,2,3
"1532",6,4,3,4,5,4
"1533",6,5,3,3,4,5
"1534",6,5,5,2,5,4
"1535",NA,NA,NA,NA,NA,NA
"1536",NA,NA,NA,NA,NA,NA
"1537",6,3,3,5,1,2
"1538",6,5,1,1,5,4
"1539",4,3,5,4,2,4
"1540",NA,NA,NA,NA,NA,NA
"1541",4,4,2,3,4,6
"1542",6,2,2,5,5,3
"1543",5,5,3,3,2,2
"1544",2,6,5,4,2,6
"1545",5,4,5,4,1,3
"1546",5,4,NA,2,2,2
"1547",4,3,2,4,2,2
"1548",6,5,2,4,5,4
"1549",NA,NA,NA,NA,NA,NA
"1550",5,5,5,2,4,3
"1551",2,1,3,NA,1,4
"1552",5,4,5,3,1,2
"1553",5,5,5,3,5,3
"1554",5,4,2,5,5,2
"1555",3,2,3,4,5,2
"1556",6,5,5,4,2,4
"1557",5,3,5,3,5,4
"1558",3,1,5,3,5,3
"1559",6,2,3,3,4,4
"1560",5,4,5,3,5,3
"1561",4,3,5,2,4,5
"1562",4,2,1,1,4,5
"1563",6,5,3,4,1,2
"1564",NA,NA,NA,NA,NA,NA
"1565",5,5,4,4,5,3
"1566",NA,NA,NA,NA,NA,NA
"1567",5,5,5,2,2,5
"1568",NA,NA,NA,NA,NA,NA
"1569",6,3,1,5,2,2
"1570",6,5,5,2,1,3
"1571",6,4,3,2,2,2
"1572",6,5,2,1,5,2
"1573",6,1,5,1,2,4
"1574",NA,NA,NA,NA,NA,NA
"1575",5,4,5,2,4,4
"1576",4,1,5,3,1,6
"1577",6,5,2,1,5,2
"1578",6,5,1,1,4,5
"1579",6,4,5,1,1,4
"1580",4,2,5,2,1,2
"1581",NA,NA,NA,NA,NA,NA
"1582",5,1,NA,2,1,4
"1583",NA,NA,NA,NA,NA,NA
"1584",5,4,2,2,2,4
"1585",4,4,2,4,3,1
"1586",4,3,4,4,4,3
"1587",5,3,3,4,3,4
"1588",2,2,5,3,3,4
"1589",5,4,5,5,1,4
"1590",NA,NA,NA,NA,NA,NA
"1591",3,3,3,1,1,4
"1592",5,4,3,2,5,6
"1593",5,3,5,3,1,4
"1594",6,3,3,5,1,2
"1595",5,4,2,4,4,2
"1596",2,2,2,1,5,3
"1597",5,5,3,4,5,2
"1598",6,5,5,3,5,5
"1599",3,2,5,2,3,2
"1600",5,5,5,4,5,1
"1601",6,3,5,3,1,2
"1602",NA,NA,NA,NA,NA,NA
"1603",6,5,2,3,5,4
"1604",3,2,3,4,3,3
"1605",NA,NA,NA,NA,NA,NA
"1606",3,2,5,2,5,2
"1607",6,5,5,2,1,1
"1608",4,4,5,4,5,2
"1609",6,4,4,2,2,2
"1610",5,5,5,1,5,4
"1611",3,2,2,3,3,3
"1612",4,3,5,2,5,6
"1613",5,3,2,5,2,2
"1614",6,4,5,1,2,5
"1615",6,5,4,2,2,3
"1616",6,5,5,3,5,4
"1617",3,3,2,2,1,4
"1618",6,5,5,3,1,3
"1619",6,4,5,5,5,3
"1620",4,3,2,2,4,2
"1621",5,4,5,3,5,5
"1622",NA,NA,NA,NA,NA,NA
"1623",6,5,4,3,1,5
"1624",NA,NA,NA,NA,NA,NA
"1625",5,5,2,2,5,3
"1626",4,4,5,1,5,6
"1627",6,1,4,3,4,2
"1628",3,2,1,1,4,3
"1629",2,2,5,1,5,2
"1630",5,4,5,2,5,2
"1631",5,3,2,4,2,3
"1632",6,5,3,5,5,3
"1633",4,3,3,3,1,4
"1634",4,3,2,5,1,4
"1635",5,4,2,5,4,4
"1636",3,3,5,2,4,3
"1637",5,1,4,3,1,4
"1638",NA,NA,NA,NA,NA,NA
"1639",6,4,3,4,2,3
"1640",6,5,3,3,2,2
"1641",6,5,4,3,5,3
"1642",6,5,4,3,2,2
"1643",5,5,1,3,5,2
"1644",5,4,5,2,5,6
"1645",5,5,5,2,4,3
"1646",5,4,5,2,5,3
"1647",4,4,3,3,4,4
"1648",NA,NA,NA,NA,NA,NA
"1649",3,3,5,1,5,2
"1650",6,5,3,3,3,4
"1651",5,5,4,2,4,4
"1652",4,2,2,4,2,3
"1653",4,4,5,1,5,5
"1654",6,5,4,3,5,5
"1655",NA,NA,NA,NA,NA,NA
"1656",6,6,1,4,1,2
"1657",4,4,5,2,1,3
"1658",4,2,5,4,4,3
"1659",5,5,5,2,5,3
"1660",NA,NA,NA,NA,NA,NA
"1661",2,3,3,2,2,NA
"1662",5,5,5,3,5,3
"1663",6,5,5,2,5,4
"1664",6,5,2,5,1,2
"1665",6,5,4,4,4,4
"1666",5,4,3,1,2,2
"1667",5,4,5,3,5,4
"1668",6,5,5,4,3,5
"1669",4,3,4,4,1,4
"1670",6,4,5,1,5,2
"1671",3,1,3,1,5,2
"1672",5,4,5,3,4,5
"1673",5,1,4,3,1,6
"1674",6,5,5,2,5,5
"1675",NA,NA,NA,NA,NA,NA
"1676",6,6,5,5,5,4
"1677",5,5,5,2,5,2
"1678",4,4,5,5,5,4
"1679",NA,NA,NA,NA,NA,NA
"1680",NA,NA,NA,NA,NA,NA
"1681",4,2,4,3,5,3
"1682",6,5,NA,2,5,2
"1683",5,4,5,5,1,5
"1684",NA,NA,NA,NA,NA,NA
"1685",3,3,2,1,4,4
"1686",NA,NA,NA,NA,NA,NA
"1687",NA,NA,NA,NA,NA,NA
"1688",NA,NA,NA,NA,NA,NA
"1689",6,3,5,4,1,2
"1690",5,4,5,2,5,3
"1691",3,3,2,4,5,4
"1692",NA,NA,NA,NA,NA,NA
"1693",5,4,3,4,2,5
"1694",6,5,4,3,4,2
"1695",NA,NA,NA,NA,NA,NA
"1696",NA,NA,NA,NA,NA,NA
"1697",NA,NA,NA,NA,NA,NA
"1698",3,2,3,4,5,5
"1699",5,4,4,3,5,3
"1700",5,5,5,4,2,4
"1701",4,4,4,2,3,1
"1702",6,5,5,1,5,4
"1703",NA,NA,NA,NA,NA,NA
"1704",2,2,1,1,2,1
"1705",6,4,5,5,5,4
"1706",3,3,5,1,5,1
"1707",NA,NA,NA,NA,NA,NA
"1708",6,5,1,1,2,3
"1709",5,NA,4,3,2,3
"1710",4,3,5,2,1,3
"1711",6,5,5,1,1,4
"1712",3,1,5,1,3,3
"1713",3,2,5,1,5,3
"1714",4,4,5,3,5,4
"1715",5,5,5,2,5,4
"1716",NA,NA,NA,NA,NA,NA
"1717",4,3,4,2,5,3
"1718",3,3,3,2,2,1
"1719",6,5,2,3,5,3
"1720",6,5,5,2,2,2
"1721",4,4,5,2,2,3
"1722",3,2,5,1,5,4
"1723",6,5,1,1,5,2
"1724",4,4,5,3,5,2
"1725",5,5,3,5,3,1
"1726",3,3,3,3,1,2
"1727",NA,NA,NA,NA,NA,NA
"1728",5,2,5,5,2,5
"1729",6,2,5,3,3,5
"1730",3,2,4,2,2,2
"1731",NA,NA,NA,NA,NA,NA
"1732",5,4,4,2,5,2
"1733",5,4,4,2,5,3
"1734",6,5,3,4,3,3
"1735",NA,NA,NA,NA,NA,NA
"1736",6,4,5,3,5,4
"1737",5,4,5,3,4,6
"1738",6,4,4,3,5,2
"1739",NA,NA,NA,NA,NA,NA
"1740",3,3,2,2,2,2
"1741",NA,NA,NA,NA,NA,NA
"1742",6,2,2,4,4,4
"1743",NA,NA,NA,NA,NA,NA
"1744",NA,NA,NA,NA,NA,NA
"1745",4,3,5,5,5,2
"1746",5,4,5,2,5,3
"1747",4,NA,NA,NA,NA,NA
"1748",5,4,5,1,5,4
"1749",4,2,5,3,5,4
"1750",4,2,5,2,1,2
"1751",1,1,1,1,1,1
"1752",5,2,4,3,1,4
"1753",5,2,5,2,3,1
"1754",5,4,3,4,1,3
"1755",NA,NA,NA,NA,NA,NA
"1756",3,3,4,3,1,3
"1757",3,3,1,3,3,3
"1758",6,4,5,3,4,1
"1759",6,5,3,4,5,4
"1760",5,4,5,3,5,3
"1761",NA,NA,NA,NA,NA,NA
"1762",4,2,5,2,1,6
"1763",5,4,1,2,1,4
"1764",NA,NA,NA,NA,NA,NA
"1765",NA,NA,NA,NA,NA,NA
"1766",5,5,4,2,5,4
"1767",5,5,4,2,2,3
"1768",3,3,5,3,4,5
"1769",NA,NA,NA,NA,NA,NA
"1770",6,4,2,4,2,2
"1771",6,5,3,2,5,3
"1772",6,4,2,1,1,4
"1773",6,4,4,2,3,2
"1774",5,5,5,2,4,5
"1775",3,3,4,3,4,2
"1776",4,3,2,3,3,3
"1777",NA,NA,NA,NA,NA,NA
"1778",5,1,3,3,2,5
"1779",3,1,5,1,1,4
"1780",3,2,2,5,5,4
"1781",5,4,5,3,5,3
"1782",NA,NA,NA,NA,NA,NA
"1783",5,5,1,5,5,2
"1784",6,5,4,3,1,4
"1785",4,2,5,3,2,4
"1786",5,5,3,5,2,4
"1787",4,3,5,2,4,6
"1788",5,4,3,2,5,4
"1789",5,4,5,3,5,5
"1790",6,5,3,3,4,3
"1791",5,3,4,2,5,3
"1792",6,5,2,3,3,3
"1793",5,1,4,3,1,4
"1794",5,4,5,2,5,3
"1795",6,5,2,2,1,6
"1796",5,3,5,3,4,3
"1797",6,5,5,1,2,4
"1798",NA,NA,NA,NA,NA,NA
"1799",4,1,5,3,1,3
"1800",NA,NA,NA,NA,NA,NA
"1801",4,4,5,2,5,2
"1802",6,5,4,3,4,3
"1803",6,5,1,2,4,3
"1804",5,5,5,1,5,2
"1805",5,4,4,3,3,4
"1806",4,3,5,2,1,6
"1807",NA,NA,NA,NA,NA,NA
"1808",NA,NA,NA,NA,NA,NA
"1809",5,3,5,4,1,2
"1810",2,1,5,3,1,5
"1811",6,5,3,4,5,6
"1812",NA,NA,NA,NA,NA,NA
"1813",NA,NA,NA,NA,NA,NA
"1814",6,4,3,4,5,5
"1815",NA,NA,NA,NA,NA,NA
"1816",5,5,2,1,5,3
"1817",6,5,3,3,1,2
"1818",5,3,4,2,2,4
"1819",6,5,2,5,3,3
"1820",3,2,5,2,1,4
"1821",4,3,3,1,3,2
"1822",NA,NA,NA,NA,NA,NA
"1823",4,4,5,2,5,1
"1824",4,4,5,2,3,5
"1825",6,5,5,2,1,5
"1826",6,2,5,1,5,6
"1827",6,3,4,3,1,3
"1828",5,4,5,4,5,2
"1829",NA,NA,NA,NA,NA,NA
"1830",3,4,1,NA,NA,4
"1831",NA,NA,NA,NA,NA,NA
"1832",5,2,4,2,3,4
"1833",3,2,5,2,5,2
"1834",NA,NA,NA,NA,NA,NA
"1835",NA,NA,NA,NA,NA,NA
"1836",5,4,4,3,4,3
"1837",NA,NA,NA,NA,NA,NA
"1838",NA,NA,NA,NA,NA,NA
"1839",5,4,4,3,4,3
"1840",6,5,5,3,5,3
"1841",5,4,4,3,5,3
"1842",5,4,5,1,5,6
"1843",4,3,5,2,5,3
"1844",6,5,4,2,5,2
"1845",5,5,5,1,5,5
"1846",NA,NA,NA,NA,NA,NA
"1847",6,4,5,1,4,3
"1848",4,4,5,2,4,3
"1849",6,5,5,2,5,3
"1850",5,3,5,3,5,2
"1851",3,2,5,2,5,4
"1852",5,3,5,1,3,5
"1853",4,2,2,2,3,4
"1854",6,5,5,1,5,2
"1855",6,4,1,5,1,2
"1856",NA,NA,NA,NA,NA,NA
"1857",3,3,3,2,3,1
"1858",5,3,5,2,3,4
"1859",6,5,3,3,5,2
"1860",4,4,3,2,5,4
"1861",6,5,2,5,3,3
"1862",5,4,5,2,4,3
"1863",6,5,4,4,5,4
"1864",5,4,1,3,2,3
"1865",5,5,3,4,5,2
"1866",5,5,2,2,4,3
"1867",4,4,2,2,2,1
"1868",6,5,5,2,3,4
"1869",6,4,3,3,4,2
"1870",6,4,5,3,1,5
"1871",NA,NA,NA,NA,NA,NA
"1872",5,5,5,2,2,4
"1873",NA,NA,NA,NA,NA,NA
"1874",4,3,3,3,4,4
"1875",5,4,2,5,1,4
"1876",5,5,5,3,5,3
"1877",5,4,5,3,5,4
"1878",6,5,4,3,4,4
"1879",6,5,4,3,5,5
"1880",6,6,4,2,5,4
"1881",NA,NA,NA,NA,NA,NA
"1882",NA,NA,NA,NA,NA,NA
"1883",6,5,2,5,1,4
"1884",6,4,1,1,1,2
"1885",5,2,5,2,5,2
"1886",3,3,1,1,5,3
"1887",3,2,3,1,5,4
"1888",5,5,5,2,5,4
"1889",5,5,4,2,4,2
"1890",NA,NA,NA,NA,NA,NA
"1891",3,1,5,1,1,1
"1892",5,4,4,3,3,4
"1893",5,4,3,3,2,3
"1894",4,3,4,2,2,5
"1895",6,4,4,2,1,5
"1896",5,5,5,4,5,2
"1897",6,5,5,2,1,3
"1898",5,4,4,3,5,2
"1899",5,4,2,2,4,3
"1900",4,4,5,3,1,4
"1901",6,4,2,2,1,2
"1902",5,4,5,1,1,2
"1903",6,5,5,3,5,4
"1904",5,5,3,4,4,5
"1905",6,4,5,4,3,2
"1906",6,4,4,1,1,2
"1907",NA,NA,NA,NA,NA,NA
"1908",4,4,1,5,5,2
"1909",NA,NA,NA,NA,NA,NA
"1910",6,5,5,3,5,2
"1911",5,5,5,2,3,6
"1912",5,5,5,1,5,6
"1913",5,3,3,3,3,3
"1914",6,4,5,3,1,4
"1915",3,1,5,2,1,3
"1916",NA,NA,NA,NA,NA,NA
"1917",NA,NA,NA,NA,NA,NA
"1918",NA,NA,NA,NA,NA,NA
"1919",NA,NA,NA,NA,NA,NA
"1920",6,5,5,3,2,2
"1921",NA,NA,NA,NA,NA,NA
"1922",5,4,2,3,2,4
"1923",6,5,5,5,5,2
"1924",5,4,3,3,3,2
"1925",6,2,1,5,1,4
"1926",NA,NA,NA,NA,NA,NA
"1927",5,3,5,1,2,4
"1928",NA,NA,NA,NA,NA,NA
"1929",5,5,2,2,5,4
"1930",6,5,5,2,5,4
"1931",5,5,2,1,4,2
"1932",2,1,4,2,1,2
"1933",6,4,1,3,4,2
"1934",6,6,4,3,5,3
"1935",4,3,5,2,2,4
"1936",5,5,5,3,2,2
"1937",4,4,2,5,5,3
"1938",2,1,2,2,2,2
"1939",5,5,5,1,4,4
"1940",2,1,1,5,1,2
"1941",6,5,5,2,2,3
"1942",6,4,4,2,3,3
"1943",5,5,4,4,2,3
"1944",3,2,3,1,5,4
"1945",NA,NA,NA,NA,NA,NA
"1946",NA,6,2,3,5,3
"1947",NA,NA,NA,NA,NA,NA
"1948",2,1,1,1,1,3
"1949",6,5,4,3,2,4
"1950",4,3,5,2,4,4
"1951",5,4,3,2,1,3
"1952",5,4,4,2,5,1
"1953",5,5,2,1,5,2
"1954",4,3,5,1,5,3
"1955",3,3,3,3,5,4
"1956",4,2,3,2,2,2
"1957",5,4,5,2,1,5
"1958",5,4,5,2,5,2
"1959",5,4,4,3,5,4
"1960",NA,NA,NA,NA,NA,NA
"1961",6,2,2,1,1,4
"1962",5,5,3,3,4,4
"1963",3,3,5,2,5,4
"1964",NA,NA,NA,NA,NA,NA
"1965",5,3,5,2,3,3
"1966",4,3,5,3,5,5
"1967",2,2,1,1,1,3
"1968",NA,NA,NA,NA,NA,NA
"1969",5,4,5,3,5,4
"1970",NA,NA,NA,NA,NA,NA
"1971",5,5,4,4,5,3
"1972",3,2,2,1,1,4
"1973",4,3,5,2,4,2
"1974",5,5,5,4,2,4
"1975",5,4,3,4,5,2
"1976",6,4,5,3,2,4
"1977",2,1,1,1,5,2
"1978",6,4,5,2,2,4
"1979",6,5,5,4,2,4
"1980",NA,NA,NA,NA,NA,NA
"1981",5,3,4,3,4,3
"1982",6,5,5,1,5,4
"1983",6,5,3,4,3,5
"1984",NA,NA,NA,NA,NA,NA
"1985",4,3,1,1,5,4
"1986",6,5,5,3,1,4
"1987",6,4,3,3,5,4
"1988",4,4,5,1,5,2
"1989",6,5,5,1,5,2
"1990",3,2,4,4,5,2
"1991",4,2,3,4,3,4
"1992",4,1,2,4,1,4
"1993",3,3,1,1,5,3
"1994",4,3,5,2,4,2
"1995",6,5,5,2,2,4
"1996",6,4,1,5,1,2
"1997",2,2,4,1,5,4
"1998",NA,NA,NA,NA,NA,NA
"1999",3,3,1,1,5,5
"2000",2,2,4,3,1,2
"2001",5,4,5,3,4,4
"2002",1,1,3,3,1,3
"2003",4,3,1,5,4,3
"2004",NA,NA,NA,NA,NA,NA
"2005",6,5,5,3,5,4
"2006",6,5,4,2,3,2
"2007",5,3,4,4,2,3
"2008",5,2,5,2,2,4
"2009",4,3,2,2,5,3
"2010",2,1,2,1,1,6
"2011",5,4,3,4,4,2
"2012",6,5,1,1,5,3
"2013",NA,NA,NA,NA,NA,NA
"2014",5,4,3,1,5,5
"2015",4,3,2,2,4,2
"2016",4,2,5,1,5,4
"2017",6,5,5,2,1,5
"2018",3,3,1,2,1,1
"2019",5,2,3,4,2,3
"2020",6,5,3,3,2,2
"2021",NA,NA,NA,NA,NA,NA
"2022",5,5,2,2,5,4
"2023",5,5,5,2,4,4
"2024",4,3,4,3,1,4
"2025",NA,NA,5,3,5,2
"2026",4,4,3,2,2,4
"2027",NA,NA,NA,NA,NA,NA
"2028",4,2,5,2,1,4
"2029",4,1,5,2,1,4
"2030",NA,NA,NA,NA,NA,NA
"2031",4,4,5,4,5,1
"2032",NA,NA,NA,NA,NA,NA
"2033",6,4,4,5,5,4
"2034",6,3,5,1,1,3
"2035",NA,NA,NA,NA,NA,NA
"2036",6,5,5,1,5,4
"2037",6,5,5,3,5,NA
"2038",NA,NA,NA,NA,NA,NA
"2039",6,5,5,2,2,4
"2040",5,3,5,3,5,4
"2041",4,4,4,2,5,1
"2042",5,4,3,2,2,3
"2043",4,2,5,1,5,6
"2044",6,5,2,3,2,3
"2045",6,3,3,3,3,3
"2046",6,5,5,2,5,4
"2047",NA,NA,NA,NA,NA,NA
"2048",NA,NA,NA,NA,NA,NA
"2049",5,3,5,2,5,4
"2050",5,3,5,4,1,3
"2051",4,4,5,4,2,3
"2052",NA,NA,NA,NA,NA,NA
"2053",3,2,5,2,NA,3
"2054",6,5,5,2,2,2
"2055",5,4,5,3,5,2
"2056",4,4,5,3,5,4
"2057",5,4,5,4,1,3
"2058",3,2,5,2,3,2
"2059",5,5,3,2,1,4
"2060",4,1,2,2,1,2
"2061",NA,NA,NA,NA,NA,NA
"2062",5,3,1,4,3,4
"2063",NA,NA,NA,NA,NA,NA
"2064",5,4,2,3,1,2
"2065",NA,NA,NA,NA,NA,NA
"2066",6,4,4,NA,NA,NA
"2067",5,5,3,3,5,2
"2068",6,4,2,1,2,3
"2069",4,2,5,2,5,5
"2070",5,4,5,1,2,1
"2071",5,3,4,2,4,4
"2072",4,2,3,2,3,6
"2073",NA,NA,NA,NA,NA,NA
"2074",5,4,5,2,2,3
"2075",3,1,2,4,1,2
"2076",5,4,3,1,3,3
"2077",4,3,5,3,3,5
"2078",3,2,5,NA,5,4
"2079",5,4,2,5,1,5
"2080",5,3,4,3,3,1
"2081",3,2,4,3,4,3
"2082",NA,NA,NA,NA,NA,NA
"2083",3,3,5,2,5,2
"2084",4,4,5,2,1,6
"2085",5,3,4,2,1,5
"2086",6,5,5,2,5,6
"2087",6,5,5,1,5,3
"2088",5,5,5,5,5,3
"2089",NA,NA,NA,NA,NA,NA
"2090",3,3,5,1,4,4
"2091",6,5,2,5,4,3
"2092",5,4,3,1,5,5
"2093",5,4,5,NA,5,2
"2094",4,4,5,3,3,4
"2095",4,4,4,1,5,4
"2096",NA,NA,NA,NA,NA,NA
"2097",3,2,3,2,2,5
"2098",3,3,4,3,5,4
"2099",6,4,2,3,5,4
"2100",NA,NA,NA,NA,NA,NA
"2101",6,5,4,4,4,3
"2102",4,4,5,2,5,2
"2103",NA,NA,NA,NA,NA,NA
"2104",5,5,NA,3,1,4
"2105",6,3,1,1,4,2
"2106",4,3,4,3,5,4
"2107",NA,NA,NA,NA,NA,NA
"2108",5,4,1,5,5,3
"2109",2,1,1,2,5,1
"2110",5,4,5,2,5,2
"2111",4,4,3,3,1,2
"2112",5,4,4,4,1,3
"2113",NA,NA,NA,NA,NA,NA
"2114",5,2,1,1,1,1
"2115",NA,NA,NA,NA,NA,NA
"2116",NA,NA,NA,NA,NA,NA
"2117",3,1,4,2,4,1
"2118",4,2,5,1,3,4
"2119",5,5,4,2,3,3
"2120",4,4,5,2,3,2
"2121",6,4,5,3,1,3
"2122",5,3,4,4,4,3
"2123",6,4,5,1,5,3
"2124",3,3,5,2,5,2
"2125",6,5,5,4,2,4
"2126",5,5,2,2,5,4
"2127",3,3,3,3,5,5
"2128",6,5,5,2,4,3
"2129",5,5,5,3,5,4
"2130",5,5,3,3,2,2
"2131",6,5,5,2,2,4
"2132",3,2,5,2,5,2
"2133",4,4,2,2,5,3
"2134",2,2,5,1,5,4
"2135",6,5,3,5,5,4
"2136",5,5,5,2,5,4
"2137",NA,NA,NA,NA,NA,NA
"2138",NA,NA,NA,NA,NA,NA
"2139",NA,NA,NA,NA,NA,NA
"2140",5,3,5,3,1,6
"2141",6,5,5,5,2,1
"2142",5,5,5,1,5,3
"2143",6,5,5,3,1,3
"2144",4,4,5,1,5,4
"2145",NA,NA,NA,NA,NA,NA
"2146",6,4,3,4,5,3
"2147",6,5,5,5,5,4
"2148",5,5,2,4,2,2
"2149",5,4,3,2,5,4
"2150",6,5,5,1,5,4
"2151",5,5,4,3,2,3
"2152",5,5,4,5,1,5
"2153",6,5,3,4,4,5
"2154",1,1,2,1,2,2
"2155",6,5,5,2,4,3
"2156",2,1,1,5,1,6
"2157",4,4,4,3,2,3
"2158",5,2,3,4,2,2
"2159",5,5,5,3,5,4
"2160",4,3,5,1,5,3
"2161",NA,NA,NA,NA,5,6
"2162",NA,NA,NA,NA,NA,NA
"2163",2,2,1,5,4,4
"2164",NA,NA,NA,NA,NA,NA
"2165",NA,NA,NA,NA,NA,NA
"2166",4,4,2,3,2,2
"2167",5,4,3,2,1,3
"2168",4,2,4,3,1,3
"2169",5,4,4,2,5,4
"2170",1,1,1,1,1,1
"2171",6,4,4,2,5,5
"2172",4,4,4,2,5,4
"2173",3,3,4,3,2,2
"2174",5,4,1,1,3,4
"2175",5,3,3,2,3,5
"2176",6,5,5,3,2,2
"2177",4,3,4,NA,5,3
"2178",6,6,3,3,3,4
"2179",3,2,3,NA,3,3
"2180",6,4,5,1,2,3
"2181",6,5,5,1,4,4
"2182",NA,NA,NA,NA,NA,NA
"2183",5,5,1,3,2,4
"2184",4,2,5,3,4,6
"2185",5,5,5,1,5,3
"2186",6,4,5,2,2,4
"2187",5,4,4,3,3,4
"2188",5,4,4,2,3,3
"2189",NA,NA,NA,NA,NA,NA
"2190",3,3,1,5,1,1
"2191",6,5,5,4,5,4
"2192",6,2,1,2,1,4
"2193",6,6,5,2,5,4
"2194",NA,NA,NA,NA,NA,NA
"2195",4,4,5,1,1,5
"2196",4,3,5,2,5,2
"2197",NA,NA,NA,NA,NA,NA
"2198",5,5,3,3,2,2
"2199",4,2,4,2,3,2
"2200",NA,NA,NA,NA,NA,NA
"2201",6,5,5,4,4,4
"2202",5,3,5,2,2,3
"2203",4,4,NA,4,1,3
"2204",NA,NA,NA,NA,NA,NA
"2205",5,5,5,2,2,4
"2206",6,4,2,4,5,4
"2207",5,5,2,4,3,3
"2208",5,4,4,3,3,2
"2209",3,3,4,3,3,4
"2210",6,5,5,2,3,3
"2211",2,2,3,4,5,2
"2212",5,1,5,4,5,3
"2213",2,2,2,2,4,2
"2214",NA,NA,NA,NA,NA,NA
"2215",1,1,1,5,1,1
"2216",5,5,2,1,5,2
"2217",NA,NA,NA,NA,NA,NA
"2218",4,4,2,4,5,5
"2219",4,1,5,2,5,5
"2220",5,4,5,1,5,4
"2221",5,4,3,2,2,2
"2222",4,2,5,2,5,2
"2223",6,4,5,4,5,4
"2224",5,5,3,2,5,3
"2225",5,3,5,3,2,5
"2226",2,2,2,3,3,4
"2227",4,2,5,5,4,2
"2228",5,5,3,4,2,3
"2229",5,4,4,4,4,4
"2230",6,3,2,3,2,4
"2231",5,5,5,5,1,2
"2232",6,6,5,5,2,3
"2233",3,2,2,2,2,3
"2234",NA,NA,NA,NA,NA,NA
"2235",NA,NA,NA,NA,NA,NA
"2236",5,1,4,2,2,4
"2237",6,4,1,5,5,3
"2238",NA,NA,NA,NA,NA,NA
"2239",4,2,5,3,3,5
"2240",5,3,5,2,1,4
"2241",5,5,5,4,5,5
"2242",5,3,5,2,5,2
"2243",6,6,NA,2,2,4
"2244",4,1,5,2,3,3
"2245",NA,NA,NA,NA,NA,NA
"2246",6,3,4,2,5,3
"2247",5,4,2,1,4,2
"2248",5,5,5,2,4,3
"2249",5,4,4,1,5,3
"2250",5,5,3,3,5,4
"2251",NA,NA,NA,NA,NA,NA
"2252",6,6,2,2,5,4
"2253",4,3,5,2,5,2
"2254",6,5,1,1,5,2
"2255",2,2,5,1,5,4
"2256",NA,NA,NA,NA,NA,NA
"2257",5,3,2,4,4,2
"2258",NA,NA,NA,NA,NA,NA
"2259",6,5,5,2,2,5
"2260",4,1,5,3,1,2
"2261",4,3,5,4,3,4
"2262",4,3,5,2,2,4
"2263",6,5,5,2,3,3
"2264",5,5,5,4,2,3
"2265",6,4,4,1,1,6
"2266",5,5,3,3,2,3
"2267",5,5,3,2,5,2
"2268",NA,NA,NA,NA,NA,NA
"2269",6,5,4,4,4,3
"2270",5,5,2,3,4,2
"2271",4,4,5,3,5,2
"2272",NA,NA,NA,NA,NA,NA
"2273",6,5,5,3,5,2
"2274",6,5,2,2,5,2
"2275",6,4,4,3,2,3
"2276",5,NA,4,2,5,2
"2277",4,1,3,2,1,2
"2278",6,5,5,2,5,4
"2279",5,4,4,3,4,4
"2280",4,4,2,2,5,4
"2281",5,5,3,5,3,2
"2282",5,5,5,2,4,3
"2283",2,2,3,1,5,2
"2284",5,5,2,3,4,1
"2285",5,4,4,3,3,NA
"2286",6,5,5,3,5,4
"2287",5,4,4,3,2,2
"2288",5,4,5,3,1,2
"2289",5,3,3,3,3,2
"2290",6,5,2,2,5,5
"2291",5,4,5,2,3,3
"2292",4,2,5,NA,4,4
"2293",NA,NA,NA,NA,NA,NA
"2294",6,5,2,5,5,4
"2295",2,1,2,1,2,3
"2296",6,5,5,1,5,6
"2297",5,5,4,3,5,5
"2298",5,5,5,4,1,2
"2299",2,2,3,2,4,5
"2300",NA,NA,NA,NA,NA,NA
"2301",5,5,4,3,5,4
"2302",6,5,5,2,1,2
"2303",6,2,5,2,4,3
"2304",4,2,4,2,3,5
"2305",4,4,1,4,5,2
"2306",NA,NA,NA,NA,NA,NA
"2307",5,4,3,3,2,3
"2308",6,4,4,3,4,6
"2309",NA,NA,NA,NA,NA,NA
"2310",NA,NA,NA,NA,NA,NA
"2311",6,4,5,3,5,1
"2312",4,4,3,4,1,2
"2313",NA,NA,NA,NA,NA,NA
"2314",5,4,5,2,1,2
"2315",6,2,2,3,2,4
"2316",3,3,5,3,3,3
"2317",6,4,5,2,2,3
"2318",4,2,5,5,2,4
"2319",3,1,5,1,2,6
"2320",5,4,3,4,5,2
"2321",5,4,1,5,2,2
"2322",6,3,4,3,1,2
"2323",6,5,5,2,5,5
"2324",5,5,5,2,5,2
"2325",6,4,5,4,1,2
"2326",5,5,4,4,5,4
"2327",5,3,5,3,5,2
"2328",5,4,4,4,3,4
"2329",5,4,4,3,2,5
"2330",2,1,1,1,5,5
"2331",5,5,1,1,4,5
"2332",6,3,5,5,5,4
"2333",6,6,1,1,2,3
"2334",5,4,5,1,1,5
"2335",NA,NA,NA,NA,NA,NA
"2336",3,1,1,1,1,2
"2337",6,5,5,3,4,2
"2338",NA,NA,NA,NA,NA,NA
"2339",3,2,3,4,3,2
"2340",6,4,4,3,3,4
"2341",6,5,1,1,1,5
"2342",NA,NA,NA,NA,NA,NA
"2343",2,2,3,3,3,3
"2344",3,3,4,2,3,4
"2345",4,4,4,3,4,4
"2346",NA,NA,NA,NA,NA,NA
"2347",4,3,4,4,1,3
"2348",5,5,5,1,5,4
"2349",3,3,5,2,5,3
"2350",6,4,3,4,2,1
"2351",4,3,5,NA,1,5
"2352",NA,NA,NA,NA,NA,NA
"2353",5,4,4,2,5,2
"2354",NA,NA,NA,NA,NA,NA
"2355",4,3,5,1,1,1
"2356",NA,NA,NA,NA,NA,NA
"2357",4,3,2,3,1,3
"2358",3,3,2,5,5,3
"2359",5,4,5,2,4,4
"2360",4,3,2,4,5,2
"2361",6,5,5,4,3,5
"2362",6,5,5,3,5,3
"2363",NA,NA,NA,NA,NA,NA
"2364",5,5,2,1,5,3
"2365",NA,NA,NA,NA,NA,NA
"2366",5,1,3,3,2,3
"2367",4,4,4,1,1,5
"2368",6,5,5,2,2,4
"2369",3,3,5,2,1,4
"2370",6,5,5,3,5,2
"2371",3,3,4,3,5,1
"2372",5,1,1,3,1,3
"2373",5,3,5,1,2,4
"2374",6,5,4,3,2,5
"2375",4,2,5,4,1,2
"2376",5,4,5,2,5,4
"2377",5,4,4,3,3,3
"2378",6,5,2,4,5,4
"2379",2,2,2,3,2,4
"2380",6,5,2,1,5,2
"2381",NA,NA,NA,NA,NA,NA
"2382",6,5,4,3,4,4
"2383",NA,NA,NA,NA,NA,NA
"2384",NA,NA,NA,NA,NA,NA
"2385",4,4,2,4,2,2
"2386",5,4,4,2,5,4
"2387",5,3,5,1,3,5
"2388",6,5,4,2,4,2
"2389",NA,NA,NA,NA,NA,NA
"2390",5,5,2,5,4,2
"2391",5,3,5,5,1,4
"2392",6,6,5,5,5,4
"2393",5,3,1,5,1,2
"2394",NA,NA,NA,NA,NA,NA
"2395",6,3,5,5,5,4
"2396",NA,NA,NA,NA,NA,NA
"2397",NA,NA,NA,NA,NA,NA
"2398",5,5,4,3,5,5
"2399",NA,NA,NA,NA,NA,NA
"2400",5,4,2,3,2,3
"2401",3,1,5,1,5,4
"2402",3,3,1,1,5,4
"2403",NA,NA,NA,NA,NA,NA
"2404",6,5,2,4,5,2
"2405",NA,NA,NA,NA,NA,NA
"2406",NA,NA,NA,NA,NA,NA
"2407",6,4,NA,1,1,2
"2408",NA,NA,NA,NA,NA,NA
"2409",6,3,2,4,4,5
"2410",NA,NA,NA,NA,NA,NA
"2411",6,1,2,5,1,3
"2412",NA,NA,NA,NA,NA,NA
"2413",5,5,5,1,4,5
"2414",2,2,5,1,5,2
"2415",6,3,1,1,3,2
"2416",3,3,3,1,5,4
"2417",5,3,3,2,2,4
"2418",5,3,3,4,5,2
"2419",NA,NA,NA,NA,NA,NA
"2420",4,4,2,4,5,3
"2421",4,4,2,5,2,2
"2422",5,4,5,3,4,4
"2423",NA,NA,NA,NA,NA,NA
"2424",6,4,5,3,2,3
"2425",NA,5,4,2,4,2
"2426",NA,NA,NA,NA,NA,NA
"2427",2,1,5,5,2,3
"2428",5,5,5,3,5,4
"2429",3,3,5,2,5,3
"2430",6,5,5,2,2,2
"2431",5,4,NA,4,3,4
"2432",1,1,1,1,1,5
"2433",5,5,5,2,3,2
"2434",5,5,5,3,3,5
"2435",5,5,1,1,1,3
"2436",4,3,3,3,3,4
"2437",6,5,2,3,5,1
"2438",3,3,5,3,5,5
"2439",6,5,4,2,1,4
"2440",6,5,5,2,5,2
"2441",6,5,5,3,1,4
"2442",5,4,2,1,5,5
"2443",NA,NA,NA,NA,NA,NA
"2444",4,4,5,1,3,2
"2445",5,5,5,4,5,3
"2446",5,2,5,4,5,1
"2447",6,3,4,4,3,2
"2448",6,5,5,2,5,3
"2449",NA,NA,NA,NA,NA,NA
"2450",4,4,3,3,2,4
"2451",NA,NA,NA,NA,NA,NA
"2452",4,3,5,2,3,6
"2453",4,4,3,2,5,6
"2454",5,4,5,3,1,4
"2455",5,3,3,3,2,3
"2456",6,5,4,4,5,3
"2457",3,2,3,3,3,4
"2458",2,2,4,3,4,3
"2459",6,4,5,3,1,4
"2460",5,2,5,3,5,2
"2461",3,3,4,3,2,3
"2462",6,6,2,5,5,4
"2463",5,4,5,2,5,3
"2464",NA,NA,NA,NA,NA,NA
"2465",5,3,1,5,2,4
"2466",5,5,5,2,3,5
"2467",NA,NA,NA,NA,NA,NA
"2468",NA,NA,NA,NA,NA,NA
"2469",5,5,4,2,5,5
"2470",3,1,1,1,1,6
"2471",4,3,1,1,1,2
"2472",3,2,4,2,3,3
"2473",5,5,5,3,5,NA
"2474",NA,NA,NA,NA,NA,NA
"2475",5,2,4,4,5,2
"2476",3,2,3,1,5,5
"2477",6,5,5,2,2,3
"2478",NA,NA,NA,NA,NA,NA
"2479",5,5,2,1,5,2
"2480",3,3,1,5,5,2
"2481",6,5,3,4,3,4
"2482",2,2,1,1,4,4
"2483",2,2,5,2,5,2
"2484",4,3,3,1,2,5
"2485",6,3,5,2,1,2
"2486",5,4,NA,5,5,4
"2487",4,1,4,2,1,4
"2488",5,4,4,3,3,4
"2489",5,4,5,3,1,2
"2490",NA,NA,NA,NA,NA,NA
"2491",NA,NA,NA,NA,NA,NA
"2492",5,4,5,4,4,2
"2493",6,4,5,4,5,5
"2494",2,1,4,3,1,3
"2495",6,5,5,4,4,3
"2496",5,4,5,3,5,2
"2497",4,4,2,5,5,5
"2498",NA,NA,NA,NA,NA,NA
"2499",6,5,4,2,3,4
"2500",5,5,2,3,2,2
"2501",6,5,5,2,4,4
"2502",NA,NA,NA,NA,NA,NA
"2503",4,4,1,3,5,2
"2504",4,2,3,3,2,4
"2505",NA,NA,NA,NA,NA,NA
"2506",4,2,5,2,4,3
"2507",4,4,2,4,5,3
"2508",NA,NA,NA,NA,NA,NA
"2509",6,5,4,3,1,2
"2510",3,2,2,3,5,2
"2511",5,5,5,2,5,2
"2512",6,5,5,1,3,3
"2513",5,3,5,2,2,4
"2514",3,3,4,2,4,2
"2515",5,4,4,3,4,2
"2516",6,5,5,1,4,4
"2517",NA,NA,NA,NA,NA,NA
"2518",5,5,5,4,5,2
"2519",2,2,5,1,5,2
"2520",5,2,2,1,2,3
"2521",5,5,5,1,1,5
"2522",6,5,2,2,5,3
"2523",NA,NA,NA,NA,NA,NA
"2524",6,4,2,4,5,2
"2525",4,4,5,2,2,4
"2526",5,5,1,5,5,3
"2527",NA,NA,NA,NA,NA,NA
"2528",5,4,4,3,4,1
"2529",6,5,5,3,4,4
"2530",4,3,4,3,5,3
"2531",4,4,5,2,5,2
"2532",5,4,5,4,5,5
"2533",5,2,5,4,5,4
"2534",6,5,3,4,2,2
"2535",3,3,2,1,5,2
"2536",4,2,3,3,1,2
"2537",4,2,4,2,1,3
"2538",6,5,5,2,1,2
"2539",NA,NA,NA,NA,NA,NA
"2540",6,4,NA,4,4,NA
"2541",5,5,4,2,1,2
"2542",3,2,4,2,4,1
"2543",3,3,5,2,5,4
"2544",4,4,2,3,1,2
"2545",5,5,5,1,5,3
"2546",3,3,5,2,4,2
"2547",5,4,5,1,4,4
"2548",3,2,5,1,5,2
"2549",5,4,4,3,3,3
"2550",6,5,5,2,1,4
"2551",5,4,4,3,4,4
"2552",6,1,5,2,3,5
"2553",4,4,5,2,5,4
"2554",6,2,5,3,5,3
"2555",4,3,5,4,5,1
"2556",NA,NA,NA,NA,NA,NA
"2557",2,2,4,2,3,2
"2558",NA,NA,NA,NA,NA,NA
"2559",2,1,1,1,4,3
"2560",6,3,5,2,4,2
"2561",6,5,4,3,2,4
"2562",3,3,4,3,3,3
"2563",5,5,3,3,2,3
"2564",4,4,4,3,4,2
"2565",4,3,NA,3,2,2
"2566",5,3,4,2,5,4
"2567",6,5,5,3,5,3
"2568",6,4,3,2,5,4
"2569",5,5,5,3,5,3
"2570",4,2,5,2,3,2
"2571",3,3,2,2,2,2
"2572",4,4,3,2,3,2
"2573",5,3,3,2,3,2
"2574",2,2,4,1,2,4
"2575",5,4,1,4,2,2
"2576",5,4,1,5,4,4
"2577",3,2,5,2,4,3
"2578",4,2,5,3,2,5
"2579",NA,NA,NA,NA,NA,NA
"2580",NA,NA,NA,NA,NA,NA
"2581",5,4,5,3,5,5
"2582",NA,NA,NA,NA,NA,NA
"2583",5,5,5,2,3,2
"2584",5,3,5,3,5,3
"2585",6,5,3,2,5,3
"2586",5,4,5,3,4,2
"2587",4,2,3,4,2,4
"2588",5,5,5,2,5,2
"2589",5,4,1,1,3,4
"2590",NA,NA,NA,NA,NA,NA
"2591",4,1,4,4,2,2
"2592",4,3,3,3,3,6
"2593",6,5,3,2,3,2
"2594",5,4,2,3,1,2
"2595",3,2,5,2,5,3
"2596",NA,NA,NA,NA,NA,NA
"2597",NA,NA,NA,NA,NA,NA
"2598",6,1,5,3,1,3
"2599",5,4,5,2,2,5
"2600",4,3,4,4,5,2
"2601",NA,NA,NA,NA,NA,NA
"2602",5,4,4,2,2,3
"2603",NA,NA,NA,NA,NA,NA
"2604",NA,NA,NA,NA,NA,NA
"2605",NA,NA,NA,NA,NA,NA
"2606",5,5,4,4,3,4
"2607",3,3,5,1,5,1
"2608",5,4,4,4,1,4
"2609",5,4,4,4,5,3
"2610",4,4,5,2,5,3
"2611",6,5,1,5,1,2
"2612",4,3,5,2,3,2
"2613",2,1,1,1,5,2
"2614",5,4,5,5,5,6
"2615",5,2,5,1,5,3
"2616",4,2,1,2,1,3
"2617",4,4,2,1,5,5
"2618",6,5,2,3,5,3
"2619",5,5,3,3,1,2
"2620",5,5,3,4,2,3
"2621",4,4,5,2,5,2
"2622",5,5,1,NA,NA,4
"2623",5,4,4,3,5,4
"2624",5,5,5,2,3,2
"2625",3,2,3,3,2,4
"2626",5,2,5,1,5,6
"2627",5,5,5,2,5,5
"2628",6,5,2,4,2,1
"2629",6,5,5,1,5,2
"2630",4,3,5,2,2,2
"2631",6,4,5,1,5,4
"2632",5,5,5,3,5,4
"2633",NA,NA,NA,NA,NA,NA
"2634",2,1,3,4,3,4
"2635",3,3,2,2,4,4
"2636",4,4,4,2,5,4
"2637",5,4,5,2,2,5
"2638",NA,NA,NA,NA,NA,NA
"2639",6,2,5,3,3,2
"2640",5,2,5,2,1,2
"2641",6,5,5,2,1,3
"2642",5,4,5,3,5,4
"2643",6,5,1,NA,5,3
"2644",NA,NA,NA,NA,NA,NA
"2645",5,4,2,3,5,3
"2646",6,5,3,3,4,4
"2647",3,3,3,2,1,1
"2648",5,5,1,2,3,3
"2649",5,5,5,4,1,4
"2650",3,2,4,3,4,3
"2651",3,2,5,2,4,5
"2652",5,5,1,1,3,4
"2653",NA,NA,NA,NA,NA,NA
"2654",5,4,5,3,5,4
"2655",5,5,4,2,3,4
"2656",5,4,2,2,2,2
"2657",NA,NA,NA,NA,NA,NA
"2658",6,5,5,3,5,5
"2659",3,2,1,5,4,2
"2660",6,5,2,2,3,3
"2661",5,5,5,5,5,6
"2662",6,5,5,3,3,4
"2663",5,5,4,4,2,4
"2664",6,5,5,4,3,3
"2665",NA,NA,NA,NA,NA,NA
"2666",4,2,2,5,2,1
"2667",NA,NA,NA,NA,NA,NA
"2668",1,6,5,5,1,6
"2669",4,2,4,2,5,3
"2670",NA,NA,NA,NA,NA,NA
"2671",4,3,1,5,2,2
"2672",5,4,3,3,5,4
"2673",5,4,1,1,3,4
"2674",5,5,5,2,5,4
"2675",NA,NA,NA,NA,NA,NA
"2676",NA,NA,NA,NA,NA,NA
"2677",3,2,3,1,4,5
"2678",2,2,2,5,5,2
"2679",5,4,1,5,1,2
"2680",5,2,5,5,2,2
"2681",NA,NA,NA,NA,NA,NA
"2682",2,2,1,1,1,2
"2683",5,4,5,2,5,4
"2684",NA,NA,NA,NA,NA,NA
"2685",5,4,2,2,4,4
"2686",3,2,1,4,3,NA
"2687",5,4,1,NA,5,4
"2688",6,5,4,3,5,4
"2689",6,5,3,1,5,3
"2690",6,4,5,2,1,4
"2691",6,5,5,4,2,3
"2692",NA,NA,NA,NA,NA,NA
"2693",6,4,5,3,2,4
"2694",3,2,2,1,3,3
"2695",5,5,5,1,5,6
"2696",5,3,4,3,4,4
"2697",6,5,1,1,4,2
"2698",5,4,5,2,5,2
"2699",6,4,3,3,1,3
"2700",6,4,5,5,3,4
"2701",6,5,2,3,4,4
"2702",6,5,5,1,5,4
"2703",5,2,5,3,5,4
"2704",4,3,2,1,5,3
"2705",5,3,5,2,1,2
"2706",2,2,3,5,5,3
"2707",6,5,3,2,2,2
"2708",NA,NA,NA,NA,NA,NA
"2709",2,1,3,3,3,1
"2710",3,3,5,3,5,4
"2711",6,5,4,2,2,5
"2712",3,2,5,2,5,5
"2713",NA,NA,NA,NA,NA,NA
"2714",4,3,4,2,5,4
"2715",4,3,5,2,5,4
"2716",5,5,5,4,2,3
"2717",5,5,5,1,5,3
"2718",NA,NA,NA,NA,NA,NA
"2719",4,3,4,5,2,5
"2720",3,3,5,4,5,6
"2721",NA,NA,NA,NA,NA,NA
"2722",5,3,5,1,4,5
"2723",5,5,2,5,1,3
"2724",3,2,1,NA,2,2
"2725",1,5,1,4,1,3
"2726",5,5,2,2,2,3
"2727",6,4,5,1,4,2
"2728",4,4,5,3,5,4
"2729",3,2,5,2,2,5
"2730",3,3,5,2,5,3
"2731",6,4,1,1,4,3
"2732",6,5,5,3,4,4
"2733",4,4,1,1,5,NA
"2734",6,2,5,2,2,2
"2735",5,5,2,5,4,2
"2736",5,4,3,5,3,2
"2737",5,3,4,2,1,2
"2738",5,3,5,3,5,3
"2739",6,5,5,2,5,5
"2740",3,2,3,2,4,4
"2741",NA,NA,NA,NA,NA,NA
"2742",3,1,5,2,1,NA
"2743",5,5,4,3,4,4
"2744",NA,NA,NA,NA,NA,NA
"2745",6,4,5,2,1,4
"2746",4,4,5,4,5,2
"2747",6,5,4,5,5,4
"2748",6,5,2,3,1,2
"2749",3,2,4,2,3,4
"2750",3,2,5,3,5,5
"2751",6,3,5,2,5,4
"2752",NA,NA,NA,NA,NA,NA
"2753",NA,NA,NA,NA,NA,NA
"2754",5,5,2,1,5,2
"2755",5,3,2,1,4,4
"2756",5,4,5,3,5,3
"2757",NA,NA,NA,NA,NA,NA
"2758",6,5,5,2,5,4
"2759",6,5,5,4,2,3
"2760",2,1,1,1,5,2
"2761",5,5,3,4,5,3
"2762",NA,NA,NA,NA,NA,NA
"2763",6,5,5,5,5,5
"2764",3,1,5,2,1,2
"2765",6,1,5,3,2,4
"2766",NA,NA,NA,NA,NA,NA
"2767",NA,NA,NA,NA,NA,NA
"2768",6,5,3,3,5,2
"2769",NA,NA,NA,NA,NA,NA
"2770",6,5,5,2,5,4
"2771",6,5,3,4,4,5
"2772",4,1,5,2,1,3
"2773",NA,NA,NA,NA,NA,NA
"2774",5,1,5,5,1,4
"2775",5,5,4,2,5,3
"2776",5,2,5,3,2,4
"2777",5,5,2,1,5,6
"2778",5,5,5,3,2,6
"2779",6,5,4,2,3,2
"2780",5,5,5,3,4,4
"2781",NA,NA,NA,NA,NA,NA
"2782",5,4,3,2,2,3
"2783",4,3,5,4,4,4
"2784",5,5,3,4,3,3
"2785",6,5,5,2,5,4
"2786",NA,NA,NA,NA,NA,NA
"2787",4,2,2,4,2,3
"2788",6,5,5,4,2,2
"2789",5,3,5,2,2,3
"2790",4,3,2,1,4,4
"2791",5,5,5,1,1,4
"2792",4,3,3,2,1,3
"2793",6,5,3,4,2,3
"2794",5,3,3,3,4,5
"2795",NA,NA,NA,NA,NA,NA
"2796",5,2,3,5,4,2
"2797",5,5,5,2,3,2
"2798",6,6,4,3,5,4
"2799",6,5,2,3,3,4
"2800",6,4,5,3,1,4
"2801",NA,NA,NA,NA,NA,NA
"2802",4,3,3,4,4,5
"2803",4,3,2,5,5,1
"2804",5,4,5,3,4,4
"2805",NA,NA,NA,NA,NA,NA
"2806",6,5,2,3,2,2
"2807",6,2,5,2,4,5
"2808",4,4,2,3,5,2
"2809",6,4,3,5,1,3
"2810",2,2,3,1,5,2
"2811",6,5,5,2,5,3
"2812",4,1,4,2,1,5
"2813",4,4,5,1,5,4
"2814",NA,NA,NA,NA,NA,NA
"2815",NA,NA,NA,NA,NA,NA
"2816",4,1,5,2,1,2
"2817",5,5,3,2,5,2
"2818",5,5,3,5,5,2
"2819",3,3,5,1,5,4
"2820",5,3,5,1,2,4
"2821",NA,NA,NA,NA,NA,NA
"2822",2,1,4,3,5,4
"2823",NA,NA,NA,NA,NA,NA
"2824",6,5,5,2,3,3
"2825",NA,NA,NA,NA,NA,NA
"2826",6,5,5,4,1,4
"2827",4,4,4,3,5,2
"2828",5,5,5,2,5,4
"2829",5,5,5,3,4,4
"2830",5,2,5,2,1,4
"2831",NA,NA,NA,NA,NA,NA
"2832",NA,NA,NA,NA,NA,NA
"2833",5,5,2,3,1,2
"2834",6,5,5,1,5,3
"2835",4,3,2,5,3,5
"2836",1,6,4,5,5,1
"2837",4,3,3,2,1,4
"2838",NA,NA,NA,NA,NA,NA
"2839",6,4,3,2,5,4
"2840",3,3,5,4,4,3
"2841",5,4,2,1,5,3
"2842",5,3,4,3,5,3
"2843",6,5,5,1,2,4
"2844",5,5,5,1,5,4
"2845",6,4,5,3,1,4
"2846",2,1,3,3,1,5
"2847",6,5,5,1,2,2
"2848",5,4,3,3,4,4
"2849",4,3,5,2,5,3
"2850",6,5,1,1,5,3
"2851",6,3,4,3,1,2
"2852",2,1,4,3,2,3
"2853",5,4,4,3,2,2
"2854",NA,NA,NA,NA,NA,NA
"2855",4,3,2,1,1,6
"2856",6,5,5,2,5,2
"2857",3,2,2,4,2,3
"2858",3,3,4,3,1,5
"2859",5,5,5,2,4,3
"2860",5,5,5,2,5,5
"2861",5,4,5,3,5,4
"2862",3,3,3,4,5,6
"2863",2,2,3,3,3,4
"2864",5,4,5,3,2,3
"2865",5,4,5,2,5,3
"2866",5,3,4,4,4,4
"2867",5,4,5,1,5,3
"2868",3,3,4,3,5,2
"2869",5,2,3,4,1,2
"2870",NA,NA,NA,NA,NA,NA
"2871",4,3,5,2,5,4
"2872",4,2,4,3,2,4
"2873",6,5,5,3,5,2
"2874",6,5,5,4,5,3
"2875",4,3,1,2,5,3
"2876",6,4,3,4,5,3
"2877",6,5,5,2,1,2
"2878",6,4,2,4,2,3
"2879",4,4,5,2,5,4
"2880",6,5,2,2,4,2
"2881",3,2,2,2,1,3
"2882",6,5,2,3,2,4
"2883",6,5,5,2,3,5
"2884",6,5,5,5,2,2
"2885",4,4,5,4,5,3
"2886",NA,NA,NA,NA,NA,NA
"2887",4,4,5,3,4,2
"2888",5,4,5,2,5,3
"2889",4,1,5,1,4,5
"2890",3,2,1,5,5,2
"2891",6,5,5,4,3,3
"2892",5,4,5,2,4,2
"2893",6,6,5,3,2,3
"2894",5,5,3,3,4,3
"2895",5,3,4,3,3,5
"2896",NA,NA,NA,NA,NA,NA
"2897",NA,NA,NA,NA,NA,NA
"2898",3,2,3,3,3,1
"2899",5,4,5,1,5,3
"2900",6,5,5,2,4,4
"2901",4,4,5,3,5,3
"2902",6,4,4,2,2,4
"2903",NA,NA,NA,NA,NA,NA
"2904",5,2,5,2,5,4
"2905",6,5,3,2,3,3
"2906",6,4,3,5,1,3
"2907",5,5,2,4,3,3
"2908",5,5,4,3,5,1
"2909",2,1,4,2,3,2
"2910",5,5,3,3,5,2
"2911",3,2,5,3,1,1
"2912",3,2,2,2,5,3
"2913",3,1,5,2,5,4
"2914",5,4,5,4,1,3
"2915",5,2,5,1,5,3
"2916",5,4,5,2,4,3
"2917",5,4,2,3,3,2
"2918",5,3,5,2,5,3
"2919",6,5,5,4,5,3
"2920",6,4,3,3,5,5
"2921",6,5,5,5,4,4
"2922",5,5,4,3,3,3
"2923",5,5,5,1,5,5
"2924",4,4,5,2,5,4
"2925",5,3,5,1,4,3
"2926",5,5,5,2,2,2
"2927",4,2,5,4,5,3
"2928",6,5,3,3,4,3
"2929",6,4,5,1,5,6
"2930",6,2,5,2,5,3
"2931",6,5,5,2,1,4
"2932",NA,NA,NA,NA,NA,NA
"2933",6,3,3,3,2,2
"2934",5,3,3,4,2,5
"2935",NA,NA,NA,NA,NA,NA
"2936",4,3,2,5,3,4
"2937",NA,NA,NA,NA,NA,NA
"2938",6,5,2,3,1,1
"2939",NA,NA,NA,NA,NA,NA
"2940",3,2,3,2,1,4
"2941",NA,NA,NA,NA,NA,NA
"2942",6,5,2,2,1,3
"2943",6,2,1,1,4,2
"2944",NA,NA,NA,NA,NA,NA
"2945",NA,NA,NA,NA,NA,NA
"2946",3,1,5,3,4,5
"2947",5,4,5,2,3,4
"2948",3,1,2,5,1,3
"2949",6,5,4,4,4,3
"2950",3,3,3,4,2,5
"2951",3,1,4,1,2,4
"2952",4,4,2,3,5,3
"2953",6,6,5,3,5,5
"2954",5,4,3,NA,3,3
"2955",6,5,3,4,3,3
"2956",2,2,3,2,5,4
"2957",NA,NA,NA,NA,NA,NA
"2958",NA,NA,NA,NA,NA,NA
"2959",NA,NA,NA,NA,NA,NA
"2960",6,5,5,2,4,5
"2961",4,2,5,1,4,4
"2962",6,4,5,3,2,2
"2963",NA,NA,NA,NA,NA,NA
"2964",NA,NA,NA,NA,NA,NA
"2965",5,5,3,3,2,4
"2966",5,4,4,3,3,2
"2967",5,5,5,4,1,2
"2968",4,3,4,3,1,4
"2969",2,2,3,3,5,3
"2970",6,4,5,3,4,3
"2971",NA,NA,NA,NA,NA,NA
"2972",NA,NA,NA,NA,NA,NA
"2973",NA,NA,NA,NA,NA,NA
"2974",NA,NA,NA,NA,NA,NA
"2975",3,2,4,1,4,6
"2976",4,4,2,2,1,3
"2977",6,5,4,4,5,5
"2978",5,1,5,2,1,5
"2979",2,1,1,NA,NA,NA
"2980",5,5,5,1,4,5
"2981",5,1,2,4,5,3
"2982",6,4,4,3,5,3
"2983",5,4,4,2,2,3
"2984",6,5,5,3,3,2
"2985",6,2,5,2,1,5
"2986",5,5,2,1,4,2
"2987",6,3,NA,1,1,6
"2988",6,5,5,2,5,3
"2989",6,3,4,4,1,5
"2990",5,4,5,2,5,5
"2991",5,2,5,4,2,2
"2992",3,2,2,5,5,3
"2993",NA,NA,NA,NA,NA,NA
"2994",4,2,3,2,5,2
"2995",6,4,2,2,3,4
"2996",3,2,4,5,1,5
"2997",6,4,5,3,5,2
"2998",6,5,2,4,2,2
"2999",5,4,5,3,2,2
"3000",4,1,5,1,1,4
"3001",5,4,5,2,2,1
"3002",NA,NA,NA,NA,NA,NA
"3003",6,5,5,4,3,2
"3004",NA,NA,NA,NA,NA,NA
"3005",3,3,5,1,3,3
"3006",5,4,4,3,1,4
"3007",NA,NA,NA,NA,NA,NA
"3008",6,5,4,2,4,4
"3009",6,5,4,3,5,3
"3010",NA,NA,NA,NA,NA,NA
"3011",4,4,4,3,3,2
"3012",6,3,5,5,1,5
"3013",4,2,2,4,2,2
"3014",5,2,5,2,1,5
"3015",6,5,5,1,4,4
"3016",3,2,1,5,2,2
"3017",2,2,4,2,3,4
"3018",5,5,1,5,5,4
"3019",5,5,4,2,2,2
"3020",NA,NA,NA,NA,NA,NA
"3021",6,5,3,4,2,5
"3022",6,5,3,2,3,2
"3023",3,2,5,2,1,3
"3024",5,2,5,2,1,4
"3025",3,2,4,2,1,4
"3026",5,3,3,2,2,2
"3027",5,5,5,NA,5,3
"3028",2,2,4,4,1,2
"3029",6,5,3,1,5,2
"3030",5,5,5,3,4,2
"3031",6,3,5,2,2,4
"3032",NA,NA,NA,NA,NA,NA
"3033",5,5,5,2,1,4
"3034",5,4,2,4,1,4
"3035",NA,NA,NA,NA,NA,NA
"3036",5,3,5,2,4,4
"3037",4,4,3,4,2,2
"3038",5,4,5,2,5,2
"3039",3,3,4,2,3,4
"3040",5,5,3,3,5,2
"3041",5,4,5,4,5,3
"3042",5,5,3,4,5,3
"3043",6,5,4,2,5,4
"3044",5,4,5,4,3,3
"3045",4,3,4,2,1,3
"3046",6,5,4,3,5,2
"3047",5,5,2,2,4,2
"3048",5,5,5,2,2,2
"3049",5,3,1,5,2,2
"3050",5,2,4,5,1,3
"3051",4,4,5,2,5,5
"3052",4,3,5,2,3,5
"3053",4,4,5,2,5,4
"3054",NA,NA,NA,NA,NA,NA
"3055",6,6,5,1,5,NA
"3056",2,2,1,5,5,2
"3057",NA,NA,NA,NA,NA,NA
"3058",5,5,5,3,4,4
"3059",4,4,5,3,1,4
"3060",NA,NA,NA,NA,NA,NA
"3061",4,4,3,4,2,3
"3062",6,2,5,2,4,3
"3063",3,2,5,2,3,4
"3064",5,5,5,4,4,2
"3065",6,5,5,2,1,2
"3066",NA,NA,NA,NA,NA,NA
"3067",5,5,4,2,5,4
"3068",5,2,3,3,5,3
"3069",6,5,5,5,2,4
"3070",NA,NA,NA,NA,NA,NA
"3071",4,2,5,3,5,3
"3072",5,5,2,2,2,3
"3073",6,5,5,3,5,2
"3074",2,1,2,3,1,3
"3075",NA,NA,NA,NA,NA,NA
"3076",6,4,5,3,3,4
"3077",5,5,2,1,5,2
"3078",6,5,3,3,3,2
"3079",5,4,4,2,5,4
"3080",6,3,2,2,3,3
"3081",2,1,2,1,1,4
"3082",NA,NA,NA,NA,NA,NA
"3083",5,3,1,1,5,2
"3084",4,2,4,3,3,3
"3085",5,3,4,4,4,4
"3086",5,3,5,1,3,4
"3087",2,2,4,3,3,1
"3088",5,2,5,2,4,4
"3089",NA,NA,NA,NA,NA,NA
"3090",6,4,2,1,5,2
"3091",2,1,5,2,4,4
"3092",4,3,3,3,3,3
"3093",6,5,2,3,3,3
"3094",3,2,4,3,1,3
"3095",6,4,2,2,5,6
"3096",5,2,1,1,4,5
"3097",NA,NA,NA,NA,NA,NA
"3098",6,1,5,1,1,2
"3099",6,5,5,4,5,3
"3100",6,5,3,3,4,2
"3101",3,1,4,2,1,5
"3102",4,2,5,3,2,4
"3103",5,5,5,2,2,2
"3104",1,1,2,1,5,1
"3105",5,1,5,3,1,5
"3106",4,2,3,1,5,4
"3107",NA,NA,NA,NA,NA,NA
"3108",5,5,2,3,2,2
"3109",5,4,3,2,5,5
"3110",5,1,2,3,1,5
"3111",4,3,4,3,5,3
"3112",5,3,4,2,5,5
"3113",5,5,2,1,3,4
"3114",4,4,4,1,5,3
"3115",4,3,3,3,3,2
"3116",5,4,5,2,1,2
"3117",NA,NA,NA,NA,NA,NA
"3118",5,5,5,3,5,2
"3119",NA,NA,NA,NA,NA,NA
"3120",NA,NA,NA,NA,NA,NA
"3121",5,4,5,2,4,4
"3122",4,2,5,4,1,4
"3123",3,2,4,3,5,3
"3124",5,5,5,2,3,4
"3125",4,4,2,5,2,2
"3126",5,4,5,1,4,5
"3127",4,2,5,1,5,6
"3128",NA,NA,NA,NA,NA,NA
"3129",NA,NA,NA,NA,NA,NA
"3130",5,5,5,2,5,5
"3131",4,1,3,2,4,4
"3132",NA,NA,NA,NA,NA,NA
"3133",4,3,3,3,2,3
"3134",NA,NA,NA,NA,NA,NA
"3135",6,5,5,2,5,3
"3136",6,4,4,3,4,1
"3137",4,3,5,1,4,5
"3138",NA,NA,NA,NA,NA,NA
"3139",5,1,5,1,1,3
"3140",NA,NA,NA,NA,NA,NA
"3141",5,3,4,2,4,6
"3142",6,5,5,2,5,4
"3143",4,4,3,2,3,5
"3144",4,4,5,1,5,4
"3145",5,3,5,2,5,3
"3146",NA,NA,NA,NA,NA,NA
"3147",5,4,5,2,4,3
"3148",5,4,5,3,5,3
"3149",5,5,3,2,5,3
"3150",NA,NA,NA,NA,NA,NA
"3151",5,5,5,1,1,6
"3152",6,4,2,5,2,4
"3153",6,3,3,2,5,2
"3154",NA,NA,NA,NA,NA,NA
"3155",5,4,3,3,2,4
"3156",NA,NA,NA,NA,NA,NA
"3157",5,4,5,3,5,3
"3158",5,2,4,2,4,2
"3159",5,3,2,3,1,4
"3160",4,4,3,4,5,4
"3161",NA,NA,NA,NA,NA,NA
"3162",6,5,4,3,5,2
"3163",4,3,2,3,5,4
"3164",NA,NA,NA,NA,NA,NA
"3165",4,1,5,2,5,6
"3166",6,4,5,3,2,5
"3167",NA,NA,NA,NA,NA,NA
"3168",6,5,3,3,5,3
"3169",NA,NA,NA,NA,NA,NA
"3170",4,4,5,3,4,3
"3171",5,5,3,2,2,3
"3172",3,3,2,2,5,4
"3173",NA,NA,NA,NA,NA,NA
"3174",4,3,3,2,5,1
"3175",NA,NA,NA,NA,NA,NA
"3176",5,2,5,1,1,2
"3177",6,4,5,2,1,4
"3178",NA,NA,NA,NA,NA,NA
"3179",2,2,5,4,1,3
"3180",4,2,3,3,5,4
"3181",5,5,1,5,1,4
"3182",1,1,4,4,5,2
"3183",5,5,4,3,5,2
"3184",5,3,3,2,4,1
"3185",NA,NA,NA,NA,NA,NA
"3186",6,4,5,2,5,2
"3187",5,5,3,3,4,5
"3188",5,4,4,4,5,3
"3189",5,2,5,2,3,4
"3190",5,5,3,2,3,4
"3191",NA,NA,NA,NA,NA,NA
"3192",6,5,5,4,2,2
"3193",3,2,2,2,5,2
"3194",5,1,5,1,1,2
"3195",4,2,2,5,2,1
"3196",3,3,5,3,1,2
"3197",NA,NA,NA,NA,NA,NA
"3198",NA,NA,NA,NA,NA,NA
"3199",6,5,5,3,5,5
"3200",6,4,4,3,2,4
"3201",3,2,5,2,1,3
"3202",6,1,1,1,1,3
"3203",3,2,4,3,4,2
"3204",6,5,5,5,2,3
"3205",4,2,3,2,1,5
"3206",6,3,5,3,2,5
"3207",NA,NA,NA,NA,NA,NA
"3208",4,2,4,3,2,5
"3209",5,4,1,5,4,2
"3210",6,5,4,1,2,4
"3211",5,4,5,1,5,3
"3212",NA,NA,NA,NA,NA,NA
"3213",6,5,4,3,1,2
"3214",4,4,5,2,5,4
"3215",NA,NA,NA,NA,NA,NA
"3216",6,5,5,1,2,2
"3217",6,3,5,1,1,4
"3218",5,2,5,1,5,2
"3219",NA,NA,NA,NA,NA,NA
"3220",NA,NA,NA,NA,NA,NA
"3221",6,5,5,1,5,4
"3222",2,2,5,3,5,3
"3223",NA,NA,NA,NA,NA,NA
"3224",4,2,5,5,5,4
"3225",2,2,5,1,5,3
"3226",5,3,5,4,2,4
"3227",6,5,3,2,2,4
"3228",NA,NA,NA,NA,NA,NA
"3229",NA,NA,NA,NA,NA,NA
"3230",6,5,2,3,4,3
"3231",4,3,5,1,5,5
"3232",2,2,5,2,5,3
"3233",NA,NA,NA,NA,NA,NA
"3234",NA,NA,NA,NA,NA,NA
"3235",6,5,2,4,1,2
"3236",5,3,4,3,1,4
"3237",5,4,5,1,1,4
"3238",5,5,3,1,5,2
"3239",NA,NA,NA,NA,NA,NA
"3240",2,1,5,4,1,4
"3241",6,5,1,4,2,2
"3242",5,4,5,2,2,5
"3243",4,3,3,2,4,3
"3244",6,5,2,1,2,2
"3245",3,3,4,1,5,3
"3246",4,2,3,3,4,4
"3247",4,3,2,2,2,3
"3248",NA,NA,NA,NA,NA,NA
"3249",6,3,5,2,1,3
"3250",5,5,2,4,5,3
"3251",4,3,5,2,5,2
"3252",5,4,5,3,5,4
"3253",6,5,5,2,5,4
"3254",6,1,4,NA,1,4
"3255",NA,NA,NA,NA,NA,NA
"3256",5,4,5,1,4,3
"3257",6,5,4,3,2,3
"3258",6,5,3,2,2,4
"3259",5,5,1,5,1,2
"3260",6,5,4,4,5,2
"3261",5,2,1,1,3,3
"3262",3,3,5,1,5,4
"3263",6,5,4,5,5,3
"3264",4,3,2,2,4,3
"3265",3,3,4,3,3,4
"3266",5,4,5,4,5,4
"3267",1,4,4,3,5,3
"3268",4,2,5,2,1,6
"3269",5,4,5,4,1,2
"3270",6,4,5,2,1,4
"3271",NA,NA,NA,NA,NA,NA
"3272",5,2,5,5,4,3
"3273",5,4,4,2,3,3
"3274",NA,NA,NA,NA,NA,NA
"3275",6,5,2,4,2,2
"3276",4,4,5,4,5,3
"3277",6,6,5,2,5,4
"3278",4,4,4,3,3,4
"3279",6,4,5,2,5,4
"3280",4,2,3,4,1,4
"3281",4,4,4,1,1,2
"3282",NA,NA,NA,NA,NA,NA
"3283",NA,NA,NA,NA,NA,NA
"3284",4,4,2,1,5,4
"3285",6,4,4,4,2,4
"3286",4,1,3,4,1,3
"3287",4,4,4,3,4,4
"3288",NA,NA,NA,NA,NA,NA
"3289",4,3,3,4,2,3
"3290",6,4,3,3,2,3
"3291",5,2,2,1,5,4
"3292",3,1,2,3,2,2
"3293",5,5,2,5,3,4
"3294",5,5,5,2,5,4
"3295",6,5,4,5,5,4
"3296",NA,NA,NA,NA,NA,NA
"3297",5,5,4,3,5,4
"3298",6,2,5,1,1,4
"3299",3,1,3,NA,5,4
"3300",NA,NA,NA,NA,NA,NA
"3301",4,3,5,1,1,3
"3302",4,3,2,4,4,3
"3303",3,4,4,3,5,2
"3304",NA,NA,NA,NA,NA,NA
"3305",6,5,5,4,2,5
"3306",5,4,2,2,5,4
"3307",5,4,2,2,1,4
"3308",5,5,3,4,3,3
"3309",6,5,4,2,1,5
"3310",5,5,3,2,5,2
"3311",4,4,1,1,4,2
"3312",NA,NA,NA,NA,NA,NA
"3313",6,3,2,3,1,2
"3314",NA,NA,NA,NA,NA,NA
"3315",6,4,3,3,4,4
"3316",3,2,3,1,2,2
"3317",5,4,4,1,3,3
"3318",5,3,2,5,5,3
"3319",6,4,3,3,3,3
"3320",3,3,5,5,1,6
"3321",5,4,5,3,1,3
"3322",6,5,4,3,5,3
"3323",5,5,5,2,4,4
"3324",4,1,5,3,1,4
"3325",6,6,4,3,4,2
"3326",6,6,2,5,5,2
"3327",6,6,2,1,2,2
"3328",6,5,4,4,5,3
"3329",5,5,3,4,5,3
"3330",NA,NA,NA,NA,NA,NA
"3331",2,1,1,1,5,3
"3332",6,4,4,4,2,2
"3333",NA,NA,NA,NA,NA,NA
"3334",NA,NA,NA,NA,NA,NA
"3335",6,5,5,2,5,4
"3336",4,2,4,2,4,3
"3337",3,3,4,4,1,2
"3338",5,5,4,4,5,3
"3339",3,1,5,2,1,2
"3340",NA,NA,NA,NA,NA,NA
"3341",4,2,5,5,2,2
"3342",6,5,2,4,3,2
"3343",NA,NA,NA,NA,NA,NA
"3344",NA,NA,NA,NA,NA,NA
"3345",5,3,5,5,1,3
"3346",3,2,3,4,4,3
"3347",6,5,5,4,5,2
"3348",6,4,2,5,4,4
"3349",3,1,2,4,1,2
"3350",NA,NA,NA,NA,NA,NA
"3351",5,5,1,5,3,2
"3352",3,2,4,2,4,4
"3353",3,2,5,1,1,2
"3354",5,5,3,1,5,2
"3355",5,3,5,2,5,4
"3356",3,3,5,3,5,5
"3357",6,5,5,3,3,2
"3358",6,5,2,3,3,4
"3359",NA,NA,NA,NA,NA,NA
"3360",NA,NA,NA,NA,NA,NA
"3361",5,4,5,2,5,3
"3362",6,5,3,3,2,2
"3363",NA,NA,NA,NA,NA,NA
"3364",6,5,2,1,3,4
"3365",6,5,4,4,5,3
"3366",5,5,5,2,5,3
"3367",NA,NA,NA,NA,NA,NA
"3368",4,3,3,4,2,4
"3369",NA,NA,NA,NA,NA,NA
"3370",6,4,5,3,3,4
"3371",5,3,5,3,3,3
"3372",5,3,2,1,4,1
"3373",6,5,5,1,2,4
"3374",5,3,5,5,5,2
"3375",5,3,5,2,1,4
"3376",NA,NA,NA,NA,NA,NA
"3377",3,3,5,2,5,6
"3378",5,5,4,4,5,1
"3379",5,3,5,2,1,4
"3380",6,5,3,2,2,4
"3381",5,4,5,2,1,4
"3382",NA,NA,NA,NA,NA,NA
"3383",6,4,5,3,2,4
"3384",4,4,5,3,4,2
"3385",6,5,2,5,1,2
"3386",5,3,3,2,5,2
"3387",5,4,2,4,4,3
"3388",NA,NA,NA,NA,NA,NA
"3389",6,5,5,2,5,3
"3390",6,5,5,5,3,4
"3391",NA,NA,NA,NA,NA,NA
"3392",NA,NA,NA,NA,NA,NA
"3393",5,5,5,2,4,5
"3394",4,3,2,1,1,3
"3395",5,5,5,2,5,4
"3396",3,2,3,2,4,6
"3397",NA,NA,NA,NA,NA,NA
"3398",3,2,2,2,3,4
"3399",5,5,5,4,5,4
"3400",5,5,2,2,5,2
"3401",NA,NA,NA,NA,NA,NA
"3402",4,3,5,2,5,6
"3403",NA,NA,NA,NA,NA,NA
"3404",5,5,5,4,5,5
"3405",4,3,5,3,5,3
"3406",5,3,NA,NA,NA,NA
"3407",6,5,5,5,1,2
"3408",5,4,2,NA,2,3
"3409",6,5,5,3,5,2
"3410",6,5,5,5,5,2
"3411",6,4,2,4,2,3
"3412",5,3,5,3,3,4
"3413",6,4,4,4,3,4
"3414",6,4,1,5,5,4
"3415",5,5,5,3,1,4
"3416",5,5,5,2,1,2
"3417",5,5,3,2,5,2
"3418",4,3,3,4,5,2
"3419",6,5,4,2,1,3
"3420",5,4,4,3,4,5
"3421",4,4,4,2,1,4
"3422",5,4,2,2,5,5
"3423",6,5,2,4,2,3
"3424",5,1,5,3,1,5
"3425",NA,NA,NA,NA,NA,NA
"3426",5,3,5,2,5,4
"3427",NA,NA,NA,NA,NA,NA
"3428",5,4,2,2,5,2
"3429",5,5,1,2,1,1
"3430",4,4,3,3,4,3
"3431",NA,NA,NA,NA,NA,NA
"3432",5,5,5,3,5,3
"3433",5,5,3,2,5,3
"3434",3,2,5,2,1,4
"3435",3,1,5,2,1,5
"3436",4,4,3,4,3,2
"3437",5,5,5,2,4,2
"3438",5,5,4,2,2,4
"3439",6,5,4,4,3,4
"3440",6,4,5,2,2,4
"3441",6,5,3,4,3,4
"3442",6,5,3,3,5,4
"3443",5,5,5,2,5,3
"3444",NA,NA,NA,NA,NA,NA
"3445",5,4,5,3,1,2
"3446",NA,NA,NA,NA,NA,NA
"3447",5,5,4,2,3,4
"3448",5,3,3,4,4,2
"3449",NA,NA,NA,NA,NA,NA
"3450",5,3,3,3,5,2
"3451",NA,NA,NA,NA,NA,NA
"3452",6,5,5,2,5,4
"3453",3,2,3,4,3,3
"3454",6,5,2,4,5,3
"3455",5,5,4,2,5,4
"3456",NA,NA,NA,NA,NA,NA
"3457",6,3,5,1,5,3
"3458",4,4,5,2,5,3
"3459",5,4,1,1,5,2
"3460",4,3,3,4,5,4
"3461",NA,NA,NA,NA,NA,NA
"3462",4,1,5,4,1,5
"3463",6,4,5,4,1,4
"3464",4,3,4,2,1,3
"3465",NA,NA,NA,NA,NA,NA
"3466",5,5,4,NA,2,4
"3467",4,4,4,4,2,4
"3468",6,4,4,2,5,4
"3469",5,4,5,3,5,6
"3470",6,5,4,2,2,3
"3471",5,4,5,3,2,3
"3472",5,4,4,2,4,2
"3473",5,5,3,3,4,2
"3474",NA,NA,NA,NA,NA,NA
"3475",6,5,4,2,2,2
"3476",5,4,5,2,3,3
"3477",6,5,5,2,5,4
"3478",4,4,3,3,4,3
"3479",6,2,5,2,5,3
"3480",4,3,5,2,5,5
"3481",3,2,3,3,3,4
"3482",5,4,5,4,2,3
"3483",NA,NA,NA,NA,NA,NA
"3484",3,2,4,2,4,2
"3485",5,5,2,5,5,2
"3486",6,3,2,3,2,1
"3487",6,5,5,3,1,3
"3488",5,3,3,3,4,4
"3489",1,4,3,4,3,2
"3490",NA,NA,NA,NA,NA,NA
"3491",6,5,3,5,5,5
"3492",6,5,5,5,1,2
"3493",NA,NA,NA,NA,NA,NA
"3494",3,3,2,1,5,5
"3495",6,5,5,NA,NA,NA
"3496",4,2,3,3,2,3
"3497",6,5,4,2,5,4
"3498",NA,NA,NA,NA,NA,NA
"3499",NA,NA,NA,NA,NA,NA
"3500",NA,NA,NA,NA,NA,NA
"3501",NA,NA,NA,NA,NA,NA
"3502",4,1,1,NA,NA,NA
"3503",6,5,5,3,4,4
"3504",3,2,4,3,1,6
"3505",5,3,5,3,1,2
"3506",4,4,5,5,5,5
"3507",3,3,5,2,4,5
"3508",3,2,3,1,5,1
"3509",5,4,2,4,5,4
"3510",6,5,3,4,5,3
"3511",5,4,4,3,2,6
"3512",NA,NA,NA,NA,NA,NA
"3513",NA,NA,NA,NA,NA,NA
"3514",3,2,5,2,1,2
"3515",3,2,3,1,2,1
"3516",4,3,1,5,3,2
"3517",3,3,5,2,5,2
"3518",4,4,2,2,3,2
"3519",6,5,3,1,5,2
"3520",NA,NA,NA,NA,NA,NA
"3521",5,3,2,5,1,2
"3522",5,3,5,3,2,2
"3523",6,5,5,2,4,3
"3524",6,5,5,2,5,4
"3525",NA,NA,NA,NA,NA,NA
"3526",6,4,5,3,3,4
"3527",6,5,2,5,2,2
"3528",6,5,4,4,5,3
"3529",NA,NA,NA,NA,NA,NA
"3530",3,2,5,2,4,3
"3531",NA,NA,NA,NA,NA,NA
"3532",5,4,3,1,5,3
"3533",3,3,4,2,4,3
"3534",NA,NA,NA,NA,NA,NA
"3535",5,3,5,2,5,3
"3536",3,3,4,3,4,2
"3537",4,4,4,NA,2,3
"3538",NA,NA,NA,NA,NA,NA
"3539",4,4,5,2,4,3
"3540",4,1,3,5,1,4
"3541",5,4,2,5,5,4
"3542",5,5,5,2,5,3
"3543",5,5,5,5,1,2
"3544",5,4,5,2,4,3
"3545",6,5,2,5,2,4
"3546",5,5,3,3,5,3
"3547",4,3,5,2,5,4
"3548",5,4,5,2,5,6
"3549",6,5,2,5,1,2
"3550",3,3,3,3,3,4
"3551",3,2,4,2,4,2
"3552",5,5,5,2,1,3
"3553",5,4,NA,NA,5,4
"3554",4,4,2,1,5,2
"3555",NA,NA,NA,NA,NA,NA
"3556",2,2,5,2,3,2
"3557",NA,NA,NA,NA,NA,NA
"3558",3,3,3,3,5,6
"3559",3,2,2,4,2,2
"3560",4,4,4,2,4,6
"3561",6,2,5,3,5,2
"3562",5,3,5,3,1,4
"3563",6,5,3,4,3,3
"3564",4,4,5,4,1,4
"3565",3,1,1,1,1,1
"3566",6,5,5,2,4,5
"3567",3,3,5,5,2,2
"3568",6,5,5,3,5,3
"3569",NA,NA,NA,NA,NA,NA
"3570",NA,NA,NA,NA,NA,NA
"3571",NA,NA,NA,NA,NA,NA
"3572",3,3,3,1,4,2
"3573",NA,NA,NA,NA,NA,NA
"3574",4,2,4,3,2,2
"3575",4,4,5,2,5,3
"3576",5,3,3,4,1,4
"3577",6,5,3,4,4,4
"3578",6,6,5,2,5,1
"3579",4,3,3,3,2,2
"3580",6,5,5,2,2,4
"3581",5,3,5,5,5,2
"3582",5,4,2,1,4,3
"3583",NA,NA,NA,NA,NA,NA
"3584",NA,NA,NA,NA,NA,NA
"3585",6,5,4,4,2,1
"3586",4,4,2,1,5,3
"3587",NA,NA,NA,NA,NA,NA
"3588",6,5,4,5,2,2
"3589",5,5,3,2,4,2
"3590",4,4,2,1,5,2
"3591",5,4,5,1,1,4
"3592",6,4,4,3,5,2
"3593",5,4,3,1,2,4
"3594",NA,NA,NA,NA,NA,NA
"3595",5,4,5,1,5,4
"3596",5,5,5,4,1,2
"3597",6,5,5,2,5,2
"3598",3,3,2,4,5,2
"3599",6,5,5,5,1,4
"3600",NA,NA,NA,NA,NA,NA
"3601",4,3,5,2,1,4
"3602",6,4,4,3,4,2
"3603",3,2,3,3,2,2
"3604",NA,NA,NA,NA,NA,NA
"3605",6,5,4,3,2,3
"3606",5,5,5,3,5,4
"3607",6,2,3,2,2,4
"3608",NA,NA,NA,NA,NA,NA
"3609",NA,NA,NA,NA,NA,NA
"3610",5,4,3,3,2,4
"3611",5,4,5,3,5,2
"3612",3,1,2,3,4,2
"3613",NA,NA,NA,NA,NA,NA
"3614",5,4,5,3,5,5
"3615",5,4,4,3,2,5
"3616",6,3,5,2,5,4
"3617",4,3,5,1,2,3
"3618",6,5,5,3,5,4
"3619",5,5,5,3,NA,3
"3620",6,5,5,3,3,2
"3621",6,5,5,2,2,3
"3622",3,2,4,4,4,3
"3623",NA,NA,NA,NA,NA,NA
"3624",5,3,1,5,1,2
"3625",NA,NA,NA,NA,NA,NA
"3626",3,3,4,2,5,3
"3627",5,4,3,2,5,3
"3628",5,5,4,2,4,4
"3629",6,5,5,2,1,2
"3630",4,2,4,2,1,5
"3631",6,4,1,4,1,2
"3632",6,4,4,2,5,4
"3633",5,3,5,1,1,6
"3634",3,1,3,3,1,4
"3635",NA,NA,NA,NA,NA,NA
"3636",6,4,3,2,2,2
"3637",4,1,4,3,1,3
"3638",5,4,5,3,5,3
"3639",2,1,5,5,1,4
"3640",6,4,5,4,5,3
"3641",5,5,4,2,2,3
"3642",2,2,3,2,3,4
"3643",4,3,5,2,4,5
"3644",2,1,5,4,1,5
"3645",5,5,5,4,4,4
"3646",3,3,5,2,1,4
"3647",4,1,4,NA,1,2
"3648",4,3,4,2,4,4
"3649",4,2,5,2,5,3
"3650",4,4,3,4,5,1
"3651",6,4,5,3,5,3
"3652",4,4,2,3,5,4
"3653",6,5,4,3,2,3
"3654",5,4,4,2,3,3
"3655",NA,NA,NA,NA,NA,NA
"3656",5,4,2,1,4,5
"3657",NA,NA,NA,NA,NA,NA
"3658",5,4,4,3,4,2
"3659",5,5,5,3,2,2
"3660",NA,NA,NA,NA,NA,NA
"3661",6,5,5,2,5,1
"3662",6,3,2,5,1,3
"3663",NA,NA,NA,NA,NA,NA
"3664",5,1,2,3,4,3
"3665",5,4,5,2,5,3
"3666",5,4,2,3,1,2
"3667",3,2,5,3,3,3
"3668",4,2,5,2,1,4
"3669",NA,NA,NA,NA,NA,NA
"3670",NA,NA,NA,NA,NA,NA
"3671",2,2,4,3,3,3
"3672",3,3,4,3,4,3
"3673",5,3,3,3,5,4
"3674",5,5,1,1,3,3
"3675",6,4,4,4,2,3
"3676",4,2,5,2,1,5
"3677",2,1,2,1,1,4
"3678",4,4,5,2,5,4
"3679",5,3,5,1,2,4
"3680",6,5,2,2,4,3
"3681",6,5,4,3,5,3
"3682",4,4,4,2,1,3
"3683",5,4,3,2,4,5
"3684",NA,NA,NA,NA,NA,NA
"3685",NA,NA,NA,NA,NA,NA
"3686",6,5,4,3,5,3
"3687",6,3,5,2,4,4
"3688",5,5,5,2,4,4
"3689",NA,NA,NA,NA,NA,NA
"3690",NA,NA,NA,NA,NA,NA
"3691",3,2,3,4,1,4
"3692",6,4,5,1,3,3
"3693",4,4,5,2,5,4
"3694",6,5,3,4,2,2
"3695",5,4,5,3,1,4
"3696",5,4,5,5,1,4
"3697",6,6,5,5,5,2
"3698",2,1,3,4,2,2
"3699",4,3,3,3,5,4
"3700",3,3,4,2,1,2
"3701",1,1,1,5,2,2
"3702",5,4,1,3,2,2
"3703",6,5,5,3,4,2
"3704",3,3,1,1,5,2
"3705",4,2,2,NA,NA,NA
"3706",6,5,5,2,1,5
"3707",5,4,5,3,3,5
"3708",6,4,5,4,1,4
"3709",NA,NA,NA,NA,NA,NA
"3710",5,4,5,3,4,5
"3711",2,1,1,2,1,5
"3712",NA,NA,NA,NA,NA,NA
"3713",6,1,5,3,3,6
"3714",6,5,3,4,5,4
"3715",5,4,5,3,5,3
"3716",6,6,5,1,5,4
"3717",6,4,2,5,4,3
"3718",NA,NA,NA,NA,NA,NA
"3719",NA,NA,NA,NA,NA,NA
"3720",6,4,3,1,2,1
"3721",NA,NA,NA,NA,NA,NA
"3722",5,4,5,3,4,4
"3723",6,3,3,3,2,2
"3724",5,5,3,5,3,3
"3725",2,2,5,5,1,5
"3726",6,5,5,3,5,2
"3727",NA,NA,NA,NA,NA,NA
"3728",6,5,5,2,4,3
"3729",6,5,5,5,5,6
"3730",6,5,2,2,2,3
"3731",6,5,5,3,4,4
"3732",4,4,1,1,3,5
"3733",6,5,4,2,4,4
"3734",5,5,5,2,3,5
"3735",6,4,2,3,5,2
"3736",5,3,3,2,1,3
"3737",NA,NA,NA,NA,NA,NA
"3738",5,5,4,2,4,3
"3739",5,5,5,3,5,2
"3740",5,5,1,5,2,3
"3741",6,4,5,4,5,3
"3742",6,5,4,2,5,3
"3743",4,4,2,3,1,2
"3744",6,5,5,2,5,2
"3745",5,3,4,3,1,3
"3746",6,5,5,2,3,3
"3747",4,3,5,2,5,6
"3748",6,4,4,5,3,2
"3749",3,3,5,2,1,2
"3750",5,2,4,2,4,3
"3751",1,1,3,1,3,5
"3752",5,3,5,2,2,5
"3753",4,2,5,2,1,2
"3754",6,5,4,3,4,4
"3755",5,4,1,NA,1,3
"3756",6,5,5,2,1,2
"3757",3,3,3,3,3,2
"3758",5,2,2,4,1,4
"3759",5,3,5,3,1,2
"3760",5,5,3,4,5,2
"3761",4,4,5,2,5,2
"3762",3,1,5,1,1,2
"3763",4,4,2,3,2,2
"3764",4,4,3,4,5,1
"3765",6,4,4,2,1,4
"3766",4,4,3,1,4,3
"3767",NA,NA,NA,NA,NA,NA
"3768",NA,NA,NA,NA,NA,NA
"3769",2,1,5,3,5,4
"3770",NA,NA,NA,NA,NA,NA
"3771",4,3,3,2,5,4
"3772",5,4,2,2,2,5
"3773",5,3,5,1,2,5
"3774",6,3,2,1,5,2
"3775",5,5,5,2,4,4
"3776",NA,NA,NA,NA,NA,NA
"3777",6,5,3,4,5,4
"3778",5,4,5,1,5,2
"3779",5,4,4,3,3,2
"3780",NA,4,5,3,2,3
"3781",6,5,5,1,5,2
"3782",NA,NA,NA,NA,NA,NA
"3783",6,5,5,1,5,4
"3784",NA,NA,NA,NA,NA,NA
"3785",3,2,5,2,5,2
"3786",6,5,5,3,1,3
"3787",4,3,3,2,2,2
"3788",5,3,5,2,5,5
"3789",5,3,5,2,1,3
"3790",5,4,3,3,3,4
"3791",4,2,5,2,5,5
"3792",5,2,5,5,1,2
"3793",4,4,5,3,5,4
"3794",4,2,5,3,2,4
"3795",3,2,5,1,5,2
"3796",NA,NA,NA,NA,NA,NA
"3797",NA,NA,NA,NA,NA,NA
"3798",5,4,3,2,4,4
"3799",5,3,5,3,3,3
"3800",6,5,NA,2,5,5
"3801",NA,NA,NA,NA,NA,NA
"3802",6,5,2,1,2,4
"3803",NA,NA,NA,NA,NA,NA
"3804",NA,NA,NA,NA,NA,NA
"3805",5,2,5,1,2,2
"3806",6,5,5,2,5,5
"3807",5,3,3,2,3,4
"3808",5,3,5,2,3,2
"3809",6,5,2,5,3,2
"3810",6,5,1,1,5,4
"3811",NA,NA,NA,NA,NA,NA
"3812",6,5,5,2,2,2
"3813",NA,NA,NA,NA,NA,NA
"3814",5,4,4,3,1,3
"3815",NA,NA,NA,NA,NA,NA
"3816",6,2,2,3,2,3
"3817",6,5,5,2,2,2
"3818",4,1,5,1,5,4
"3819",NA,NA,NA,NA,NA,NA
"3820",NA,NA,NA,NA,NA,NA
"3821",2,2,1,1,3,4
"3822",4,4,5,1,5,5
"3823",6,5,3,3,5,4
"3824",4,4,5,3,5,3
"3825",NA,NA,NA,NA,NA,NA
"3826",6,5,5,2,2,4
"3827",2,2,2,1,5,5
"3828",5,4,3,4,1,3
"3829",4,3,4,2,2,5
"3830",5,5,3,3,4,3
"3831",4,4,4,3,3,6
"3832",NA,NA,NA,NA,NA,NA
"3833",5,4,5,5,1,NA
"3834",5,5,5,3,5,5
"3835",4,3,5,1,4,4
"3836",3,2,4,4,5,5
"3837",5,5,3,1,5,3
"3838",NA,NA,NA,NA,NA,NA
"3839",4,2,2,NA,2,2
"3840",5,5,5,3,5,4
"3841",6,3,5,5,1,2
"3842",5,2,5,3,1,3
"3843",5,4,5,4,5,2
"3844",6,4,1,1,5,4
"3845",6,3,5,2,5,5
"3846",NA,NA,NA,NA,NA,NA
"3847",NA,NA,NA,NA,NA,NA
"3848",4,4,5,2,3,5
"3849",4,4,5,3,5,4
"3850",4,4,1,5,1,2
"3851",5,4,5,3,4,2
"3852",6,4,5,4,3,4
"3853",3,3,4,3,5,3
"3854",6,3,2,1,3,2
"3855",6,5,5,3,5,5
"3856",4,3,5,2,5,3
"3857",5,4,4,2,3,4
"3858",5,4,5,2,2,5
"3859",6,3,5,2,3,3
"3860",5,4,3,4,1,4
"3861",NA,NA,NA,NA,NA,NA
"3862",4,3,4,2,3,5
"3863",NA,NA,NA,NA,NA,NA
"3864",5,4,5,3,5,5
"3865",NA,NA,NA,NA,NA,NA
"3866",1,1,1,4,5,4
"3867",5,3,2,1,3,4
"3868",4,2,4,2,5,4
"3869",6,5,5,4,5,2
"3870",3,3,5,3,1,4
"3871",NA,NA,NA,NA,NA,NA
"3872",5,4,4,5,1,5
"3873",5,5,5,1,3,4
"3874",5,2,5,2,3,6
"3875",6,5,5,2,5,3
"3876",5,5,2,3,2,4
"3877",3,2,1,2,1,3
"3878",2,1,2,4,5,4
"3879",4,3,5,2,1,3
"3880",2,2,1,2,5,4
"3881",6,4,5,2,5,5
"3882",3,3,5,1,5,4
"3883",NA,NA,NA,NA,NA,NA
"3884",5,5,3,4,4,2
"3885",NA,NA,NA,NA,NA,NA
"3886",6,5,4,5,5,4
"3887",6,5,3,5,4,2
"3888",NA,NA,NA,NA,NA,NA
"3889",6,6,4,1,5,3
"3890",6,6,5,2,5,6
"3891",2,3,3,3,4,3
"3892",NA,NA,NA,NA,NA,NA
"3893",5,4,1,5,5,2
"3894",4,3,5,3,4,3
"3895",NA,NA,NA,NA,NA,NA
"3896",6,5,4,3,4,2
"3897",6,5,5,1,5,3
"3898",6,5,2,3,5,4
"3899",NA,NA,NA,NA,NA,NA
"3900",2,1,4,2,3,3
"3901",5,3,5,2,1,2
"3902",NA,NA,NA,NA,NA,NA
"3903",6,5,5,1,5,5
"3904",NA,NA,NA,NA,NA,NA
"3905",NA,NA,NA,NA,NA,NA
"3906",4,4,4,3,5,2
"3907",NA,NA,NA,NA,NA,NA
"3908",6,4,5,3,4,2
"3909",4,2,5,2,5,3
"3910",NA,NA,NA,NA,NA,NA
"3911",4,4,5,4,5,5
"3912",6,6,2,2,1,3
"3913",5,5,5,4,5,4
"3914",4,4,5,2,2,3
"3915",6,2,3,3,1,4
"3916",6,5,5,2,5,4
"3917",3,1,4,2,1,4
"3918",5,4,4,5,3,5
"3919",6,3,3,4,5,3
"3920",5,5,3,1,5,3
"3921",2,2,2,1,5,6
"3922",5,5,2,3,3,3
"3923",4,4,2,5,5,2
"3924",4,2,5,2,5,1
"3925",4,3,5,5,5,5
"3926",5,4,3,4,5,2
"3927",6,3,2,5,1,4
"3928",6,5,3,3,5,3
"3929",NA,NA,NA,NA,NA,NA
"3930",6,5,5,3,5,2
"3931",5,4,5,4,5,2
"3932",6,6,5,5,5,4
"3933",5,5,5,2,5,4
"3934",5,4,5,2,2,5
"3935",2,2,NA,NA,NA,NA
"3936",6,5,5,2,5,5
"3937",5,2,4,4,2,3
"3938",5,1,5,1,5,5
"3939",4,3,5,1,5,1
"3940",6,4,4,4,5,4
"3941",NA,NA,NA,NA,NA,NA
"3942",5,5,5,5,3,5
"3943",4,4,5,3,4,4
"3944",4,1,2,1,1,4
"3945",5,3,4,2,4,4
"3946",6,5,4,3,2,1
"3947",NA,NA,NA,NA,NA,NA
"3948",NA,NA,NA,NA,NA,NA
"3949",6,5,5,2,5,3
"3950",NA,NA,NA,NA,NA,NA
"3951",4,2,2,2,2,2
"3952",5,3,5,2,5,4
"3953",NA,NA,NA,NA,NA,NA
"3954",5,2,3,2,5,4
"3955",NA,NA,NA,NA,NA,NA
"3956",4,3,5,2,5,3
"3957",5,3,5,2,2,2
"3958",6,5,5,1,5,2
"3959",NA,NA,NA,NA,NA,NA
"3960",NA,NA,NA,NA,NA,NA
"3961",4,4,5,3,5,3
"3962",6,5,5,5,1,2
"3963",5,5,5,2,5,4
"3964",5,5,1,1,1,2
"3965",6,5,3,4,5,3
"3966",3,2,5,2,3,3
"3967",4,3,2,2,2,3
"3968",NA,NA,NA,NA,NA,NA
"3969",4,3,5,1,1,2
"3970",5,5,4,3,3,2
"3971",6,5,2,3,5,3
"3972",4,4,4,3,4,4
"3973",3,1,5,1,5,4
"3974",5,3,5,4,5,2
"3975",6,5,5,2,3,4
"3976",5,5,5,3,5,3
"3977",3,3,5,1,3,2
"3978",5,3,4,3,3,3
"3979",4,1,5,2,1,2
"3980",2,1,3,4,1,2
"3981",6,4,4,3,5,3
"3982",6,5,5,2,2,2
"3983",5,3,3,2,2,2
"3984",6,5,1,1,4,1
"3985",NA,NA,NA,NA,NA,NA
"3986",3,2,2,3,3,3
"3987",3,3,3,2,5,1
"3988",NA,NA,NA,NA,NA,NA
"3989",4,2,2,2,1,4
"3990",5,5,5,2,5,5
"3991",3,3,2,5,1,4
"3992",5,5,5,4,5,4
"3993",NA,NA,NA,NA,NA,NA
"3994",6,6,5,5,5,3
"3995",5,5,5,3,5,3
"3996",NA,NA,NA,NA,NA,NA
"3997",5,5,5,2,5,3
"3998",6,4,4,2,5,3
"3999",5,4,2,1,5,3
"4000",6,4,3,4,3,3
"4001",5,5,4,2,5,2
"4002",5,4,4,3,1,2
"4003",NA,NA,NA,NA,NA,NA
"4004",4,2,4,2,3,4
"4005",6,5,5,2,4,5
"4006",NA,NA,NA,NA,NA,NA
"4007",6,5,5,2,5,3
"4008",6,5,5,NA,2,4
"4009",5,5,5,3,4,4
"4010",6,3,5,2,5,4
"4011",6,5,1,5,5,5
"4012",4,3,5,5,1,5
"4013",1,1,2,2,2,5
"4014",6,5,5,5,2,2
"4015",6,5,5,2,5,3
"4016",4,4,5,2,5,4
"4017",6,5,5,5,5,5
"4018",5,5,5,3,5,4
"4019",2,1,5,4,1,6
"4020",6,5,5,2,1,1
"4021",5,4,3,3,5,4
"4022",NA,NA,NA,NA,NA,NA
"4023",4,4,5,3,1,1
"4024",5,3,4,3,3,1
"4025",6,5,3,2,5,2
"4026",4,3,5,1,1,3
"4027",4,1,NA,4,2,3
"4028",4,3,2,2,1,5
"4029",NA,NA,NA,NA,NA,NA
"4030",3,3,4,2,4,3
"4031",6,4,5,4,2,4
"4032",5,5,5,1,5,4
"4033",NA,NA,NA,NA,NA,NA
"4034",NA,NA,NA,NA,NA,NA
"4035",4,4,3,3,4,2
"4036",6,4,4,3,1,3
"4037",5,3,2,4,1,3
"4038",4,4,5,4,5,3
"4039",2,2,1,5,1,2
"4040",NA,NA,NA,NA,NA,NA
"4041",6,5,5,2,1,2
"4042",2,1,2,1,3,4
"4043",4,4,3,3,3,5
"4044",6,4,2,4,4,2
"4045",2,2,3,2,4,4
"4046",NA,6,5,2,1,2
"4047",6,5,4,3,4,2
"4048",6,5,4,2,5,2
"4049",4,4,3,3,4,4
"4050",6,5,5,5,5,4
"4051",6,4,4,3,5,4
"4052",5,3,5,2,4,NA
"4053",3,3,1,5,5,2
"4054",3,2,5,1,5,2
"4055",3,2,4,2,4,4
"4056",6,3,2,1,4,2
"4057",4,4,5,2,5,2
"4058",3,3,2,NA,5,2
"4059",4,4,5,2,1,4
"4060",6,5,4,2,1,2
"4061",NA,NA,NA,NA,NA,NA
"4062",6,5,3,1,5,5
"4063",NA,NA,NA,NA,NA,NA
"4064",5,5,5,2,5,5
"4065",4,1,4,2,5,2
"4066",4,4,5,4,4,5
"4067",3,2,2,4,1,4
"4068",3,3,2,4,4,4
"4069",2,1,1,NA,2,2
"4070",5,3,4,2,2,3
"4071",NA,NA,NA,NA,NA,NA
"4072",3,2,5,1,5,3
"4073",6,5,1,3,2,4
"4074",6,5,2,4,3,3
"4075",6,5,5,1,5,2
"4076",NA,NA,NA,NA,NA,NA
"4077",5,5,5,2,5,4
"4078",NA,NA,NA,NA,NA,NA
"4079",5,4,5,4,5,3
"4080",4,4,4,2,4,5
"4081",5,3,3,3,3,2
"4082",4,3,4,4,2,4
"4083",6,5,3,4,5,3
"4084",5,5,2,5,5,5
"4085",5,4,2,5,4,5
"4086",NA,NA,NA,NA,NA,NA
"4087",NA,NA,NA,NA,NA,NA
"4088",3,3,2,1,2,3
"4089",5,4,5,4,1,5
"4090",5,3,5,3,1,4
"4091",4,1,5,2,5,2
"4092",NA,NA,NA,NA,NA,NA
"4093",6,4,4,3,5,2
"4094",5,3,3,3,2,3
"4095",5,4,5,2,5,4
"4096",4,2,5,3,1,3
"4097",5,4,2,4,1,2
"4098",3,1,2,5,3,4
"4099",5,4,4,3,3,4
"4100",5,3,4,3,5,2
"4101",4,3,1,5,1,2
"4102",6,5,2,4,3,3
"4103",6,5,3,4,5,4
"4104",6,3,3,2,4,1
"4105",6,4,3,3,1,2
"4106",NA,NA,NA,NA,NA,NA
"4107",NA,NA,NA,NA,NA,NA
"4108",6,5,2,5,5,4
"4109",3,3,4,3,5,5
"4110",4,3,NA,3,2,2
"4111",4,4,5,2,4,3
"4112",6,5,2,5,5,4
"4113",5,3,3,3,2,4
"4114",4,4,5,3,1,4
"4115",6,5,5,1,1,5
"4116",4,2,4,3,5,3
"4117",6,5,1,5,1,2
"4118",3,3,4,1,4,4
"4119",6,5,2,1,5,3
"4120",5,4,5,2,4,4
"4121",5,2,2,2,2,2
"4122",5,5,5,2,1,5
"4123",5,5,3,2,2,2
"4124",5,4,3,3,2,4
"4125",3,3,4,2,1,4
"4126",3,2,3,1,5,4
"4127",5,5,2,4,5,3
"4128",6,4,4,3,1,2
"4129",5,5,4,4,2,3
"4130",5,5,2,4,4,4
"4131",5,4,5,1,1,3
"4132",6,4,4,2,4,2
"4133",5,5,2,4,2,3
"4134",6,5,4,3,5,5
"4135",4,3,5,2,3,4
"4136",NA,NA,NA,NA,NA,NA
"4137",6,4,3,4,3,3
"4138",4,2,5,2,5,4
"4139",NA,NA,NA,NA,NA,NA
"4140",5,4,4,3,4,2
"4141",NA,NA,NA,NA,NA,NA
"4142",4,4,5,3,1,3
"4143",4,2,5,3,4,4
"4144",5,4,3,2,3,2
"4145",NA,NA,NA,NA,NA,NA
"4146",5,5,5,2,5,3
"4147",5,5,5,2,5,3
"4148",4,2,5,3,5,3
"4149",6,5,5,3,5,3
"4150",5,4,2,3,1,2
"4151",NA,NA,NA,NA,NA,NA
"4152",4,4,5,1,5,5
"4153",4,1,5,2,1,4
"4154",NA,NA,NA,NA,NA,NA
"4155",4,3,4,2,3,2
"4156",5,5,4,3,2,3
"4157",5,4,3,2,5,2
"4158",NA,NA,NA,NA,NA,NA
"4159",4,3,4,3,5,4
"4160",5,4,3,5,5,3
"4161",3,2,2,2,2,3
"4162",4,4,3,4,1,3
"4163",6,5,5,3,5,5
"4164",6,4,1,1,5,5
"4165",4,3,2,1,1,4
"4166",5,2,5,2,1,4
"4167",4,3,5,2,1,3
"4168",5,5,5,3,4,3
"4169",5,1,3,3,2,4
"4170",4,4,5,3,5,2
"4171",5,5,5,3,2,3
"4172",6,5,4,2,2,4
"4173",4,2,2,2,2,4
"4174",4,3,3,3,1,4
"4175",4,2,5,4,2,5
"4176",NA,NA,NA,NA,NA,NA
"4177",NA,NA,NA,NA,NA,NA
"4178",1,1,3,1,5,6
"4179",4,4,5,4,2,3
"4180",6,5,5,4,2,2
"4181",NA,NA,NA,NA,NA,NA
"4182",5,2,4,4,2,4
"4183",3,1,5,3,5,2
"4184",5,4,5,4,4,4
"4185",5,2,5,2,4,4
"4186",NA,NA,NA,NA,NA,NA
"4187",6,4,2,2,4,3
"4188",6,6,1,1,5,1
"4189",6,5,5,2,5,4
"4190",5,5,3,1,4,3
"4191",2,2,5,1,5,2
"4192",4,3,2,2,1,5
"4193",6,2,2,5,4,3
"4194",5,4,5,3,1,4
"4195",5,4,5,2,2,4
"4196",3,3,1,5,1,3
"4197",4,3,4,3,5,2
"4198",4,4,1,1,5,2
"4199",4,3,2,1,3,5
"4200",5,4,1,4,5,6
"4201",6,5,5,4,2,4
"4202",6,5,5,1,2,6
"4203",6,5,5,2,2,3
"4204",5,5,5,1,5,6
"4205",5,3,4,2,4,5
"4206",3,2,5,2,5,3
"4207",6,4,5,2,1,4
"4208",5,3,4,3,2,2
"4209",6,5,4,3,5,3
"4210",6,5,2,3,5,2
"4211",6,5,5,2,1,5
"4212",4,3,3,3,4,3
"4213",NA,NA,NA,NA,NA,NA
"4214",5,5,5,3,2,3
"4215",5,2,5,3,5,1
"4216",5,5,5,2,5,3
"4217",6,5,3,4,4,4
"4218",5,4,5,3,5,3
"4219",NA,NA,NA,NA,NA,NA
"4220",4,2,5,2,4,1
"4221",5,5,5,2,5,3
"4222",5,5,5,4,2,4
"4223",5,5,2,2,3,4
"4224",5,5,5,2,4,3
"4225",6,5,5,4,2,5
"4226",NA,NA,NA,NA,NA,NA
"4227",2,2,1,1,5,3
"4228",5,5,5,5,5,5
"4229",6,5,5,2,1,5
"4230",NA,NA,NA,NA,NA,NA
"4231",NA,NA,NA,NA,NA,NA
"4232",6,5,2,1,5,3
"4233",5,4,3,2,4,NA
"4234",2,2,2,1,2,4
"4235",NA,NA,NA,NA,NA,NA
"4236",NA,NA,NA,NA,NA,NA
"4237",6,4,5,5,1,2
"4238",4,4,5,1,5,6
"4239",5,5,5,3,5,5
"4240",4,3,1,3,5,4
"4241",6,5,3,3,5,1
"4242",5,4,3,2,5,4
"4243",6,5,2,2,5,4
"4244",3,3,4,5,4,2
"4245",6,5,5,4,4,2
"4246",5,4,5,1,5,4
"4247",5,4,3,5,5,4
"4248",5,5,5,1,4,5
"4249",3,3,5,2,5,2
"4250",5,5,4,1,5,3
"4251",3,2,2,1,2,2
"4252",5,4,1,5,1,2
"4253",5,2,5,1,1,4
"4254",3,3,2,1,5,5
"4255",NA,NA,NA,NA,NA,NA
"4256",NA,NA,NA,NA,NA,NA
"4257",6,4,2,4,3,4
"4258",5,4,4,2,1,2
"4259",5,5,2,4,2,3
"4260",NA,5,5,3,5,2
"4261",5,3,5,2,1,5
"4262",NA,NA,NA,NA,NA,NA
"4263",5,4,3,4,5,5
"4264",NA,NA,NA,NA,NA,NA
"4265",NA,NA,NA,NA,NA,NA
"4266",4,4,4,3,4,4
"4267",NA,NA,NA,NA,NA,NA
"4268",5,4,5,2,1,6
"4269",NA,NA,NA,NA,NA,NA
"4270",5,5,5,2,5,3
"4271",NA,NA,NA,NA,NA,NA
"4272",NA,NA,NA,NA,NA,NA
"4273",5,3,4,3,4,5
"4274",4,4,2,5,1,1
"4275",5,4,4,3,5,4
"4276",NA,NA,NA,NA,NA,NA
"4277",2,2,5,2,5,4
"4278",5,5,5,3,2,3
"4279",4,1,5,1,1,4
"4280",NA,NA,NA,NA,NA,NA
"4281",4,4,4,4,1,2
"4282",5,4,4,2,5,4
"4283",5,5,4,2,2,2
"4284",NA,NA,NA,NA,NA,NA
"4285",6,3,4,2,4,3
"4286",NA,NA,NA,NA,NA,NA
"4287",NA,NA,NA,NA,NA,NA
"4288",5,3,3,2,2,2
"4289",4,4,4,3,5,3
"4290",2,2,1,3,5,3
"4291",6,5,5,5,3,3
"4292",4,4,3,3,2,3
"4293",4,3,5,2,5,2
"4294",5,2,3,5,2,4
"4295",3,2,5,1,5,4
"4296",5,4,5,2,5,5
"4297",6,5,5,3,2,3
"4298",5,5,3,2,3,2
"4299",5,4,4,3,5,4
"4300",5,3,3,3,2,2
"4301",5,5,5,4,2,3
"4302",3,2,4,2,5,3
"4303",6,5,3,4,5,3
"4304",4,2,4,4,2,1
"4305",5,5,5,2,5,4
"4306",5,3,5,1,5,5
"4307",4,2,4,2,5,3
"4308",6,5,5,1,1,2
"4309",5,4,5,3,3,5
"4310",NA,NA,NA,NA,NA,NA
"4311",5,4,5,2,1,2
"4312",4,4,3,2,4,2
"4313",5,4,3,3,2,4
"4314",6,4,5,3,5,3
"4315",NA,NA,NA,NA,NA,NA
"4316",NA,NA,NA,NA,NA,NA
"4317",6,5,5,4,3,2
"4318",6,1,5,3,2,3
"4319",NA,NA,NA,NA,NA,NA
"4320",4,3,5,2,5,5
"4321",5,4,3,4,1,4
"4322",4,3,4,2,3,4
"4323",6,5,5,4,5,3
"4324",NA,NA,NA,NA,NA,NA
"4325",6,4,5,2,1,4
"4326",3,2,3,2,5,3
"4327",5,4,3,3,4,2
"4328",6,5,3,2,5,2
"4329",6,5,4,4,5,3
"4330",NA,NA,NA,NA,NA,NA
"4331",5,5,5,4,5,5
"4332",NA,NA,NA,NA,NA,NA
"4333",NA,NA,NA,NA,NA,NA
"4334",5,4,4,2,3,2
"4335",6,5,5,2,2,3
"4336",4,4,3,3,1,4
"4337",5,4,2,1,3,2
"4338",NA,NA,NA,NA,NA,NA
"4339",3,2,5,1,4,4
"4340",NA,NA,NA,NA,NA,NA
"4341",3,3,2,3,4,4
"4342",5,5,5,2,5,2
"4343",4,4,4,3,1,3
"4344",6,1,4,3,1,4
"4345",2,2,5,4,3,5
"4346",NA,NA,NA,NA,NA,NA
"4347",5,4,5,3,5,3
"4348",5,4,5,1,5,3
"4349",4,3,1,5,5,2
"4350",5,4,3,4,2,2
"4351",5,5,1,1,3,2
"4352",3,1,5,2,3,4
"4353",6,5,2,1,2,3
"4354",NA,NA,NA,NA,NA,NA
"4355",6,5,3,5,5,3
"4356",3,2,1,5,5,2
"4357",NA,NA,NA,NA,NA,NA
"4358",3,2,2,3,4,4
"4359",4,4,2,1,1,4
"4360",NA,NA,NA,NA,NA,NA
"4361",4,2,1,3,2,1
"4362",6,5,3,5,5,5
"4363",4,4,1,3,5,1
"4364",6,5,5,NA,5,5
"4365",5,4,5,1,3,3
"4366",6,4,4,2,4,3
"4367",5,2,4,2,4,4
"4368",4,3,4,3,2,3
"4369",NA,NA,NA,NA,NA,NA
"4370",5,4,2,5,3,3
"4371",4,3,5,2,5,3
"4372",4,4,5,3,3,3
"4373",5,2,5,2,4,4
"4374",2,2,1,3,1,2
"4375",6,3,2,2,5,2
"4376",5,3,2,4,4,3
"4377",6,5,5,5,4,5
"4378",3,3,3,2,4,4
"4379",4,4,2,1,4,3
"4380",NA,NA,NA,NA,NA,NA
"4381",6,5,2,1,5,5
"4382",5,4,5,2,2,5
"4383",NA,NA,NA,NA,NA,NA
"4384",5,4,2,4,4,2
"4385",4,2,2,1,3,5
"4386",6,5,5,3,2,3
"4387",5,3,5,2,4,3
"4388",NA,NA,NA,NA,NA,NA
"4389",NA,NA,NA,NA,NA,NA
"4390",NA,NA,NA,NA,NA,NA
"4391",6,3,5,2,2,3
"4392",3,3,1,1,3,4
"4393",6,4,2,3,5,1
"4394",NA,NA,NA,NA,NA,NA
"4395",NA,NA,NA,NA,NA,NA
"4396",5,5,5,2,1,3
"4397",6,5,4,5,3,4
"4398",4,3,4,2,5,4
"4399",5,3,1,1,5,4
"4400",4,4,4,3,5,2
"4401",5,4,5,1,1,6
"4402",3,3,2,4,1,4
"4403",3,3,4,4,3,3
"4404",5,5,1,5,3,2
"4405",6,5,5,4,2,3
"4406",6,5,5,3,2,3
"4407",4,3,2,5,2,2
"4408",4,4,5,4,5,2
"4409",2,2,5,2,5,4
"4410",5,1,5,5,2,4
"4411",4,2,4,2,4,4
"4412",4,4,5,3,3,3
"4413",NA,NA,NA,NA,NA,NA
"4414",4,4,5,2,5,5
"4415",4,4,4,4,5,3
"4416",4,3,5,3,1,2
"4417",3,3,5,2,5,2
"4418",6,5,2,2,4,2
"4419",5,4,4,3,2,2
"4420",5,5,1,5,1,2
"4421",3,2,3,3,1,2
"4422",5,5,5,5,2,2
"4423",4,1,5,3,4,3
"4424",3,1,3,3,1,2
"4425",3,4,5,4,4,5
"4426",5,5,5,1,1,2
"4427",6,5,5,5,3,4
"4428",5,4,5,2,4,4
"4429",NA,NA,NA,NA,NA,NA
"4430",3,2,2,1,5,6
"4431",4,3,5,3,1,3
"4432",NA,NA,NA,NA,NA,NA
"4433",2,2,5,3,1,4
"4434",4,2,1,5,1,4
"4435",4,3,5,2,5,4
"4436",5,4,5,2,4,4
"4437",5,4,3,4,5,3
"4438",NA,NA,NA,NA,NA,NA
"4439",5,5,4,2,4,2
"4440",4,3,5,1,1,5
"4441",5,3,5,2,5,4
"4442",6,5,3,3,1,4
"4443",4,3,5,5,1,1
"4444",5,4,5,1,5,2
"4445",5,4,4,3,2,6
"4446",NA,NA,NA,NA,NA,NA
"4447",6,5,5,2,4,4
"4448",6,5,5,4,5,4
"4449",5,4,4,2,3,5
"4450",6,5,5,4,5,3
"4451",NA,NA,NA,NA,NA,NA
"4452",6,5,3,3,3,4
"4453",NA,NA,NA,NA,NA,NA
"4454",NA,NA,NA,NA,NA,NA
"4455",4,3,3,2,5,3
"4456",NA,NA,NA,NA,NA,NA
"4457",6,4,1,5,1,2
"4458",6,5,5,3,2,6
"4459",NA,NA,NA,NA,NA,NA
"4460",6,6,3,3,2,3
"4461",4,3,5,5,5,3
"4462",4,2,5,4,5,4
"4463",6,5,1,2,4,3
"4464",6,5,3,2,4,4
"4465",NA,NA,NA,NA,NA,NA
"4466",5,1,5,2,1,6
"4467",4,2,4,3,1,3
"4468",5,5,4,4,5,3
"4469",NA,NA,NA,NA,NA,NA
"4470",5,5,5,4,5,4
"4471",6,5,5,3,5,3
"4472",NA,NA,NA,NA,NA,NA
"4473",NA,NA,NA,NA,NA,NA
"4474",4,4,3,3,4,3
"4475",5,4,5,2,5,4
"4476",5,5,4,3,5,5
"4477",6,3,1,5,4,2
"4478",5,3,4,3,5,2
"4479",4,4,5,2,1,2
"4480",4,2,1,2,2,2
"4481",3,2,5,1,4,5
"4482",6,5,3,2,5,4
"4483",4,2,2,5,1,3
"4484",6,5,3,2,2,2
"4485",6,5,2,2,2,3
"4486",2,1,2,NA,1,3
"4487",5,5,5,2,2,3
"4488",5,4,2,1,4,2
"4489",4,3,5,2,5,3
"4490",5,4,4,3,3,3
"4491",NA,NA,NA,NA,NA,NA
"4492",6,3,1,1,1,2
"4493",NA,NA,NA,NA,NA,NA
"4494",6,6,2,3,2,2
"4495",NA,NA,NA,NA,NA,NA
"4496",NA,NA,NA,NA,NA,NA
"4497",5,5,5,2,5,5
"4498",5,4,5,2,5,3
"4499",1,1,NA,NA,1,1
"4500",NA,NA,NA,NA,NA,NA
"4501",4,3,1,1,1,1
"4502",4,3,5,2,2,3
"4503",NA,NA,NA,NA,NA,NA
"4504",5,5,5,3,5,2
"4505",3,2,4,3,5,4
"4506",4,4,5,2,5,3
"4507",3,1,2,5,1,4
"4508",NA,NA,NA,NA,NA,NA
"4509",4,4,2,2,2,2
"4510",4,4,5,5,5,5
"4511",2,1,3,3,2,4
"4512",5,4,1,5,1,2
"4513",6,4,4,3,2,4
"4514",NA,NA,NA,NA,NA,NA
"4515",5,5,5,4,5,3
"4516",5,2,5,1,2,3
"4517",5,2,5,1,3,2
"4518",NA,NA,NA,NA,NA,NA
"4519",NA,NA,NA,NA,NA,NA
"4520",6,5,3,1,4,4
"4521",6,4,4,1,5,1
"4522",5,4,5,2,1,2
"4523",5,4,5,2,5,3
"4524",5,3,5,1,5,3
"4525",NA,NA,NA,NA,NA,NA
"4526",NA,NA,NA,NA,NA,NA
"4527",5,5,4,2,2,4
"4528",5,3,5,1,2,4
"4529",4,3,5,5,2,1
"4530",5,5,5,2,5,3
"4531",3,3,5,5,5,3
"4532",NA,NA,NA,NA,NA,NA
"4533",5,5,4,2,5,4
"4534",6,6,2,4,2,2
"4535",5,5,2,2,4,1
"4536",NA,NA,NA,NA,NA,NA
"4537",6,5,3,3,3,4
"4538",5,4,2,2,5,2
"4539",4,3,4,2,3,2
"4540",5,5,4,3,4,4
"4541",4,2,4,3,5,1
"4542",5,5,5,2,5,2
"4543",5,4,4,1,2,2
"4544",3,2,5,4,1,4
"4545",4,3,4,3,2,3
"4546",1,1,3,4,2,4
"4547",NA,NA,NA,NA,NA,NA
"4548",NA,NA,NA,NA,NA,NA
"4549",4,3,4,4,5,4
"4550",NA,NA,NA,NA,NA,NA
"4551",5,5,5,2,1,4
"4552",NA,NA,NA,NA,NA,NA
"4553",5,4,5,1,1,3
"4554",3,2,4,3,4,1
"4555",5,5,4,3,5,2
"4556",4,1,5,2,2,3
"4557",6,NA,5,1,5,6
"4558",5,3,3,1,2,3
"4559",NA,NA,NA,NA,NA,NA
"4560",4,4,5,3,5,3
"4561",5,5,5,1,5,4
"4562",6,5,5,1,5,4
"4563",4,3,5,4,4,2
"4564",5,4,4,3,5,4
"4565",5,5,3,4,1,4
"4566",6,5,4,2,2,6
"4567",4,2,5,3,5,2
"4568",NA,NA,NA,NA,NA,NA
"4569",3,2,1,1,5,4
"4570",5,4,5,1,3,5
"4571",4,4,5,2,1,2
"4572",3,3,5,1,5,3
"4573",6,5,4,2,4,5
"4574",3,1,5,1,1,4
"4575",6,4,5,2,5,4
"4576",NA,NA,NA,NA,NA,NA
"4577",2,2,5,1,4,4
"4578",6,5,4,4,2,3
"4579",6,5,4,2,5,3
"4580",5,5,4,3,4,6
"4581",2,1,1,1,3,4
"4582",4,4,3,4,4,4
"4583",5,5,5,2,5,2
"4584",NA,NA,NA,NA,NA,NA
"4585",NA,NA,NA,NA,NA,NA
"4586",NA,NA,NA,NA,NA,NA
"4587",NA,NA,NA,NA,NA,NA
"4588",4,4,5,1,4,2
"4589",2,2,2,3,4,3
"4590",6,5,5,2,1,2
"4591",4,3,1,5,4,3
"4592",5,4,5,2,5,4
"4593",NA,NA,NA,NA,NA,NA
"4594",NA,NA,NA,NA,NA,NA
"4595",6,5,5,2,4,2
"4596",4,3,5,4,2,3
"4597",2,2,1,5,5,3
"4598",6,5,1,3,3,4
"4599",4,4,5,1,5,5
"4600",6,3,2,5,1,4
"4601",NA,NA,NA,NA,NA,NA
"4602",6,4,3,5,5,5
"4603",4,4,4,3,4,1
"4604",6,5,5,3,2,4
"4605",5,5,5,2,5,3
"4606",6,5,5,2,5,4
"4607",5,5,1,1,5,3
"4608",5,4,4,3,3,4
"4609",5,5,3,1,1,3
"4610",6,5,5,2,5,4
"4611",6,5,5,3,5,2
"4612",NA,NA,NA,NA,NA,NA
"4613",2,1,4,2,1,1
"4614",5,1,1,5,2,2
"4615",NA,NA,NA,NA,NA,NA
"4616",3,1,5,3,1,6
"4617",5,4,4,3,5,2
"4618",5,4,1,1,1,4
"4619",6,5,5,3,2,4
"4620",NA,NA,NA,NA,NA,NA
"4621",NA,NA,NA,NA,NA,NA
"4622",6,5,2,5,2,3
"4623",5,4,1,5,1,3
"4624",6,4,2,5,2,2
"4625",5,5,5,3,1,3
"4626",4,2,4,3,2,2
"4627",2,2,2,2,1,1
"4628",5,5,5,1,5,2
"4629",5,3,5,2,4,3
"4630",4,4,4,5,5,4
"4631",3,3,4,3,5,4
"4632",5,5,5,3,4,5
"4633",5,4,4,3,3,3
"4634",4,2,5,2,5,2
"4635",NA,NA,NA,NA,NA,NA
"4636",5,3,4,3,5,2
"4637",NA,NA,NA,NA,NA,NA
"4638",5,5,5,2,5,4
"4639",5,5,3,3,1,2
"4640",3,1,3,1,1,4
"4641",NA,NA,NA,NA,NA,NA
"4642",6,5,2,2,3,4
"4643",6,3,5,2,5,5
"4644",NA,NA,NA,NA,NA,NA
"4645",6,5,4,3,4,6
"4646",2,2,3,2,5,3
"4647",NA,NA,NA,NA,NA,NA
"4648",NA,NA,NA,NA,NA,NA
"4649",5,4,5,2,5,4
"4650",5,4,5,4,1,4
"4651",NA,NA,NA,NA,NA,NA
"4652",5,5,5,2,5,4
"4653",5,4,1,5,2,2
"4654",4,4,4,4,5,2
"4655",5,4,2,1,4,4
"4656",6,5,2,1,4,3
"4657",6,5,3,2,2,4
"4658",6,5,4,3,3,4
"4659",6,5,5,2,5,4
"4660",4,4,5,5,3,5
"4661",6,5,5,2,4,2
"4662",5,4,4,3,5,4
"4663",4,1,1,1,1,4
"4664",6,3,4,4,5,3
"4665",NA,NA,NA,NA,NA,NA
"4666",5,3,4,3,1,4
"4667",3,3,2,5,2,3
"4668",NA,NA,NA,NA,NA,NA
"4669",3,2,2,5,5,2
"4670",5,5,5,4,5,2
"4671",6,2,3,3,3,4
"4672",5,4,2,4,3,3
"4673",6,4,2,1,3,2
"4674",NA,NA,NA,NA,NA,NA
"4675",NA,NA,NA,NA,NA,NA
"4676",5,3,5,4,5,5
"4677",2,2,1,5,5,4
"4678",5,4,5,2,5,4
"4679",6,3,1,2,5,4
"4680",3,2,5,3,1,3
"4681",NA,NA,NA,NA,NA,NA
"4682",6,5,5,3,5,3
"4683",5,4,1,5,1,2
"4684",4,4,3,1,5,3
"4685",4,4,4,2,2,3
"4686",5,3,5,3,2,4
"4687",NA,NA,NA,NA,NA,NA
"4688",5,2,5,2,5,3
"4689",4,3,3,3,5,5
"4690",6,4,5,3,5,4
"4691",4,3,5,2,3,4
"4692",5,4,5,2,5,4
"4693",6,5,5,1,4,6
"4694",NA,NA,NA,NA,NA,NA
"4695",4,4,5,2,2,3
"4696",5,4,2,5,2,2
"4697",3,2,5,2,5,3
"4698",5,4,5,1,5,3
"4699",4,4,2,1,5,5
"4700",NA,NA,NA,NA,NA,NA
"4701",6,5,4,1,2,4
"4702",6,5,2,2,4,4
"4703",NA,NA,NA,NA,NA,NA
"4704",NA,NA,NA,NA,NA,NA
"4705",5,5,4,3,3,4
"4706",5,5,5,2,1,2
"4707",5,5,5,4,5,2
"4708",5,3,2,3,5,4
"4709",NA,NA,NA,NA,NA,NA
"4710",4,3,2,3,2,4
"4711",4,4,5,5,5,6
"4712",6,4,5,2,4,3
"4713",5,4,5,3,2,4
"4714",4,1,5,4,4,4
"4715",4,3,2,4,3,4
"4716",6,4,2,1,3,4
"4717",5,5,5,3,3,5
"4718",5,3,5,2,5,4
"4719",5,4,3,2,4,4
"4720",5,3,5,2,1,4
"4721",5,3,4,2,5,4
"4722",6,5,3,3,5,3
"4723",NA,NA,NA,NA,NA,NA
"4724",6,4,3,4,4,1
"4725",NA,NA,NA,NA,NA,NA
"4726",NA,NA,NA,NA,NA,NA
"4727",3,2,5,5,3,6
"4728",NA,NA,NA,NA,NA,NA
"4729",6,3,5,3,2,2
"4730",NA,NA,NA,NA,NA,NA
"4731",3,2,5,1,5,4
"4732",4,4,5,2,3,3
"4733",5,3,NA,1,3,3
"4734",6,4,2,2,2,3
"4735",4,4,5,1,5,3
"4736",5,5,3,3,3,3
"4737",5,5,2,5,5,4
"4738",3,2,5,2,5,4
"4739",NA,NA,NA,NA,NA,NA
"4740",NA,NA,NA,NA,NA,NA
"4741",5,4,5,4,4,6
"4742",4,3,5,4,1,4
"4743",5,3,3,4,2,2
"4744",6,4,5,1,4,1
"4745",4,4,2,5,5,2
"4746",5,4,4,2,2,3
"4747",5,5,5,2,5,2
"4748",5,3,5,4,5,4
"4749",4,4,5,2,5,5
"4750",4,4,5,2,3,3
"4751",6,5,2,3,2,4
"4752",5,5,5,2,5,2
"4753",5,4,5,4,1,3
"4754",6,4,5,3,5,2
"4755",5,5,5,4,3,3
"4756",5,4,2,3,4,2
"4757",NA,NA,NA,NA,NA,NA
"4758",5,4,5,2,5,4
"4759",5,5,5,5,4,5
"4760",4,2,5,1,5,5
"4761",4,3,4,3,4,2
"4762",NA,NA,NA,NA,NA,NA
"4763",2,2,4,1,2,5
"4764",5,4,2,2,3,3
"4765",NA,6,5,2,5,2
"4766",5,5,4,2,2,5
"4767",4,3,4,4,4,3
"4768",4,4,1,5,4,2
"4769",4,4,5,1,4,4
"4770",4,2,5,2,5,4
"4771",4,4,5,2,5,5
"4772",NA,NA,NA,NA,NA,NA
"4773",NA,NA,NA,NA,NA,NA
"4774",5,5,5,1,5,3
"4775",5,4,3,2,2,2
"4776",5,4,4,3,1,4
"4777",6,5,2,5,3,3
"4778",NA,NA,NA,NA,NA,NA
"4779",5,5,4,2,2,2
"4780",NA,NA,NA,NA,NA,NA
"4781",5,4,4,3,2,2
"4782",4,3,5,4,3,5
"4783",5,2,2,4,5,2
"4784",NA,NA,NA,NA,NA,NA
"4785",6,5,5,2,4,4
"4786",4,4,3,2,5,1
"4787",NA,NA,NA,NA,NA,NA
"4788",6,5,3,3,2,3
"4789",6,4,2,4,5,2
"4790",5,2,3,4,4,6
"4791",4,4,5,2,5,3
"4792",6,1,5,1,1,3
"4793",4,2,4,3,4,2
"4794",3,2,5,2,4,4
"4795",6,5,5,2,5,6
"4796",6,5,5,3,3,2
"4797",6,5,5,2,5,4
"4798",3,3,2,5,5,4
"4799",NA,NA,NA,NA,NA,NA
"4800",NA,6,2,4,2,3
"4801",6,4,1,5,NA,4
"4802",NA,NA,NA,NA,NA,NA
"4803",6,4,5,1,5,4
"4804",NA,NA,NA,NA,NA,NA
"4805",5,5,5,2,2,5
"4806",4,4,2,2,2,4
"4807",NA,NA,NA,NA,NA,NA
"4808",6,4,2,1,4,2
"4809",NA,NA,NA,NA,NA,NA
"4810",4,3,5,1,1,4
"4811",6,6,5,3,2,2
"4812",NA,NA,NA,NA,NA,NA
"4813",6,5,5,2,1,5
"4814",NA,NA,NA,NA,NA,NA
"4815",5,5,5,3,2,4
"4816",4,2,2,5,3,3
"4817",6,4,4,3,5,2
"4818",NA,NA,NA,NA,NA,NA
"4819",5,5,5,2,5,4
"4820",1,1,1,5,1,1
"4821",1,1,5,4,3,2
"4822",6,5,5,2,5,4
"4823",5,5,2,2,4,2
"4824",2,2,3,3,1,4
"4825",4,4,3,3,2,2
"4826",2,1,1,1,5,2
"4827",4,3,5,2,5,2
"4828",6,3,5,2,5,4
"4829",NA,NA,NA,NA,NA,NA
"4830",4,4,5,2,4,1
"4831",6,5,4,2,5,3
"4832",5,3,4,2,1,3
"4833",6,3,5,2,1,3
"4834",6,5,3,2,4,4
"4835",NA,NA,NA,NA,NA,NA
"4836",5,5,5,2,5,5
"4837",4,4,2,5,5,2
"4838",5,5,3,3,1,5
"4839",5,5,5,4,5,3
"4840",5,2,5,2,5,5
"4841",5,4,3,5,5,3
"4842",6,5,5,2,5,2
"4843",5,4,4,1,3,4
"4844",NA,NA,NA,NA,NA,NA
"4845",NA,NA,NA,NA,NA,NA
