"","install_CPAN_always_test_run","freq_force_install_CPAN_mods_after_test_fail"
"1",7,3
"2",5,4
"3",6,2
"4",7,5
"5",NA,NA
"6",6,3
"7",NA,NA
"8",6,4
"9",6,4
"10",4,4
"11",1,1
"12",6,3
"13",6,3
"14",7,1
"15",NA,NA
"16",1,1
"17",1,1
"18",NA,NA
"19",7,3
"20",6,3
"21",7,3
"22",NA,NA
"23",NA,NA
"24",NA,NA
"25",NA,NA
"26",1,1
"27",5,3
"28",NA,NA
"29",1,1
"30",7,2
"31",7,2
"32",7,3
"33",4,6
"34",6,5
"35",6,5
"36",5,1
"37",6,4
"38",6,3
"39",4,4
"40",NA,NA
"41",7,3
"42",NA,NA
"43",NA,NA
"44",NA,NA
"45",7,3
"46",NA,NA
"47",NA,NA
"48",NA,NA
"49",NA,NA
"50",7,5
"51",5,2
"52",6,6
"53",7,2
"54",1,1
"55",7,2
"56",7,3
"57",NA,NA
"58",6,6
"59",7,6
"60",2,2
"61",6,6
"62",6,4
"63",NA,NA
"64",NA,NA
"65",4,3
"66",6,5
"67",6,4
"68",5,2
"69",6,4
"70",NA,NA
"71",3,2
"72",7,3
"73",6,4
"74",1,1
"75",6,5
"76",NA,NA
"77",1,1
"78",4,6
"79",2,1
"80",NA,NA
"81",NA,NA
"82",NA,NA
"83",7,3
"84",6,2
"85",7,2
"86",NA,NA
"87",6,5
"88",6,6
"89",7,5
"90",7,2
"91",5,6
"92",6,6
"93",NA,NA
"94",6,6
"95",6,3
"96",7,3
"97",6,5
"98",5,3
"99",7,2
"100",2,7
"101",NA,NA
"102",NA,NA
"103",6,3
"104",NA,NA
"105",6,3
"106",6,5
"107",1,1
"108",7,3
"109",7,1
"110",6,5
"111",3,6
"112",7,5
"113",NA,NA
"114",6,3
"115",6,2
"116",NA,NA
"117",4,6
"118",7,2
"119",6,6
"120",5,5
"121",5,6
"122",NA,NA
"123",1,1
"124",NA,NA
"125",7,3
"126",7,3
"127",NA,NA
"128",7,2
"129",NA,NA
"130",NA,NA
"131",NA,NA
"132",NA,NA
"133",7,2
"134",7,2
"135",5,6
"136",NA,NA
"137",6,5
"138",7,2
"139",NA,NA
"140",7,5
"141",6,2
"142",NA,NA
"143",7,7
"144",NA,NA
"145",6,4
"146",5,5
"147",NA,NA
"148",7,5
"149",6,1
"150",6,5
"151",6,3
"152",6,6
"153",NA,NA
"154",1,1
"155",7,3
"156",NA,NA
"157",6,5
"158",7,2
"159",7,2
"160",NA,NA
"161",3,5
"162",3,5
"163",1,1
"164",6,6
"165",5,4
"166",7,6
"167",6,5
"168",7,6
"169",6,4
"170",6,3
"171",6,6
"172",2,1
"173",7,5
"174",7,2
"175",NA,NA
"176",NA,NA
"177",NA,NA
"178",5,5
"179",NA,NA
"180",6,3
"181",1,1
"182",NA,NA
"183",6,3
"184",5,4
"185",5,6
"186",1,1
"187",7,2
"188",NA,NA
"189",NA,NA
"190",NA,NA
"191",NA,NA
"192",5,5
"193",6,2
"194",7,5
"195",7,5
"196",NA,NA
"197",NA,NA
"198",3,5
"199",7,4
"200",6,2
"201",4,5
"202",6,4
"203",6,6
"204",1,1
"205",3,6
"206",6,2
"207",7,3
"208",5,6
"209",7,7
"210",5,4
"211",7,5
"212",6,4
"213",7,7
"214",NA,NA
"215",NA,NA
"216",6,3
"217",5,3
"218",7,3
"219",NA,NA
"220",NA,NA
"221",NA,NA
"222",6,5
"223",5,1
"224",2,2
"225",7,2
"226",1,1
"227",6,2
"228",1,1
"229",NA,NA
"230",6,5
"231",6,5
"232",6,4
"233",NA,NA
"234",NA,NA
"235",5,6
"236",2,1
"237",7,3
"238",3,6
"239",5,1
"240",NA,NA
"241",5,3
"242",5,5
"243",NA,NA
"244",NA,NA
"245",6,3
"246",7,3
"247",NA,NA
"248",6,5
"249",2,4
"250",NA,NA
"251",6,4
"252",NA,NA
"253",7,3
"254",NA,NA
"255",2,7
"256",7,5
"257",7,2
"258",6,3
"259",7,5
"260",5,6
"261",NA,NA
"262",6,3
"263",7,6
"264",6,6
"265",7,4
"266",6,5
"267",7,1
"268",7,4
"269",1,5
"270",6,3
"271",NA,NA
"272",7,2
"273",5,5
"274",3,6
"275",6,4
"276",NA,NA
"277",6,3
"278",3,6
"279",NA,NA
"280",5,2
"281",7,5
"282",6,3
"283",6,6
"284",3,5
"285",NA,NA
"286",NA,NA
"287",7,3
"288",3,2
"289",NA,NA
"290",NA,NA
"291",NA,NA
"292",5,3
"293",6,3
"294",6,4
"295",NA,NA
"296",5,4
"297",7,3
"298",NA,NA
"299",6,5
"300",7,3
"301",7,5
"302",3,1
"303",3,3
"304",7,5
"305",6,6
"306",3,6
"307",7,1
"308",6,4
"309",2,1
"310",4,4
"311",5,3
"312",NA,NA
"313",NA,NA
"314",1,1
"315",NA,NA
"316",4,5
"317",NA,NA
"318",6,5
"319",5,5
"320",3,6
"321",7,2
"322",NA,NA
"323",7,6
"324",6,4
"325",NA,NA
"326",4,3
"327",7,2
"328",6,2
"329",NA,NA
"330",6,6
"331",NA,NA
"332",6,6
"333",7,3
"334",5,2
"335",NA,NA
"336",6,6
"337",5,5
"338",NA,NA
"339",NA,NA
"340",6,5
"341",NA,NA
"342",NA,NA
"343",5,6
"344",6,5
"345",7,3
"346",6,4
"347",4,5
"348",7,2
"349",NA,NA
"350",NA,NA
"351",NA,NA
"352",7,2
"353",NA,NA
"354",7,3
"355",7,4
"356",NA,NA
"357",4,NA
"358",3,6
"359",NA,NA
"360",7,3
"361",4,6
"362",NA,NA
"363",4,6
"364",NA,NA
"365",7,3
"366",NA,NA
"367",7,2
"368",6,3
"369",6,3
"370",6,2
"371",4,2
"372",4,2
"373",7,3
"374",NA,NA
"375",3,4
"376",7,5
"377",NA,NA
"378",7,2
"379",NA,NA
"380",3,1
"381",7,4
"382",NA,NA
"383",6,3
"384",NA,NA
"385",1,1
"386",6,6
"387",NA,NA
"388",NA,NA
"389",6,4
"390",6,3
"391",NA,NA
"392",NA,NA
"393",4,6
"394",NA,NA
"395",NA,NA
"396",6,3
"397",7,3
"398",7,5
"399",6,3
"400",NA,NA
"401",6,6
"402",3,1
"403",NA,NA
"404",7,2
"405",7,5
"406",NA,NA
"407",3,1
"408",NA,NA
"409",6,5
"410",NA,NA
"411",3,6
"412",7,3
"413",5,6
"414",NA,NA
"415",1,6
"416",NA,NA
"417",5,4
"418",6,6
"419",NA,NA
"420",7,3
"421",NA,NA
"422",6,4
"423",NA,NA
"424",6,6
"425",5,5
"426",NA,NA
"427",7,4
"428",NA,NA
"429",1,1
"430",NA,NA
"431",6,3
"432",NA,NA
"433",7,4
"434",NA,NA
"435",NA,NA
"436",6,3
"437",7,3
"438",6,3
"439",NA,NA
"440",7,2
"441",NA,NA
"442",6,6
"443",6,3
"444",5,5
"445",6,2
"446",NA,NA
"447",NA,NA
"448",6,6
"449",3,5
"450",7,3
"451",6,3
"452",NA,NA
"453",2,7
"454",7,2
"455",6,3
"456",NA,NA
"457",7,5
"458",6,2
"459",7,6
"460",5,3
"461",6,3
"462",6,3
"463",6,3
"464",7,6
"465",7,5
"466",NA,NA
"467",4,2
"468",NA,NA
"469",NA,NA
"470",5,3
"471",7,3
"472",NA,NA
"473",4,4
"474",NA,NA
"475",6,3
"476",7,3
"477",NA,NA
"478",NA,NA
"479",NA,NA
"480",7,4
"481",1,1
"482",NA,NA
"483",7,5
"484",NA,NA
"485",7,4
"486",NA,NA
"487",6,5
"488",NA,NA
"489",7,2
"490",7,4
"491",NA,NA
"492",5,3
"493",NA,NA
"494",NA,NA
"495",7,2
"496",1,1
"497",NA,NA
"498",3,5
"499",6,2
"500",NA,NA
"501",3,3
"502",NA,NA
"503",NA,NA
"504",6,3
"505",3,5
"506",1,1
"507",6,3
"508",NA,NA
"509",6,4
"510",1,2
"511",1,1
"512",7,2
"513",NA,NA
"514",NA,NA
"515",4,2
"516",6,5
"517",7,3
"518",6,5
"519",5,5
"520",1,1
"521",3,4
"522",7,5
"523",1,1
"524",7,3
"525",6,4
"526",6,4
"527",7,2
"528",1,1
"529",6,6
"530",6,3
"531",6,5
"532",1,1
"533",7,5
"534",6,4
"535",6,3
"536",7,3
"537",NA,NA
"538",NA,NA
"539",3,6
"540",6,4
"541",NA,NA
"542",NA,NA
"543",6,3
"544",NA,NA
"545",6,4
"546",NA,NA
"547",7,3
"548",NA,NA
"549",NA,NA
"550",NA,NA
"551",7,3
"552",7,5
"553",NA,NA
"554",6,4
"555",5,2
"556",2,1
"557",6,2
"558",7,4
"559",6,3
"560",6,3
"561",NA,NA
"562",NA,NA
"563",7,7
"564",6,5
"565",NA,NA
"566",NA,NA
"567",1,1
"568",NA,NA
"569",4,5
"570",NA,NA
"571",7,2
"572",NA,NA
"573",6,5
"574",6,2
"575",NA,NA
"576",NA,NA
"577",7,2
"578",7,5
"579",NA,NA
"580",7,3
"581",7,2
"582",2,5
"583",6,3
"584",NA,NA
"585",2,2
"586",NA,NA
"587",7,7
"588",3,1
"589",7,3
"590",7,2
"591",NA,NA
"592",1,1
"593",7,4
"594",5,4
"595",6,3
"596",7,2
"597",7,5
"598",7,4
"599",NA,NA
"600",7,3
"601",6,4
"602",NA,NA
"603",NA,NA
"604",2,3
"605",7,3
"606",NA,NA
"607",NA,NA
"608",NA,NA
"609",1,1
"610",NA,NA
"611",NA,NA
"612",NA,NA
"613",5,5
"614",NA,NA
"615",NA,NA
"616",6,3
"617",NA,NA
"618",5,3
"619",7,2
"620",NA,NA
"621",NA,NA
"622",NA,NA
"623",7,7
"624",4,6
"625",7,6
"626",1,1
"627",NA,NA
"628",7,6
"629",NA,NA
"630",NA,NA
"631",6,4
"632",6,3
"633",7,2
"634",3,4
"635",NA,NA
"636",1,1
"637",NA,NA
"638",1,1
"639",1,1
"640",6,2
"641",NA,NA
"642",5,6
"643",5,4
"644",5,6
"645",6,5
"646",7,5
"647",5,4
"648",1,3
"649",6,4
"650",7,3
"651",NA,NA
"652",4,3
"653",6,4
"654",6,3
"655",NA,NA
"656",5,4
"657",2,1
"658",6,5
"659",NA,NA
"660",4,4
"661",NA,NA
"662",NA,NA
"663",7,5
"664",7,3
"665",7,4
"666",7,4
"667",1,1
"668",6,4
"669",1,1
"670",1,2
"671",1,1
"672",7,4
"673",NA,NA
"674",7,2
"675",1,1
"676",6,4
"677",7,2
"678",6,4
"679",NA,NA
"680",NA,NA
"681",7,2
"682",NA,NA
"683",6,3
"684",7,5
"685",6,5
"686",NA,NA
"687",NA,NA
"688",7,3
"689",6,5
"690",NA,NA
"691",4,3
"692",NA,NA
"693",7,5
"694",NA,NA
"695",NA,NA
"696",7,5
"697",6,2
"698",3,6
"699",6,3
"700",4,2
"701",3,6
"702",3,3
"703",5,2
"704",6,3
"705",7,2
"706",7,3
"707",6,3
"708",7,3
"709",7,3
"710",NA,NA
"711",NA,NA
"712",NA,NA
"713",6,5
"714",NA,NA
"715",6,2
"716",1,1
"717",7,3
"718",NA,NA
"719",NA,NA
"720",6,4
"721",5,2
"722",NA,NA
"723",5,4
"724",4,2
"725",6,4
"726",NA,NA
"727",7,4
"728",7,1
"729",7,3
"730",6,1
"731",NA,NA
"732",6,5
"733",NA,NA
"734",7,2
"735",7,5
"736",6,2
"737",7,3
"738",7,3
"739",7,2
"740",6,3
"741",1,1
"742",6,5
"743",4,4
"744",NA,NA
"745",7,3
"746",NA,NA
"747",NA,NA
"748",7,5
"749",6,3
"750",6,5
"751",7,3
"752",6,4
"753",3,5
"754",5,6
"755",NA,NA
"756",6,5
"757",7,2
"758",5,3
"759",3,6
"760",NA,NA
"761",6,4
"762",NA,NA
"763",4,4
"764",NA,NA
"765",3,3
"766",NA,NA
"767",NA,NA
"768",4,6
"769",NA,NA
"770",4,2
"771",NA,NA
"772",6,3
"773",NA,NA
"774",7,3
"775",4,4
"776",6,5
"777",6,3
"778",6,3
"779",6,4
"780",NA,NA
"781",7,2
"782",7,2
"783",1,1
"784",5,6
"785",1,1
"786",6,5
"787",7,3
"788",5,5
"789",6,1
"790",NA,NA
"791",6,4
"792",NA,NA
"793",NA,NA
"794",7,2
"795",6,2
"796",3,1
"797",NA,NA
"798",6,5
"799",3,6
"800",NA,NA
"801",NA,NA
"802",7,3
"803",7,3
"804",NA,NA
"805",5,4
"806",6,3
"807",NA,NA
"808",3,3
"809",NA,NA
"810",4,5
"811",6,6
"812",7,3
"813",6,3
"814",NA,NA
"815",6,3
"816",5,4
"817",5,5
"818",7,3
"819",7,2
"820",NA,NA
"821",7,2
"822",7,3
"823",NA,NA
"824",1,2
"825",NA,NA
"826",7,2
"827",5,4
"828",NA,NA
"829",1,1
"830",5,2
"831",5,4
"832",NA,NA
"833",6,3
"834",7,3
"835",NA,NA
"836",6,5
"837",NA,NA
"838",6,5
"839",NA,4
"840",1,1
"841",1,1
"842",5,4
"843",NA,NA
"844",NA,NA
"845",NA,NA
"846",7,3
"847",7,1
"848",7,5
"849",5,4
"850",NA,NA
"851",6,4
"852",NA,NA
"853",5,2
"854",6,3
"855",6,5
"856",3,1
"857",6,3
"858",NA,NA
"859",6,5
"860",2,1
"861",1,1
"862",6,4
"863",4,4
"864",5,6
"865",7,2
"866",NA,NA
"867",NA,NA
"868",2,5
"869",NA,NA
"870",1,1
"871",7,3
"872",5,3
"873",4,3
"874",4,5
"875",NA,NA
"876",6,3
"877",3,2
"878",NA,NA
"879",7,4
"880",NA,NA
"881",NA,NA
"882",7,3
"883",7,4
"884",7,3
"885",7,4
"886",1,1
"887",5,4
"888",NA,NA
"889",4,3
"890",6,3
"891",4,4
"892",5,5
"893",7,7
"894",NA,NA
"895",7,3
"896",5,3
"897",6,5
"898",3,1
"899",NA,NA
"900",5,3
"901",NA,NA
"902",NA,NA
"903",NA,NA
"904",NA,NA
"905",NA,NA
"906",NA,NA
"907",NA,NA
"908",4,6
"909",5,5
"910",NA,NA
"911",7,5
"912",NA,NA
"913",6,5
"914",NA,NA
"915",1,5
"916",NA,NA
"917",NA,4
"918",NA,NA
"919",6,5
"920",3,3
"921",6,4
"922",NA,NA
"923",4,3
"924",7,3
"925",NA,NA
"926",5,5
"927",6,6
"928",7,2
"929",5,4
"930",NA,NA
"931",1,1
"932",5,3
"933",6,4
"934",4,5
"935",7,5
"936",6,5
"937",NA,NA
"938",6,3
"939",6,6
"940",7,3
"941",5,3
"942",NA,NA
"943",4,5
"944",7,3
"945",7,4
"946",7,3
"947",1,1
"948",6,6
"949",7,3
"950",6,3
"951",4,2
"952",5,3
"953",NA,NA
"954",1,1
"955",NA,NA
"956",6,6
"957",6,3
"958",NA,NA
"959",3,3
"960",5,4
"961",NA,NA
"962",NA,NA
"963",1,1
"964",6,6
"965",NA,NA
"966",4,4
"967",5,5
"968",1,1
"969",3,5
"970",3,1
"971",NA,NA
"972",7,2
"973",3,6
"974",NA,NA
"975",7,7
"976",6,3
"977",NA,NA
"978",4,3
"979",NA,NA
"980",6,5
"981",NA,NA
"982",6,7
"983",1,1
"984",5,4
"985",6,3
"986",7,2
"987",6,4
"988",NA,NA
"989",5,5
"990",2,7
"991",NA,NA
"992",3,3
"993",NA,NA
"994",NA,NA
"995",NA,NA
"996",4,3
"997",6,2
"998",7,4
"999",7,2
"1000",4,4
"1001",7,3
"1002",NA,NA
"1003",6,3
"1004",6,4
"1005",3,5
"1006",6,1
"1007",NA,NA
"1008",NA,NA
"1009",7,2
"1010",7,2
"1011",6,5
"1012",3,3
"1013",NA,NA
"1014",4,6
"1015",4,6
"1016",6,3
"1017",NA,NA
"1018",6,4
"1019",NA,NA
"1020",6,5
"1021",6,6
"1022",2,4
"1023",6,4
"1024",7,4
"1025",4,5
"1026",NA,NA
"1027",4,3
"1028",NA,NA
"1029",3,6
"1030",6,2
"1031",3,3
"1032",7,2
"1033",6,6
"1034",6,3
"1035",NA,NA
"1036",4,5
"1037",NA,NA
"1038",7,2
"1039",NA,NA
"1040",7,2
"1041",6,3
"1042",NA,NA
"1043",7,3
"1044",NA,NA
"1045",NA,NA
"1046",7,7
"1047",5,3
"1048",NA,NA
"1049",NA,NA
"1050",1,1
"1051",7,2
"1052",5,5
"1053",7,2
"1054",6,4
"1055",NA,NA
"1056",6,6
"1057",7,2
"1058",NA,NA
"1059",NA,NA
"1060",6,3
"1061",6,3
"1062",6,2
"1063",6,3
"1064",NA,NA
"1065",NA,NA
"1066",5,3
"1067",5,3
"1068",NA,NA
"1069",6,5
"1070",6,3
"1071",NA,NA
"1072",3,3
"1073",NA,NA
"1074",7,2
"1075",5,3
"1076",7,7
"1077",NA,NA
"1078",6,3
"1079",3,3
"1080",6,5
"1081",NA,NA
"1082",NA,NA
"1083",4,5
"1084",4,5
"1085",NA,NA
"1086",5,3
"1087",5,3
"1088",NA,NA
"1089",7,2
"1090",6,3
"1091",5,6
"1092",7,5
"1093",NA,NA
"1094",NA,NA
"1095",6,3
"1096",6,5
"1097",NA,NA
"1098",NA,NA
"1099",6,3
"1100",NA,NA
"1101",NA,NA
"1102",NA,NA
"1103",6,3
"1104",3,5
"1105",2,5
"1106",NA,NA
"1107",6,3
"1108",NA,NA
"1109",7,4
"1110",NA,NA
"1111",NA,NA
"1112",3,1
"1113",NA,NA
"1114",7,2
"1115",7,4
"1116",6,5
"1117",7,2
"1118",NA,NA
"1119",NA,NA
"1120",5,6
"1121",1,1
"1122",6,5
"1123",6,5
"1124",7,5
"1125",NA,NA
"1126",4,5
"1127",NA,NA
"1128",NA,NA
"1129",NA,NA
"1130",6,3
"1131",1,2
"1132",7,3
"1133",5,4
"1134",NA,NA
"1135",6,2
"1136",6,2
"1137",6,3
"1138",7,5
"1139",NA,NA
"1140",4,1
"1141",NA,NA
"1142",NA,NA
"1143",NA,NA
"1144",7,6
"1145",NA,NA
"1146",7,3
"1147",NA,NA
"1148",4,5
"1149",6,5
"1150",NA,NA
"1151",6,2
"1152",NA,NA
"1153",6,5
"1154",6,3
"1155",NA,NA
"1156",6,3
"1157",6,3
"1158",6,3
"1159",6,6
"1160",1,1
"1161",4,7
"1162",NA,NA
"1163",5,5
"1164",4,3
"1165",6,3
"1166",NA,NA
"1167",NA,NA
"1168",7,2
"1169",NA,NA
"1170",5,2
"1171",NA,NA
"1172",6,3
"1173",4,3
"1174",NA,NA
"1175",NA,NA
"1176",7,3
"1177",NA,NA
"1178",6,3
"1179",6,7
"1180",5,5
"1181",6,3
"1182",6,4
"1183",NA,NA
"1184",6,5
"1185",NA,NA
"1186",NA,NA
"1187",NA,NA
"1188",NA,NA
"1189",6,1
"1190",6,3
"1191",6,5
"1192",NA,NA
"1193",5,6
"1194",6,2
"1195",6,5
"1196",NA,NA
"1197",NA,NA
"1198",NA,NA
"1199",6,4
"1200",6,5
"1201",NA,NA
"1202",6,3
"1203",6,5
"1204",NA,NA
"1205",7,2
"1206",4,6
"1207",NA,NA
"1208",NA,NA
"1209",7,4
"1210",NA,NA
"1211",6,3
"1212",5,2
"1213",2,7
"1214",NA,NA
"1215",6,5
"1216",6,5
"1217",2,2
"1218",6,2
"1219",6,6
"1220",6,1
"1221",6,3
"1222",7,3
"1223",NA,NA
"1224",6,3
"1225",1,1
"1226",7,3
"1227",NA,NA
"1228",6,4
"1229",5,5
"1230",7,2
"1231",6,4
"1232",NA,NA
"1233",1,1
"1234",NA,NA
"1235",1,1
"1236",6,7
"1237",NA,NA
"1238",7,2
"1239",6,6
"1240",6,1
"1241",NA,NA
"1242",NA,NA
"1243",NA,NA
"1244",7,3
"1245",NA,NA
"1246",7,3
"1247",NA,NA
"1248",7,3
"1249",NA,NA
"1250",NA,NA
"1251",7,2
"1252",2,1
"1253",5,5
"1254",1,1
"1255",NA,NA
"1256",5,4
"1257",4,2
"1258",1,1
"1259",5,5
"1260",NA,NA
"1261",NA,NA
"1262",6,4
"1263",7,4
"1264",NA,NA
"1265",6,4
"1266",3,5
"1267",NA,NA
"1268",7,2
"1269",4,5
"1270",NA,NA
"1271",5,4
"1272",NA,NA
"1273",7,6
"1274",NA,NA
"1275",NA,NA
"1276",3,6
"1277",NA,NA
"1278",6,4
"1279",NA,NA
"1280",1,7
"1281",6,3
"1282",7,2
"1283",NA,NA
"1284",1,1
"1285",NA,NA
"1286",NA,NA
"1287",7,2
"1288",7,3
"1289",6,3
"1290",NA,NA
"1291",NA,NA
"1292",NA,NA
"1293",5,5
"1294",3,4
"1295",NA,NA
"1296",7,2
"1297",6,6
"1298",3,3
"1299",NA,NA
"1300",NA,NA
"1301",4,5
"1302",5,5
"1303",6,2
"1304",NA,NA
"1305",7,2
"1306",6,6
"1307",6,5
"1308",3,2
"1309",NA,NA
"1310",NA,NA
"1311",5,5
"1312",6,3
"1313",6,3
"1314",1,1
"1315",7,2
"1316",NA,NA
"1317",6,5
"1318",4,5
"1319",6,3
"1320",NA,NA
"1321",2,2
"1322",5,2
"1323",7,6
"1324",7,2
"1325",7,2
"1326",1,1
"1327",2,7
"1328",5,3
"1329",5,4
"1330",6,3
"1331",NA,NA
"1332",1,1
"1333",NA,NA
"1334",NA,NA
"1335",NA,NA
"1336",6,1
"1337",7,4
"1338",NA,NA
"1339",5,5
"1340",7,2
"1341",6,4
"1342",7,5
"1343",7,2
"1344",NA,NA
"1345",5,5
"1346",6,3
"1347",5,3
"1348",NA,NA
"1349",7,3
"1350",7,2
"1351",7,4
"1352",2,5
"1353",7,2
"1354",NA,NA
"1355",6,4
"1356",NA,NA
"1357",5,6
"1358",NA,NA
"1359",6,1
"1360",4,4
"1361",5,5
"1362",6,3
"1363",6,5
"1364",6,5
"1365",7,4
"1366",NA,NA
"1367",NA,NA
"1368",6,5
"1369",4,4
"1370",6,7
"1371",7,3
"1372",4,4
"1373",6,3
"1374",7,2
"1375",NA,NA
"1376",7,1
"1377",6,3
"1378",NA,NA
"1379",3,3
"1380",5,4
"1381",NA,NA
"1382",1,1
"1383",NA,NA
"1384",NA,NA
"1385",7,3
"1386",NA,NA
"1387",1,1
"1388",1,1
"1389",6,2
"1390",2,2
"1391",6,5
"1392",NA,NA
"1393",7,2
"1394",5,5
"1395",4,5
"1396",1,1
"1397",NA,NA
"1398",2,6
"1399",7,3
"1400",5,5
"1401",NA,NA
"1402",6,3
"1403",NA,NA
"1404",4,3
"1405",6,4
"1406",5,4
"1407",7,3
"1408",5,4
"1409",6,3
"1410",NA,NA
"1411",NA,NA
"1412",7,3
"1413",NA,NA
"1414",NA,NA
"1415",6,5
"1416",7,2
"1417",7,4
"1418",6,3
"1419",NA,NA
"1420",6,5
"1421",1,1
"1422",6,3
"1423",6,3
"1424",7,3
"1425",4,7
"1426",7,3
"1427",2,3
"1428",NA,NA
"1429",6,5
"1430",NA,NA
"1431",5,7
"1432",6,6
"1433",NA,NA
"1434",7,4
"1435",5,5
"1436",2,2
"1437",2,2
"1438",1,1
"1439",7,2
"1440",1,1
"1441",6,5
"1442",6,4
"1443",6,5
"1444",NA,NA
"1445",2,4
"1446",6,6
"1447",NA,NA
"1448",2,7
"1449",7,3
"1450",NA,NA
"1451",6,2
"1452",7,5
"1453",6,6
"1454",NA,NA
"1455",NA,NA
"1456",NA,NA
"1457",4,4
"1458",NA,NA
"1459",4,5
"1460",6,3
"1461",7,2
"1462",4,5
"1463",1,1
"1464",6,5
"1465",6,3
"1466",4,2
"1467",7,2
"1468",6,5
"1469",7,3
"1470",NA,NA
"1471",2,1
"1472",7,6
"1473",6,5
"1474",7,2
"1475",6,4
"1476",5,3
"1477",1,1
"1478",NA,NA
"1479",6,5
"1480",6,6
"1481",1,3
"1482",NA,NA
"1483",5,3
"1484",NA,NA
"1485",6,6
"1486",6,5
"1487",NA,NA
"1488",7,3
"1489",6,3
"1490",7,5
"1491",6,2
"1492",5,1
"1493",5,2
"1494",NA,NA
"1495",6,4
"1496",7,2
"1497",NA,NA
"1498",NA,NA
"1499",7,4
"1500",NA,NA
"1501",6,4
"1502",7,2
"1503",NA,NA
"1504",NA,NA
"1505",1,1
"1506",6,5
"1507",NA,NA
"1508",7,5
"1509",NA,NA
"1510",7,2
"1511",7,3
"1512",5,6
"1513",NA,NA
"1514",1,1
"1515",5,3
"1516",4,6
"1517",7,2
"1518",NA,NA
"1519",6,3
"1520",6,3
"1521",5,3
"1522",NA,NA
"1523",6,2
"1524",NA,NA
"1525",6,5
"1526",NA,NA
"1527",7,3
"1528",NA,NA
"1529",NA,NA
"1530",6,5
"1531",NA,NA
"1532",5,3
"1533",5,5
"1534",4,2
"1535",NA,NA
"1536",NA,NA
"1537",NA,NA
"1538",7,2
"1539",6,5
"1540",NA,NA
"1541",7,2
"1542",4,7
"1543",5,4
"1544",6,5
"1545",6,5
"1546",5,2
"1547",NA,NA
"1548",7,6
"1549",NA,NA
"1550",NA,NA
"1551",NA,NA
"1552",1,1
"1553",6,3
"1554",7,2
"1555",1,1
"1556",6,4
"1557",7,2
"1558",6,3
"1559",1,1
"1560",7,5
"1561",6,6
"1562",7,5
"1563",6,6
"1564",NA,NA
"1565",6,5
"1566",NA,NA
"1567",5,2
"1568",NA,NA
"1569",4,4
"1570",7,4
"1571",5,4
"1572",3,5
"1573",6,3
"1574",NA,NA
"1575",6,3
"1576",2,2
"1577",7,2
"1578",6,6
"1579",1,1
"1580",2,4
"1581",NA,NA
"1582",2,1
"1583",NA,NA
"1584",6,6
"1585",1,2
"1586",5,3
"1587",6,3
"1588",2,2
"1589",1,1
"1590",NA,NA
"1591",4,2
"1592",7,2
"1593",NA,NA
"1594",4,3
"1595",NA,NA
"1596",5,5
"1597",7,5
"1598",4,6
"1599",1,5
"1600",2,2
"1601",1,1
"1602",NA,NA
"1603",5,6
"1604",NA,NA
"1605",NA,NA
"1606",NA,NA
"1607",NA,NA
"1608",6,5
"1609",6,4
"1610",7,3
"1611",2,1
"1612",4,7
"1613",5,6
"1614",7,2
"1615",6,3
"1616",NA,NA
"1617",6,6
"1618",6,3
"1619",5,5
"1620",5,3
"1621",6,6
"1622",NA,NA
"1623",5,3
"1624",NA,NA
"1625",7,3
"1626",7,6
"1627",6,3
"1628",NA,NA
"1629",7,5
"1630",6,5
"1631",7,7
"1632",NA,NA
"1633",NA,NA
"1634",5,5
"1635",7,4
"1636",7,2
"1637",NA,NA
"1638",NA,NA
"1639",4,3
"1640",6,3
"1641",6,3
"1642",6,3
"1643",6,3
"1644",6,2
"1645",6,4
"1646",7,2
"1647",3,3
"1648",NA,NA
"1649",NA,NA
"1650",5,6
"1651",5,6
"1652",NA,NA
"1653",4,5
"1654",6,4
"1655",NA,NA
"1656",6,5
"1657",6,3
"1658",7,2
"1659",6,4
"1660",NA,NA
"1661",NA,NA
"1662",6,2
"1663",NA,NA
"1664",3,4
"1665",1,1
"1666",4,3
"1667",5,4
"1668",6,5
"1669",NA,NA
"1670",NA,NA
"1671",5,3
"1672",4,3
"1673",5,5
"1674",6,5
"1675",NA,NA
"1676",6,6
"1677",4,5
"1678",7,4
"1679",NA,NA
"1680",NA,NA
"1681",NA,NA
"1682",6,3
"1683",5,5
"1684",NA,NA
"1685",3,7
"1686",NA,NA
"1687",NA,NA
"1688",NA,NA
"1689",NA,NA
"1690",7,5
"1691",7,3
"1692",NA,NA
"1693",2,7
"1694",1,1
"1695",NA,NA
"1696",NA,NA
"1697",NA,NA
"1698",5,6
"1699",7,4
"1700",6,3
"1701",6,3
"1702",7,3
"1703",NA,NA
"1704",7,5
"1705",6,3
"1706",7,2
"1707",NA,NA
"1708",NA,NA
"1709",5,3
"1710",NA,NA
"1711",5,6
"1712",1,1
"1713",NA,NA
"1714",6,2
"1715",6,6
"1716",NA,NA
"1717",1,1
"1718",5,6
"1719",6,3
"1720",7,3
"1721",4,4
"1722",NA,NA
"1723",7,5
"1724",3,5
"1725",6,4
"1726",1,1
"1727",NA,NA
"1728",3,3
"1729",7,3
"1730",3,1
"1731",NA,NA
"1732",4,6
"1733",7,3
"1734",7,4
"1735",NA,NA
"1736",7,3
"1737",4,4
"1738",1,1
"1739",NA,NA
"1740",NA,NA
"1741",NA,NA
"1742",6,3
"1743",NA,NA
"1744",NA,NA
"1745",5,3
"1746",6,3
"1747",NA,NA
"1748",7,3
"1749",5,5
"1750",1,1
"1751",NA,NA
"1752",NA,NA
"1753",6,6
"1754",6,3
"1755",NA,NA
"1756",NA,NA
"1757",5,3
"1758",3,6
"1759",5,5
"1760",NA,NA
"1761",NA,NA
"1762",NA,NA
"1763",NA,NA
"1764",NA,NA
"1765",NA,NA
"1766",3,6
"1767",5,3
"1768",7,5
"1769",NA,NA
"1770",NA,NA
"1771",1,1
"1772",1,1
"1773",6,1
"1774",6,4
"1775",5,4
"1776",7,3
"1777",NA,NA
"1778",2,2
"1779",4,4
"1780",6,NA
"1781",5,3
"1782",NA,NA
"1783",1,1
"1784",6,6
"1785",NA,NA
"1786",6,6
"1787",7,3
"1788",7,2
"1789",6,5
"1790",6,3
"1791",6,5
"1792",6,4
"1793",NA,NA
"1794",7,3
"1795",1,5
"1796",5,3
"1797",6,2
"1798",NA,NA
"1799",NA,NA
"1800",NA,NA
"1801",6,4
"1802",7,4
"1803",6,4
"1804",5,1
"1805",6,5
"1806",NA,NA
"1807",NA,NA
"1808",NA,NA
"1809",1,1
"1810",5,5
"1811",6,6
"1812",NA,NA
"1813",NA,NA
"1814",6,3
"1815",NA,NA
"1816",6,5
"1817",6,2
"1818",NA,NA
"1819",7,3
"1820",NA,NA
"1821",6,5
"1822",NA,NA
"1823",6,6
"1824",7,5
"1825",NA,NA
"1826",5,6
"1827",3,7
"1828",7,3
"1829",NA,NA
"1830",NA,NA
"1831",NA,NA
"1832",6,2
"1833",5,5
"1834",NA,NA
"1835",NA,NA
"1836",3,6
"1837",NA,NA
"1838",NA,NA
"1839",7,2
"1840",6,6
"1841",6,3
"1842",7,2
"1843",7,2
"1844",1,1
"1845",6,3
"1846",NA,NA
"1847",6,3
"1848",6,3
"1849",6,2
"1850",NA,NA
"1851",5,3
"1852",6,4
"1853",1,1
"1854",7,2
"1855",3,6
"1856",NA,NA
"1857",NA,NA
"1858",7,4
"1859",7,2
"1860",7,2
"1861",7,3
"1862",6,5
"1863",7,2
"1864",6,2
"1865",6,3
"1866",4,5
"1867",NA,NA
"1868",4,5
"1869",7,3
"1870",7,4
"1871",NA,NA
"1872",6,5
"1873",NA,NA
"1874",3,7
"1875",7,2
"1876",5,3
"1877",5,5
"1878",6,3
"1879",7,2
"1880",7,3
"1881",NA,NA
"1882",NA,NA
"1883",NA,NA
"1884",NA,NA
"1885",7,3
"1886",7,2
"1887",3,3
"1888",7,4
"1889",NA,NA
"1890",NA,NA
"1891",7,3
"1892",6,5
"1893",6,3
"1894",7,5
"1895",5,3
"1896",7,3
"1897",7,2
"1898",6,5
"1899",NA,NA
"1900",6,3
"1901",6,1
"1902",6,6
"1903",6,3
"1904",6,4
"1905",5,4
"1906",NA,NA
"1907",NA,NA
"1908",6,3
"1909",NA,NA
"1910",7,3
"1911",5,5
"1912",7,5
"1913",5,4
"1914",7,4
"1915",1,1
"1916",NA,NA
"1917",NA,NA
"1918",NA,NA
"1919",NA,NA
"1920",NA,NA
"1921",NA,NA
"1922",6,2
"1923",3,3
"1924",NA,NA
"1925",NA,NA
"1926",NA,NA
"1927",3,3
"1928",NA,NA
"1929",6,2
"1930",7,2
"1931",7,3
"1932",NA,NA
"1933",6,5
"1934",NA,NA
"1935",6,4
"1936",6,5
"1937",6,6
"1938",NA,NA
"1939",6,4
"1940",NA,NA
"1941",5,4
"1942",2,7
"1943",3,3
"1944",2,7
"1945",NA,NA
"1946",4,4
"1947",NA,NA
"1948",7,3
"1949",7,3
"1950",1,1
"1951",5,2
"1952",6,2
"1953",6,2
"1954",1,1
"1955",7,3
"1956",3,1
"1957",NA,NA
"1958",4,6
"1959",6,3
"1960",NA,NA
"1961",6,5
"1962",6,6
"1963",7,6
"1964",NA,NA
"1965",6,3
"1966",6,6
"1967",NA,NA
"1968",NA,NA
"1969",5,7
"1970",NA,NA
"1971",6,1
"1972",4,4
"1973",7,5
"1974",6,3
"1975",NA,NA
"1976",7,2
"1977",NA,NA
"1978",1,1
"1979",7,6
"1980",NA,NA
"1981",6,4
"1982",6,4
"1983",7,3
"1984",NA,NA
"1985",2,2
"1986",5,5
"1987",6,3
"1988",1,1
"1989",7,3
"1990",6,2
"1991",6,3
"1992",NA,NA
"1993",5,5
"1994",5,1
"1995",7,3
"1996",4,5
"1997",6,5
"1998",NA,NA
"1999",7,5
"2000",NA,NA
"2001",7,4
"2002",1,1
"2003",4,5
"2004",NA,NA
"2005",7,2
"2006",6,3
"2007",NA,NA
"2008",NA,NA
"2009",NA,NA
"2010",NA,NA
"2011",NA,NA
"2012",3,2
"2013",NA,NA
"2014",5,3
"2015",6,5
"2016",7,3
"2017",5,6
"2018",NA,NA
"2019",6,3
"2020",1,1
"2021",NA,NA
"2022",6,5
"2023",6,5
"2024",6,3
"2025",6,4
"2026",6,6
"2027",NA,NA
"2028",NA,NA
"2029",6,NA
"2030",NA,NA
"2031",6,4
"2032",NA,NA
"2033",NA,NA
"2034",2,2
"2035",NA,NA
"2036",7,2
"2037",6,5
"2038",NA,NA
"2039",5,1
"2040",1,1
"2041",6,4
"2042",6,3
"2043",3,5
"2044",6,6
"2045",NA,NA
"2046",2,4
"2047",NA,NA
"2048",NA,NA
"2049",4,2
"2050",NA,NA
"2051",6,2
"2052",NA,NA
"2053",6,2
"2054",3,3
"2055",7,5
"2056",7,5
"2057",6,3
"2058",1,1
"2059",6,5
"2060",NA,NA
"2061",NA,NA
"2062",7,4
"2063",NA,NA
"2064",6,4
"2065",NA,NA
"2066",NA,NA
"2067",7,3
"2068",7,2
"2069",5,5
"2070",1,1
"2071",4,5
"2072",7,4
"2073",NA,NA
"2074",5,5
"2075",1,1
"2076",NA,NA
"2077",NA,NA
"2078",7,5
"2079",7,2
"2080",3,1
"2081",2,2
"2082",NA,NA
"2083",6,5
"2084",4,5
"2085",3,3
"2086",2,7
"2087",7,4
"2088",6,4
"2089",NA,NA
"2090",7,2
"2091",6,3
"2092",6,3
"2093",7,2
"2094",6,6
"2095",7,4
"2096",NA,NA
"2097",6,2
"2098",6,5
"2099",7,2
"2100",NA,NA
"2101",6,3
"2102",NA,NA
"2103",NA,NA
"2104",NA,NA
"2105",5,1
"2106",7,5
"2107",NA,NA
"2108",6,3
"2109",5,4
"2110",NA,NA
"2111",6,4
"2112",5,4
"2113",NA,NA
"2114",NA,NA
"2115",NA,NA
"2116",NA,NA
"2117",1,1
"2118",5,5
"2119",6,4
"2120",7,5
"2121",5,4
"2122",7,3
"2123",4,4
"2124",5,2
"2125",4,4
"2126",7,4
"2127",5,5
"2128",6,3
"2129",5,4
"2130",6,3
"2131",6,3
"2132",6,3
"2133",NA,NA
"2134",NA,NA
"2135",6,5
"2136",6,5
"2137",NA,NA
"2138",NA,NA
"2139",NA,NA
"2140",5,4
"2141",6,6
"2142",5,6
"2143",6,4
"2144",6,5
"2145",NA,NA
"2146",6,1
"2147",6,2
"2148",7,4
"2149",7,6
"2150",NA,NA
"2151",3,3
"2152",NA,NA
"2153",NA,NA
"2154",NA,NA
"2155",7,5
"2156",NA,NA
"2157",NA,NA
"2158",5,2
"2159",NA,NA
"2160",5,4
"2161",NA,NA
"2162",NA,NA
"2163",1,1
"2164",NA,NA
"2165",NA,NA
"2166",6,3
"2167",1,3
"2168",1,1
"2169",7,4
"2170",NA,NA
"2171",6,5
"2172",5,7
"2173",NA,NA
"2174",7,2
"2175",1,1
"2176",6,3
"2177",6,3
"2178",5,3
"2179",6,3
"2180",6,6
"2181",6,3
"2182",NA,NA
"2183",5,5
"2184",7,6
"2185",4,3
"2186",7,2
"2187",NA,NA
"2188",NA,NA
"2189",NA,NA
"2190",3,NA
"2191",6,3
"2192",5,3
"2193",7,5
"2194",NA,NA
"2195",2,2
"2196",7,2
"2197",NA,NA
"2198",NA,NA
"2199",1,1
"2200",NA,NA
"2201",6,5
"2202",1,1
"2203",1,1
"2204",NA,NA
"2205",3,5
"2206",6,NA
"2207",7,3
"2208",1,1
"2209",4,3
"2210",NA,NA
"2211",NA,NA
"2212",3,3
"2213",5,5
"2214",NA,NA
"2215",NA,NA
"2216",5,3
"2217",NA,NA
"2218",6,4
"2219",5,2
"2220",5,4
"2221",3,3
"2222",6,3
"2223",5,5
"2224",7,2
"2225",7,5
"2226",NA,NA
"2227",2,7
"2228",4,3
"2229",5,5
"2230",4,6
"2231",6,3
"2232",7,7
"2233",6,2
"2234",NA,NA
"2235",NA,NA
"2236",1,1
"2237",1,1
"2238",NA,NA
"2239",6,3
"2240",6,3
"2241",7,7
"2242",6,3
"2243",6,5
"2244",2,2
"2245",NA,NA
"2246",6,3
"2247",6,6
"2248",6,2
"2249",6,7
"2250",5,4
"2251",NA,NA
"2252",6,2
"2253",NA,NA
"2254",5,4
"2255",4,3
"2256",NA,NA
"2257",NA,NA
"2258",NA,NA
"2259",NA,NA
"2260",NA,NA
"2261",5,5
"2262",7,5
"2263",2,2
"2264",7,3
"2265",6,6
"2266",6,5
"2267",6,6
"2268",NA,NA
"2269",3,6
"2270",NA,NA
"2271",3,7
"2272",NA,NA
"2273",6,3
"2274",NA,NA
"2275",3,3
"2276",4,6
"2277",NA,NA
"2278",7,2
"2279",4,3
"2280",7,2
"2281",6,5
"2282",1,1
"2283",3,3
"2284",5,7
"2285",NA,NA
"2286",6,5
"2287",3,3
"2288",NA,NA
"2289",6,3
"2290",7,2
"2291",1,1
"2292",NA,NA
"2293",NA,NA
"2294",5,1
"2295",7,2
"2296",7,2
"2297",5,7
"2298",6,3
"2299",5,5
"2300",NA,NA
"2301",1,4
"2302",7,2
"2303",6,2
"2304",1,1
"2305",6,5
"2306",NA,NA
"2307",6,6
"2308",NA,NA
"2309",NA,NA
"2310",NA,NA
"2311",7,2
"2312",NA,NA
"2313",NA,NA
"2314",3,3
"2315",7,7
"2316",6,4
"2317",3,5
"2318",3,2
"2319",7,5
"2320",7,2
"2321",7,2
"2322",3,3
"2323",5,5
"2324",6,4
"2325",6,3
"2326",NA,NA
"2327",NA,NA
"2328",3,3
"2329",6,5
"2330",6,2
"2331",6,3
"2332",7,3
"2333",7,1
"2334",2,3
"2335",NA,NA
"2336",1,1
"2337",7,4
"2338",NA,NA
"2339",NA,NA
"2340",NA,NA
"2341",6,2
"2342",NA,NA
"2343",2,6
"2344",6,6
"2345",6,3
"2346",NA,NA
"2347",6,5
"2348",6,3
"2349",6,3
"2350",NA,NA
"2351",1,1
"2352",NA,NA
"2353",6,3
"2354",NA,NA
"2355",7,2
"2356",NA,NA
"2357",5,3
"2358",4,3
"2359",7,5
"2360",7,5
"2361",6,6
"2362",6,2
"2363",NA,NA
"2364",3,4
"2365",NA,NA
"2366",2,5
"2367",7,4
"2368",6,5
"2369",1,2
"2370",6,5
"2371",3,2
"2372",NA,NA
"2373",2,2
"2374",7,2
"2375",NA,NA
"2376",6,5
"2377",5,5
"2378",4,4
"2379",6,6
"2380",7,3
"2381",NA,NA
"2382",7,4
"2383",NA,NA
"2384",NA,NA
"2385",7,4
"2386",1,1
"2387",7,2
"2388",6,6
"2389",NA,NA
"2390",6,2
"2391",NA,NA
"2392",7,3
"2393",5,4
"2394",NA,NA
"2395",3,2
"2396",NA,NA
"2397",NA,NA
"2398",6,5
"2399",NA,NA
"2400",6,3
"2401",1,1
"2402",NA,NA
"2403",NA,NA
"2404",7,3
"2405",NA,NA
"2406",NA,NA
"2407",7,3
"2408",NA,NA
"2409",6,2
"2410",NA,NA
"2411",1,1
"2412",NA,NA
"2413",6,5
"2414",NA,NA
"2415",6,6
"2416",6,3
"2417",5,6
"2418",1,1
"2419",NA,NA
"2420",1,1
"2421",5,6
"2422",5,3
"2423",NA,NA
"2424",1,3
"2425",7,2
"2426",NA,NA
"2427",NA,NA
"2428",7,3
"2429",6,4
"2430",1,1
"2431",NA,NA
"2432",6,NA
"2433",4,5
"2434",7,4
"2435",6,5
"2436",NA,NA
"2437",7,2
"2438",6,5
"2439",NA,NA
"2440",7,3
"2441",6,7
"2442",6,2
"2443",NA,NA
"2444",NA,NA
"2445",6,5
"2446",NA,NA
"2447",7,6
"2448",7,3
"2449",NA,NA
"2450",NA,NA
"2451",NA,NA
"2452",NA,NA
"2453",7,7
"2454",3,6
"2455",4,5
"2456",7,4
"2457",6,5
"2458",1,5
"2459",3,3
"2460",6,5
"2461",5,5
"2462",6,5
"2463",6,3
"2464",NA,NA
"2465",6,4
"2466",6,3
"2467",NA,NA
"2468",NA,NA
"2469",NA,NA
"2470",6,3
"2471",NA,NA
"2472",NA,NA
"2473",7,3
"2474",NA,NA
"2475",5,6
"2476",5,6
"2477",5,5
"2478",NA,NA
"2479",6,3
"2480",NA,NA
"2481",7,4
"2482",6,5
"2483",7,3
"2484",7,4
"2485",6,1
"2486",6,3
"2487",1,1
"2488",5,5
"2489",NA,NA
"2490",NA,NA
"2491",NA,NA
"2492",7,4
"2493",7,4
"2494",NA,NA
"2495",7,4
"2496",6,4
"2497",NA,NA
"2498",NA,NA
"2499",6,3
"2500",4,6
"2501",6,6
"2502",NA,NA
"2503",6,3
"2504",6,6
"2505",NA,NA
"2506",NA,NA
"2507",NA,NA
"2508",NA,NA
"2509",5,4
"2510",6,4
"2511",1,1
"2512",5,2
"2513",1,1
"2514",1,1
"2515",4,2
"2516",6,3
"2517",NA,NA
"2518",6,2
"2519",6,2
"2520",3,5
"2521",NA,NA
"2522",7,3
"2523",NA,NA
"2524",6,3
"2525",5,4
"2526",NA,NA
"2527",NA,NA
"2528",5,5
"2529",7,3
"2530",6,3
"2531",5,4
"2532",7,3
"2533",7,1
"2534",7,2
"2535",7,3
"2536",NA,NA
"2537",NA,NA
"2538",6,4
"2539",NA,NA
"2540",NA,NA
"2541",3,3
"2542",6,2
"2543",6,5
"2544",6,4
"2545",NA,NA
"2546",6,2
"2547",NA,NA
"2548",5,7
"2549",5,3
"2550",6,3
"2551",NA,NA
"2552",6,5
"2553",7,2
"2554",5,5
"2555",6,5
"2556",NA,NA
"2557",NA,NA
"2558",NA,NA
"2559",NA,NA
"2560",6,5
"2561",3,5
"2562",6,2
"2563",3,5
"2564",6,6
"2565",NA,5
"2566",7,3
"2567",7,3
"2568",7,5
"2569",5,2
"2570",6,6
"2571",6,6
"2572",NA,NA
"2573",1,1
"2574",6,2
"2575",6,3
"2576",7,3
"2577",5,5
"2578",5,2
"2579",NA,NA
"2580",NA,NA
"2581",5,3
"2582",NA,NA
"2583",4,6
"2584",6,5
"2585",7,2
"2586",6,2
"2587",2,2
"2588",6,2
"2589",7,6
"2590",NA,NA
"2591",NA,NA
"2592",7,3
"2593",NA,NA
"2594",NA,NA
"2595",6,2
"2596",NA,NA
"2597",NA,NA
"2598",7,4
"2599",NA,NA
"2600",6,5
"2601",NA,NA
"2602",NA,NA
"2603",NA,NA
"2604",NA,NA
"2605",NA,NA
"2606",NA,NA
"2607",5,3
"2608",5,4
"2609",7,3
"2610",7,4
"2611",NA,NA
"2612",6,3
"2613",6,3
"2614",7,2
"2615",1,1
"2616",6,5
"2617",5,3
"2618",6,2
"2619",NA,NA
"2620",4,7
"2621",NA,NA
"2622",6,5
"2623",6,5
"2624",6,3
"2625",7,3
"2626",7,2
"2627",6,4
"2628",1,1
"2629",7,6
"2630",4,3
"2631",7,2
"2632",NA,NA
"2633",NA,NA
"2634",4,6
"2635",4,6
"2636",7,2
"2637",NA,NA
"2638",NA,NA
"2639",6,2
"2640",NA,NA
"2641",4,2
"2642",6,3
"2643",4,5
"2644",NA,NA
"2645",7,3
"2646",6,3
"2647",NA,NA
"2648",5,5
"2649",6,3
"2650",7,3
"2651",6,4
"2652",5,5
"2653",NA,NA
"2654",NA,NA
"2655",6,3
"2656",NA,NA
"2657",NA,NA
"2658",7,3
"2659",NA,NA
"2660",6,5
"2661",7,7
"2662",6,3
"2663",NA,NA
"2664",4,6
"2665",NA,NA
"2666",5,6
"2667",NA,NA
"2668",2,7
"2669",5,2
"2670",NA,NA
"2671",5,5
"2672",6,4
"2673",6,5
"2674",7,3
"2675",NA,NA
"2676",NA,NA
"2677",7,2
"2678",NA,NA
"2679",3,NA
"2680",1,1
"2681",NA,NA
"2682",3,6
"2683",NA,NA
"2684",NA,NA
"2685",7,3
"2686",NA,NA
"2687",6,5
"2688",6,3
"2689",7,6
"2690",6,3
"2691",5,3
"2692",NA,NA
"2693",6,2
"2694",6,1
"2695",6,5
"2696",7,3
"2697",7,4
"2698",6,3
"2699",7,3
"2700",2,3
"2701",6,3
"2702",7,3
"2703",7,2
"2704",6,5
"2705",2,2
"2706",NA,NA
"2707",5,3
"2708",NA,NA
"2709",1,4
"2710",7,2
"2711",NA,NA
"2712",5,4
"2713",NA,NA
"2714",4,5
"2715",7,2
"2716",6,2
"2717",6,3
"2718",NA,NA
"2719",6,4
"2720",5,7
"2721",NA,NA
"2722",4,6
"2723",3,5
"2724",7,4
"2725",NA,NA
"2726",7,5
"2727",7,2
"2728",NA,NA
"2729",5,4
"2730",3,5
"2731",5,6
"2732",5,5
"2733",NA,NA
"2734",NA,NA
"2735",7,4
"2736",1,1
"2737",6,2
"2738",6,7
"2739",2,6
"2740",6,3
"2741",NA,NA
"2742",NA,NA
"2743",5,3
"2744",NA,NA
"2745",7,2
"2746",6,5
"2747",7,2
"2748",5,2
"2749",NA,NA
"2750",5,5
"2751",4,4
"2752",NA,NA
"2753",NA,NA
"2754",6,3
"2755",6,3
"2756",5,6
"2757",NA,NA
"2758",7,7
"2759",6,3
"2760",5,2
"2761",7,3
"2762",NA,NA
"2763",7,4
"2764",NA,NA
"2765",5,4
"2766",NA,NA
"2767",NA,NA
"2768",7,3
"2769",NA,NA
"2770",5,5
"2771",6,3
"2772",NA,NA
"2773",NA,NA
"2774",NA,NA
"2775",7,2
"2776",1,1
"2777",7,2
"2778",4,3
"2779",4,3
"2780",5,4
"2781",NA,NA
"2782",6,1
"2783",6,2
"2784",6,5
"2785",7,5
"2786",NA,NA
"2787",7,7
"2788",1,1
"2789",7,4
"2790",1,1
"2791",3,6
"2792",5,4
"2793",6,3
"2794",5,3
"2795",NA,NA
"2796",6,2
"2797",6,3
"2798",7,4
"2799",7,4
"2800",NA,NA
"2801",NA,NA
"2802",1,1
"2803",6,3
"2804",6,4
"2805",NA,NA
"2806",6,4
"2807",7,5
"2808",6,3
"2809",6,2
"2810",3,3
"2811",3,6
"2812",NA,NA
"2813",7,6
"2814",NA,NA
"2815",NA,NA
"2816",NA,NA
"2817",7,3
"2818",7,4
"2819",6,5
"2820",7,2
"2821",NA,NA
"2822",7,2
"2823",NA,NA
"2824",6,4
"2825",NA,NA
"2826",5,5
"2827",4,2
"2828",6,4
"2829",6,5
"2830",NA,NA
"2831",NA,NA
"2832",NA,NA
"2833",NA,NA
"2834",NA,NA
"2835",NA,NA
"2836",2,7
"2837",NA,NA
"2838",NA,NA
"2839",NA,NA
"2840",5,5
"2841",6,6
"2842",6,5
"2843",7,2
"2844",7,2
"2845",3,3
"2846",1,1
"2847",6,3
"2848",6,3
"2849",7,2
"2850",5,3
"2851",NA,NA
"2852",NA,NA
"2853",NA,NA
"2854",NA,NA
"2855",7,2
"2856",6,3
"2857",NA,NA
"2858",NA,NA
"2859",4,5
"2860",7,2
"2861",5,5
"2862",NA,NA
"2863",6,3
"2864",7,3
"2865",7,1
"2866",5,3
"2867",NA,NA
"2868",7,3
"2869",NA,NA
"2870",NA,NA
"2871",4,4
"2872",7,1
"2873",7,6
"2874",5,4
"2875",6,5
"2876",6,5
"2877",2,2
"2878",6,3
"2879",NA,NA
"2880",6,2
"2881",NA,NA
"2882",7,2
"2883",7,2
"2884",6,4
"2885",5,3
"2886",NA,NA
"2887",7,3
"2888",NA,NA
"2889",NA,NA
"2890",6,2
"2891",6,3
"2892",6,3
"2893",4,3
"2894",6,4
"2895",6,7
"2896",NA,NA
"2897",NA,NA
"2898",NA,NA
"2899",6,3
"2900",7,3
"2901",6,3
"2902",NA,NA
"2903",NA,NA
"2904",4,NA
"2905",6,3
"2906",2,6
"2907",7,3
"2908",6,3
"2909",6,3
"2910",6,4
"2911",NA,NA
"2912",7,4
"2913",7,1
"2914",NA,NA
"2915",3,1
"2916",6,3
"2917",5,3
"2918",7,2
"2919",6,2
"2920",7,3
"2921",6,3
"2922",6,2
"2923",7,5
"2924",NA,NA
"2925",6,3
"2926",5,5
"2927",5,7
"2928",NA,NA
"2929",6,3
"2930",6,3
"2931",5,4
"2932",NA,NA
"2933",7,3
"2934",6,4
"2935",NA,NA
"2936",3,6
"2937",NA,NA
"2938",7,6
"2939",NA,NA
"2940",3,3
"2941",NA,NA
"2942",4,2
"2943",5,3
"2944",NA,NA
"2945",NA,NA
"2946",5,4
"2947",7,3
"2948",5,5
"2949",1,1
"2950",2,1
"2951",6,4
"2952",6,4
"2953",6,3
"2954",5,4
"2955",6,4
"2956",6,3
"2957",NA,NA
"2958",NA,NA
"2959",NA,NA
"2960",6,4
"2961",NA,NA
"2962",NA,NA
"2963",NA,NA
"2964",NA,NA
"2965",6,4
"2966",6,3
"2967",6,6
"2968",6,5
"2969",5,2
"2970",7,5
"2971",NA,NA
"2972",NA,NA
"2973",NA,NA
"2974",NA,NA
"2975",7,4
"2976",6,1
"2977",7,2
"2978",5,2
"2979",NA,NA
"2980",6,5
"2981",1,1
"2982",7,2
"2983",5,2
"2984",6,2
"2985",NA,NA
"2986",NA,NA
"2987",NA,NA
"2988",7,3
"2989",6,3
"2990",7,2
"2991",6,3
"2992",2,3
"2993",NA,NA
"2994",1,1
"2995",5,5
"2996",2,5
"2997",6,5
"2998",6,5
"2999",6,4
"3000",NA,NA
"3001",NA,NA
"3002",NA,NA
"3003",7,2
"3004",NA,NA
"3005",NA,NA
"3006",NA,NA
"3007",NA,NA
"3008",6,4
"3009",6,4
"3010",NA,NA
"3011",6,2
"3012",6,2
"3013",NA,NA
"3014",5,4
"3015",5,1
"3016",NA,NA
"3017",6,5
"3018",6,6
"3019",7,5
"3020",NA,NA
"3021",2,1
"3022",3,2
"3023",NA,NA
"3024",2,2
"3025",1,1
"3026",5,4
"3027",1,4
"3028",6,2
"3029",6,5
"3030",7,3
"3031",6,5
"3032",NA,NA
"3033",5,2
"3034",6,4
"3035",NA,NA
"3036",6,3
"3037",7,5
"3038",3,2
"3039",NA,NA
"3040",6,6
"3041",6,3
"3042",NA,NA
"3043",7,2
"3044",7,2
"3045",3,6
"3046",6,4
"3047",7,3
"3048",7,2
"3049",6,1
"3050",6,3
"3051",6,4
"3052",6,3
"3053",6,3
"3054",NA,NA
"3055",3,4
"3056",NA,NA
"3057",NA,NA
"3058",6,3
"3059",6,3
"3060",NA,NA
"3061",7,5
"3062",6,5
"3063",6,5
"3064",6,4
"3065",NA,NA
"3066",NA,NA
"3067",7,3
"3068",7,3
"3069",7,2
"3070",NA,NA
"3071",6,5
"3072",1,3
"3073",6,3
"3074",1,1
"3075",NA,NA
"3076",6,2
"3077",6,3
"3078",6,5
"3079",6,3
"3080",7,1
"3081",NA,NA
"3082",NA,NA
"3083",NA,NA
"3084",NA,NA
"3085",1,1
"3086",2,3
"3087",6,2
"3088",6,4
"3089",NA,NA
"3090",NA,NA
"3091",7,3
"3092",4,6
"3093",5,3
"3094",NA,NA
"3095",2,2
"3096",NA,NA
"3097",NA,NA
"3098",1,1
"3099",6,6
"3100",7,3
"3101",1,1
"3102",NA,NA
"3103",6,3
"3104",1,1
"3105",NA,NA
"3106",NA,NA
"3107",NA,NA
"3108",6,4
"3109",6,2
"3110",4,4
"3111",6,5
"3112",7,5
"3113",1,1
"3114",6,4
"3115",6,2
"3116",5,5
"3117",NA,NA
"3118",7,3
"3119",NA,NA
"3120",NA,NA
"3121",6,3
"3122",2,7
"3123",3,3
"3124",6,4
"3125",7,3
"3126",6,4
"3127",6,5
"3128",NA,NA
"3129",NA,NA
"3130",7,2
"3131",6,3
"3132",NA,NA
"3133",6,3
"3134",NA,NA
"3135",6,6
"3136",6,2
"3137",6,6
"3138",NA,NA
"3139",7,6
"3140",NA,NA
"3141",6,5
"3142",2,7
"3143",5,6
"3144",6,3
"3145",5,5
"3146",NA,NA
"3147",3,5
"3148",6,4
"3149",6,5
"3150",NA,NA
"3151",7,6
"3152",6,5
"3153",4,5
"3154",NA,NA
"3155",6,5
"3156",NA,NA
"3157",6,5
"3158",6,4
"3159",NA,NA
"3160",3,5
"3161",NA,NA
"3162",NA,NA
"3163",NA,NA
"3164",NA,NA
"3165",6,2
"3166",2,2
"3167",NA,NA
"3168",6,3
"3169",NA,NA
"3170",5,5
"3171",5,3
"3172",NA,NA
"3173",NA,NA
"3174",6,5
"3175",NA,NA
"3176",3,5
"3177",7,3
"3178",NA,NA
"3179",4,6
"3180",6,4
"3181",2,1
"3182",1,1
"3183",5,3
"3184",7,3
"3185",NA,NA
"3186",7,2
"3187",6,2
"3188",4,5
"3189",4,5
"3190",7,5
"3191",NA,NA
"3192",3,3
"3193",6,4
"3194",1,1
"3195",5,4
"3196",2,1
"3197",NA,NA
"3198",NA,NA
"3199",7,2
"3200",5,4
"3201",6,2
"3202",1,1
"3203",3,3
"3204",1,3
"3205",5,6
"3206",6,3
"3207",NA,NA
"3208",7,7
"3209",1,1
"3210",4,6
"3211",NA,NA
"3212",NA,NA
"3213",5,6
"3214",7,7
"3215",NA,NA
"3216",NA,NA
"3217",1,1
"3218",4,3
"3219",NA,NA
"3220",NA,NA
"3221",7,5
"3222",5,2
"3223",NA,NA
"3224",NA,NA
"3225",6,3
"3226",7,2
"3227",NA,NA
"3228",NA,NA
"3229",NA,NA
"3230",6,2
"3231",7,4
"3232",7,2
"3233",NA,NA
"3234",NA,NA
"3235",5,4
"3236",5,5
"3237",3,5
"3238",6,3
"3239",NA,NA
"3240",1,1
"3241",4,5
"3242",6,5
"3243",7,5
"3244",2,1
"3245",7,3
"3246",6,4
"3247",4,2
"3248",NA,NA
"3249",6,5
"3250",6,3
"3251",7,3
"3252",7,3
"3253",5,5
"3254",NA,NA
"3255",NA,NA
"3256",6,4
"3257",7,3
"3258",6,2
"3259",NA,NA
"3260",7,2
"3261",1,1
"3262",6,6
"3263",6,3
"3264",6,3
"3265",2,7
"3266",6,6
"3267",3,6
"3268",6,3
"3269",7,4
"3270",NA,NA
"3271",NA,NA
"3272",NA,NA
"3273",6,5
"3274",NA,NA
"3275",7,3
"3276",7,2
"3277",7,3
"3278",3,7
"3279",6,4
"3280",4,5
"3281",3,6
"3282",NA,NA
"3283",NA,NA
"3284",7,2
"3285",6,5
"3286",NA,NA
"3287",6,3
"3288",NA,NA
"3289",6,5
"3290",3,5
"3291",7,5
"3292",NA,NA
"3293",6,3
"3294",NA,NA
"3295",7,2
"3296",NA,NA
"3297",7,2
"3298",5,5
"3299",1,1
"3300",NA,NA
"3301",2,1
"3302",6,3
"3303",6,3
"3304",NA,NA
"3305",5,5
"3306",5,3
"3307",7,6
"3308",6,5
"3309",6,6
"3310",7,2
"3311",6,3
"3312",NA,NA
"3313",6,3
"3314",NA,NA
"3315",6,3
"3316",4,5
"3317",NA,NA
"3318",NA,NA
"3319",NA,NA
"3320",NA,NA
"3321",4,2
"3322",6,5
"3323",6,5
"3324",1,1
"3325",NA,NA
"3326",6,NA
"3327",NA,NA
"3328",7,3
"3329",7,2
"3330",NA,NA
"3331",1,1
"3332",NA,NA
"3333",NA,NA
"3334",NA,NA
"3335",7,3
"3336",6,4
"3337",NA,NA
"3338",4,5
"3339",NA,NA
"3340",NA,NA
"3341",1,1
"3342",7,2
"3343",NA,NA
"3344",NA,NA
"3345",6,3
"3346",4,5
"3347",3,5
"3348",6,4
"3349",5,2
"3350",NA,NA
"3351",3,7
"3352",7,3
"3353",3,3
"3354",NA,NA
"3355",1,2
"3356",6,5
"3357",NA,NA
"3358",5,5
"3359",NA,NA
"3360",NA,NA
"3361",6,4
"3362",5,3
"3363",NA,NA
"3364",3,2
"3365",3,3
"3366",7,3
"3367",NA,NA
"3368",2,2
"3369",NA,NA
"3370",6,4
"3371",7,3
"3372",6,4
"3373",6,4
"3374",4,5
"3375",NA,NA
"3376",NA,NA
"3377",7,3
"3378",6,4
"3379",5,3
"3380",6,3
"3381",NA,NA
"3382",NA,NA
"3383",7,4
"3384",7,4
"3385",6,2
"3386",NA,NA
"3387",7,3
"3388",NA,NA
"3389",6,3
"3390",7,1
"3391",NA,NA
"3392",NA,NA
"3393",6,1
"3394",6,3
"3395",7,2
"3396",6,4
"3397",NA,NA
"3398",7,3
"3399",7,2
"3400",6,2
"3401",NA,NA
"3402",7,2
"3403",NA,NA
"3404",7,3
"3405",6,4
"3406",NA,NA
"3407",NA,NA
"3408",3,5
"3409",6,4
"3410",6,5
"3411",6,4
"3412",4,4
"3413",1,1
"3414",5,5
"3415",NA,NA
"3416",7,5
"3417",1,1
"3418",6,3
"3419",7,2
"3420",7,3
"3421",3,3
"3422",NA,NA
"3423",1,1
"3424",NA,NA
"3425",NA,NA
"3426",6,5
"3427",NA,NA
"3428",6,4
"3429",1,1
"3430",6,6
"3431",NA,NA
"3432",7,3
"3433",7,2
"3434",NA,NA
"3435",3,2
"3436",5,5
"3437",5,5
"3438",7,3
"3439",6,5
"3440",7,5
"3441",6,4
"3442",7,3
"3443",6,3
"3444",NA,NA
"3445",5,3
"3446",NA,NA
"3447",NA,NA
"3448",1,1
"3449",NA,NA
"3450",6,4
"3451",NA,NA
"3452",4,2
"3453",6,4
"3454",7,3
"3455",6,6
"3456",NA,NA
"3457",6,3
"3458",4,4
"3459",3,1
"3460",7,5
"3461",NA,NA
"3462",5,4
"3463",3,3
"3464",NA,NA
"3465",NA,NA
"3466",7,2
"3467",1,1
"3468",1,1
"3469",7,5
"3470",NA,NA
"3471",7,4
"3472",6,3
"3473",6,6
"3474",NA,NA
"3475",5,4
"3476",6,6
"3477",NA,NA
"3478",NA,NA
"3479",5,5
"3480",NA,NA
"3481",4,4
"3482",6,5
"3483",NA,NA
"3484",NA,NA
"3485",6,3
"3486",3,1
"3487",1,1
"3488",6,4
"3489",7,3
"3490",NA,NA
"3491",6,5
"3492",7,2
"3493",NA,NA
"3494",NA,NA
"3495",NA,NA
"3496",NA,NA
"3497",6,3
"3498",NA,NA
"3499",NA,NA
"3500",NA,NA
"3501",NA,NA
"3502",NA,NA
"3503",5,3
"3504",NA,NA
"3505",NA,NA
"3506",6,3
"3507",7,3
"3508",6,4
"3509",7,5
"3510",7,4
"3511",7,3
"3512",NA,NA
"3513",NA,NA
"3514",NA,NA
"3515",1,1
"3516",5,1
"3517",6,3
"3518",NA,NA
"3519",4,2
"3520",NA,NA
"3521",3,3
"3522",3,5
"3523",3,6
"3524",6,3
"3525",NA,NA
"3526",6,5
"3527",4,6
"3528",3,3
"3529",NA,NA
"3530",1,1
"3531",NA,NA
"3532",7,4
"3533",NA,NA
"3534",NA,NA
"3535",7,5
"3536",7,2
"3537",7,3
"3538",NA,NA
"3539",2,2
"3540",NA,NA
"3541",5,6
"3542",6,4
"3543",6,6
"3544",NA,NA
"3545",6,3
"3546",NA,NA
"3547",7,2
"3548",7,5
"3549",5,5
"3550",7,7
"3551",6,5
"3552",NA,NA
"3553",7,4
"3554",7,3
"3555",NA,NA
"3556",NA,NA
"3557",NA,NA
"3558",5,6
"3559",NA,NA
"3560",6,3
"3561",5,5
"3562",6,4
"3563",6,4
"3564",6,3
"3565",NA,NA
"3566",6,3
"3567",4,3
"3568",6,6
"3569",NA,NA
"3570",NA,NA
"3571",NA,NA
"3572",6,2
"3573",NA,NA
"3574",7,2
"3575",7,2
"3576",NA,NA
"3577",7,3
"3578",NA,NA
"3579",7,3
"3580",7,2
"3581",6,5
"3582",3,6
"3583",NA,NA
"3584",NA,NA
"3585",6,6
"3586",6,6
"3587",NA,NA
"3588",4,5
"3589",5,4
"3590",1,1
"3591",NA,NA
"3592",5,4
"3593",5,6
"3594",NA,NA
"3595",6,6
"3596",1,1
"3597",5,5
"3598",6,4
"3599",7,3
"3600",NA,NA
"3601",6,2
"3602",6,4
"3603",7,6
"3604",NA,NA
"3605",7,3
"3606",1,1
"3607",1,1
"3608",NA,NA
"3609",NA,NA
"3610",5,6
"3611",7,4
"3612",NA,NA
"3613",NA,NA
"3614",NA,NA
"3615",6,3
"3616",7,5
"3617",7,6
"3618",7,5
"3619",NA,NA
"3620",1,1
"3621",7,3
"3622",5,3
"3623",NA,NA
"3624",NA,NA
"3625",NA,NA
"3626",7,6
"3627",7,4
"3628",6,3
"3629",6,1
"3630",NA,NA
"3631",7,3
"3632",6,2
"3633",NA,NA
"3634",1,1
"3635",NA,NA
"3636",NA,NA
"3637",NA,NA
"3638",7,4
"3639",1,1
"3640",NA,NA
"3641",3,2
"3642",NA,NA
"3643",5,3
"3644",NA,NA
"3645",7,5
"3646",4,7
"3647",NA,NA
"3648",NA,NA
"3649",7,2
"3650",1,1
"3651",7,3
"3652",5,2
"3653",NA,NA
"3654",6,3
"3655",NA,NA
"3656",6,4
"3657",NA,NA
"3658",1,1
"3659",5,5
"3660",NA,NA
"3661",NA,NA
"3662",NA,NA
"3663",NA,NA
"3664",6,6
"3665",6,5
"3666",NA,NA
"3667",6,4
"3668",2,5
"3669",NA,NA
"3670",NA,NA
"3671",6,1
"3672",4,2
"3673",5,6
"3674",1,1
"3675",5,4
"3676",5,7
"3677",5,1
"3678",6,6
"3679",7,2
"3680",6,3
"3681",NA,NA
"3682",1,1
"3683",3,6
"3684",NA,NA
"3685",NA,NA
"3686",7,2
"3687",7,4
"3688",7,3
"3689",NA,NA
"3690",NA,NA
"3691",3,1
"3692",6,2
"3693",7,2
"3694",6,3
"3695",1,1
"3696",4,4
"3697",1,1
"3698",NA,NA
"3699",6,5
"3700",3,6
"3701",1,1
"3702",6,6
"3703",7,2
"3704",7,3
"3705",NA,NA
"3706",5,5
"3707",4,2
"3708",3,1
"3709",NA,NA
"3710",6,3
"3711",NA,NA
"3712",NA,NA
"3713",1,2
"3714",5,6
"3715",5,7
"3716",4,5
"3717",5,4
"3718",NA,NA
"3719",NA,NA
"3720",6,3
"3721",NA,NA
"3722",6,5
"3723",3,3
"3724",7,3
"3725",1,1
"3726",7,5
"3727",NA,NA
"3728",7,2
"3729",7,2
"3730",7,5
"3731",7,2
"3732",NA,NA
"3733",7,5
"3734",3,2
"3735",1,1
"3736",NA,NA
"3737",NA,NA
"3738",6,6
"3739",6,5
"3740",NA,NA
"3741",6,4
"3742",6,2
"3743",6,3
"3744",6,4
"3745",NA,NA
"3746",4,5
"3747",7,5
"3748",6,4
"3749",NA,NA
"3750",1,1
"3751",7,2
"3752",3,4
"3753",1,1
"3754",7,3
"3755",NA,NA
"3756",3,3
"3757",6,3
"3758",6,3
"3759",4,3
"3760",NA,NA
"3761",6,3
"3762",2,6
"3763",NA,NA
"3764",NA,NA
"3765",6,4
"3766",NA,NA
"3767",NA,NA
"3768",NA,NA
"3769",6,6
"3770",NA,NA
"3771",6,5
"3772",6,6
"3773",7,3
"3774",5,2
"3775",6,3
"3776",NA,NA
"3777",7,3
"3778",6,3
"3779",1,1
"3780",5,4
"3781",6,4
"3782",NA,NA
"3783",6,3
"3784",NA,NA
"3785",6,4
"3786",5,2
"3787",7,6
"3788",7,2
"3789",2,1
"3790",6,3
"3791",5,4
"3792",1,1
"3793",5,3
"3794",NA,NA
"3795",7,3
"3796",NA,NA
"3797",NA,NA
"3798",NA,NA
"3799",7,3
"3800",3,3
"3801",NA,NA
"3802",3,1
"3803",NA,NA
"3804",NA,NA
"3805",4,2
"3806",NA,NA
"3807",6,2
"3808",7,4
"3809",6,3
"3810",7,2
"3811",NA,NA
"3812",6,3
"3813",NA,NA
"3814",6,6
"3815",NA,NA
"3816",6,2
"3817",6,4
"3818",5,6
"3819",NA,NA
"3820",NA,NA
"3821",NA,NA
"3822",6,6
"3823",5,6
"3824",6,3
"3825",NA,NA
"3826",4,6
"3827",7,2
"3828",7,3
"3829",6,4
"3830",6,NA
"3831",7,3
"3832",NA,NA
"3833",NA,NA
"3834",7,3
"3835",6,3
"3836",3,5
"3837",7,3
"3838",NA,NA
"3839",NA,NA
"3840",7,2
"3841",NA,NA
"3842",4,4
"3843",7,4
"3844",2,3
"3845",7,3
"3846",NA,NA
"3847",NA,NA
"3848",4,6
"3849",NA,NA
"3850",1,1
"3851",6,3
"3852",6,5
"3853",6,4
"3854",6,3
"3855",7,6
"3856",5,5
"3857",4,5
"3858",NA,NA
"3859",5,4
"3860",6,5
"3861",NA,NA
"3862",3,4
"3863",NA,NA
"3864",7,5
"3865",NA,NA
"3866",6,3
"3867",6,4
"3868",5,6
"3869",5,4
"3870",5,5
"3871",NA,NA
"3872",1,1
"3873",7,3
"3874",4,4
"3875",7,3
"3876",6,5
"3877",NA,NA
"3878",6,5
"3879",NA,NA
"3880",4,3
"3881",NA,NA
"3882",5,6
"3883",NA,NA
"3884",6,2
"3885",NA,NA
"3886",7,6
"3887",7,3
"3888",NA,NA
"3889",7,3
"3890",6,3
"3891",7,2
"3892",NA,NA
"3893",NA,4
"3894",5,5
"3895",NA,NA
"3896",NA,NA
"3897",7,3
"3898",6,1
"3899",NA,NA
"3900",2,5
"3901",7,5
"3902",NA,NA
"3903",7,4
"3904",NA,NA
"3905",NA,NA
"3906",NA,NA
"3907",NA,NA
"3908",7,2
"3909",NA,NA
"3910",NA,NA
"3911",6,5
"3912",7,2
"3913",4,4
"3914",6,3
"3915",7,7
"3916",7,3
"3917",NA,NA
"3918",6,3
"3919",5,2
"3920",6,3
"3921",1,1
"3922",7,6
"3923",6,5
"3924",5,3
"3925",7,5
"3926",7,5
"3927",6,7
"3928",6,NA
"3929",NA,NA
"3930",2,1
"3931",6,5
"3932",7,3
"3933",NA,NA
"3934",5,4
"3935",NA,NA
"3936",7,5
"3937",1,2
"3938",5,5
"3939",2,2
"3940",5,5
"3941",NA,NA
"3942",5,2
"3943",5,5
"3944",1,1
"3945",7,3
"3946",NA,NA
"3947",NA,NA
"3948",NA,NA
"3949",7,3
"3950",NA,NA
"3951",6,5
"3952",6,3
"3953",NA,NA
"3954",5,3
"3955",NA,NA
"3956",6,4
"3957",5,7
"3958",6,2
"3959",NA,NA
"3960",NA,NA
"3961",NA,NA
"3962",6,5
"3963",6,5
"3964",5,3
"3965",6,2
"3966",5,5
"3967",6,4
"3968",NA,NA
"3969",4,5
"3970",3,4
"3971",7,3
"3972",6,2
"3973",5,3
"3974",NA,NA
"3975",7,3
"3976",6,3
"3977",7,2
"3978",NA,NA
"3979",1,1
"3980",1,1
"3981",7,2
"3982",6,4
"3983",NA,NA
"3984",4,2
"3985",NA,NA
"3986",NA,NA
"3987",NA,NA
"3988",NA,NA
"3989",6,3
"3990",6,3
"3991",2,6
"3992",6,6
"3993",NA,NA
"3994",6,2
"3995",NA,NA
"3996",NA,NA
"3997",6,4
"3998",7,2
"3999",7,3
"4000",7,3
"4001",NA,NA
"4002",5,5
"4003",NA,NA
"4004",7,3
"4005",3,6
"4006",NA,NA
"4007",5,4
"4008",5,1
"4009",7,2
"4010",6,3
"4011",6,5
"4012",NA,NA
"4013",2,1
"4014",6,3
"4015",6,6
"4016",1,1
"4017",7,5
"4018",6,2
"4019",NA,NA
"4020",6,6
"4021",6,3
"4022",NA,NA
"4023",5,3
"4024",7,2
"4025",5,4
"4026",NA,NA
"4027",7,1
"4028",6,5
"4029",NA,NA
"4030",1,1
"4031",NA,NA
"4032",7,3
"4033",NA,NA
"4034",NA,NA
"4035",NA,NA
"4036",1,1
"4037",4,5
"4038",7,3
"4039",6,4
"4040",NA,NA
"4041",5,4
"4042",6,1
"4043",NA,NA
"4044",6,4
"4045",6,3
"4046",1,1
"4047",6,2
"4048",7,4
"4049",7,2
"4050",6,3
"4051",6,3
"4052",6,4
"4053",3,4
"4054",7,4
"4055",7,5
"4056",NA,NA
"4057",7,3
"4058",5,6
"4059",6,3
"4060",6,4
"4061",NA,NA
"4062",6,5
"4063",NA,NA
"4064",6,6
"4065",1,1
"4066",6,5
"4067",5,6
"4068",7,3
"4069",1,1
"4070",7,5
"4071",NA,NA
"4072",1,1
"4073",6,4
"4074",NA,NA
"4075",5,4
"4076",NA,NA
"4077",6,4
"4078",NA,NA
"4079",NA,NA
"4080",5,6
"4081",6,3
"4082",6,4
"4083",7,4
"4084",4,4
"4085",6,6
"4086",NA,NA
"4087",NA,NA
"4088",3,5
"4089",6,5
"4090",3,5
"4091",7,2
"4092",NA,NA
"4093",3,7
"4094",7,4
"4095",5,2
"4096",6,5
"4097",3,4
"4098",5,1
"4099",6,3
"4100",6,6
"4101",1,1
"4102",NA,NA
"4103",5,2
"4104",6,4
"4105",7,5
"4106",NA,NA
"4107",NA,NA
"4108",6,3
"4109",7,2
"4110",6,2
"4111",7,3
"4112",3,6
"4113",3,1
"4114",2,2
"4115",6,4
"4116",7,3
"4117",NA,NA
"4118",6,5
"4119",NA,NA
"4120",4,5
"4121",6,3
"4122",6,2
"4123",2,2
"4124",7,2
"4125",2,2
"4126",1,1
"4127",6,3
"4128",7,5
"4129",6,3
"4130",5,5
"4131",7,3
"4132",6,5
"4133",6,3
"4134",7,5
"4135",3,1
"4136",NA,NA
"4137",6,6
"4138",7,3
"4139",NA,NA
"4140",3,3
"4141",NA,NA
"4142",6,3
"4143",6,3
"4144",NA,NA
"4145",NA,NA
"4146",7,4
"4147",6,4
"4148",NA,NA
"4149",7,6
"4150",NA,NA
"4151",NA,NA
"4152",6,2
"4153",1,1
"4154",NA,NA
"4155",NA,NA
"4156",3,6
"4157",6,3
"4158",NA,NA
"4159",5,5
"4160",6,3
"4161",3,3
"4162",6,3
"4163",NA,NA
"4164",4,1
"4165",6,3
"4166",NA,NA
"4167",1,1
"4168",7,2
"4169",6,3
"4170",5,4
"4171",7,4
"4172",6,3
"4173",4,5
"4174",1,1
"4175",5,3
"4176",NA,NA
"4177",NA,NA
"4178",NA,NA
"4179",3,6
"4180",3,3
"4181",NA,NA
"4182",4,6
"4183",1,1
"4184",NA,NA
"4185",2,2
"4186",NA,NA
"4187",NA,NA
"4188",2,5
"4189",6,4
"4190",5,5
"4191",6,5
"4192",NA,NA
"4193",7,4
"4194",1,1
"4195",4,5
"4196",6,3
"4197",6,5
"4198",5,6
"4199",5,1
"4200",6,3
"4201",4,3
"4202",6,5
"4203",7,3
"4204",2,6
"4205",5,4
"4206",6,5
"4207",6,6
"4208",6,6
"4209",6,4
"4210",7,2
"4211",NA,NA
"4212",4,4
"4213",NA,NA
"4214",6,3
"4215",6,5
"4216",NA,NA
"4217",6,3
"4218",7,2
"4219",NA,NA
"4220",3,5
"4221",5,5
"4222",3,5
"4223",7,4
"4224",6,4
"4225",6,3
"4226",NA,NA
"4227",NA,NA
"4228",6,3
"4229",6,4
"4230",NA,NA
"4231",NA,NA
"4232",5,5
"4233",6,6
"4234",5,5
"4235",NA,NA
"4236",NA,NA
"4237",6,5
"4238",7,2
"4239",6,6
"4240",1,1
"4241",6,4
"4242",7,3
"4243",7,5
"4244",3,4
"4245",3,7
"4246",4,6
"4247",5,3
"4248",7,5
"4249",5,5
"4250",6,3
"4251",2,2
"4252",NA,NA
"4253",2,2
"4254",5,4
"4255",NA,NA
"4256",NA,NA
"4257",NA,NA
"4258",6,2
"4259",5,3
"4260",5,4
"4261",NA,NA
"4262",NA,NA
"4263",7,5
"4264",NA,NA
"4265",NA,NA
"4266",6,3
"4267",NA,NA
"4268",5,3
"4269",NA,NA
"4270",6,5
"4271",NA,NA
"4272",NA,NA
"4273",4,5
"4274",5,4
"4275",5,3
"4276",NA,NA
"4277",7,4
"4278",6,5
"4279",NA,NA
"4280",NA,NA
"4281",NA,NA
"4282",7,6
"4283",1,1
"4284",NA,NA
"4285",7,3
"4286",NA,NA
"4287",NA,NA
"4288",6,3
"4289",5,6
"4290",7,4
"4291",6,3
"4292",6,5
"4293",NA,NA
"4294",NA,NA
"4295",7,3
"4296",6,3
"4297",7,5
"4298",NA,NA
"4299",2,2
"4300",6,4
"4301",7,4
"4302",7,5
"4303",NA,NA
"4304",1,1
"4305",7,2
"4306",NA,NA
"4307",NA,NA
"4308",1,1
"4309",NA,NA
"4310",NA,NA
"4311",NA,NA
"4312",2,3
"4313",5,6
"4314",6,3
"4315",NA,NA
"4316",NA,NA
"4317",5,5
"4318",7,3
"4319",NA,NA
"4320",7,5
"4321",1,1
"4322",NA,NA
"4323",6,3
"4324",NA,NA
"4325",7,6
"4326",7,3
"4327",6,4
"4328",6,3
"4329",5,5
"4330",NA,NA
"4331",6,2
"4332",NA,NA
"4333",NA,NA
"4334",NA,NA
"4335",6,5
"4336",3,1
"4337",1,1
"4338",NA,NA
"4339",6,5
"4340",NA,NA
"4341",7,3
"4342",3,5
"4343",3,6
"4344",1,1
"4345",6,5
"4346",NA,NA
"4347",5,6
"4348",5,4
"4349",5,3
"4350",3,6
"4351",7,4
"4352",NA,NA
"4353",7,4
"4354",NA,NA
"4355",6,4
"4356",NA,NA
"4357",NA,NA
"4358",4,7
"4359",7,3
"4360",NA,NA
"4361",1,1
"4362",7,2
"4363",NA,NA
"4364",3,2
"4365",5,4
"4366",6,5
"4367",7,7
"4368",7,1
"4369",NA,NA
"4370",5,5
"4371",7,2
"4372",2,6
"4373",6,4
"4374",4,3
"4375",5,3
"4376",3,3
"4377",7,2
"4378",7,3
"4379",6,4
"4380",NA,NA
"4381",7,2
"4382",6,7
"4383",NA,NA
"4384",7,2
"4385",6,3
"4386",5,7
"4387",2,3
"4388",NA,NA
"4389",NA,NA
"4390",NA,NA
"4391",7,3
"4392",6,5
"4393",7,3
"4394",NA,NA
"4395",NA,NA
"4396",6,3
"4397",6,3
"4398",7,2
"4399",2,2
"4400",7,5
"4401",5,7
"4402",5,4
"4403",6,3
"4404",NA,NA
"4405",6,3
"4406",7,5
"4407",NA,NA
"4408",NA,NA
"4409",6,5
"4410",NA,NA
"4411",4,6
"4412",5,5
"4413",NA,NA
"4414",NA,NA
"4415",4,3
"4416",NA,NA
"4417",NA,3
"4418",7,4
"4419",1,1
"4420",1,1
"4421",1,1
"4422",6,3
"4423",1,1
"4424",NA,NA
"4425",NA,NA
"4426",4,3
"4427",7,4
"4428",6,5
"4429",NA,NA
"4430",NA,NA
"4431",6,6
"4432",NA,NA
"4433",NA,NA
"4434",NA,NA
"4435",7,2
"4436",1,1
"4437",7,2
"4438",NA,NA
"4439",5,3
"4440",5,3
"4441",7,2
"4442",1,1
"4443",6,4
"4444",6,4
"4445",5,5
"4446",NA,NA
"4447",6,1
"4448",7,3
"4449",7,4
"4450",6,3
"4451",NA,NA
"4452",6,3
"4453",NA,NA
"4454",NA,NA
"4455",6,3
"4456",NA,NA
"4457",NA,NA
"4458",6,3
"4459",NA,NA
"4460",6,3
"4461",5,1
"4462",3,6
"4463",NA,NA
"4464",7,4
"4465",NA,NA
"4466",3,5
"4467",5,6
"4468",5,5
"4469",NA,NA
"4470",6,5
"4471",7,2
"4472",NA,NA
"4473",NA,NA
"4474",5,5
"4475",6,2
"4476",7,3
"4477",5,3
"4478",7,2
"4479",3,6
"4480",6,5
"4481",5,3
"4482",3,3
"4483",5,3
"4484",6,3
"4485",5,5
"4486",NA,NA
"4487",4,6
"4488",NA,NA
"4489",7,4
"4490",6,4
"4491",NA,NA
"4492",NA,NA
"4493",NA,NA
"4494",7,2
"4495",NA,NA
"4496",NA,NA
"4497",1,1
"4498",5,5
"4499",NA,NA
"4500",NA,NA
"4501",NA,NA
"4502",NA,NA
"4503",NA,NA
"4504",6,3
"4505",4,5
"4506",4,6
"4507",5,7
"4508",NA,NA
"4509",7,3
"4510",NA,NA
"4511",6,4
"4512",NA,NA
"4513",7,3
"4514",NA,NA
"4515",NA,NA
"4516",1,1
"4517",1,1
"4518",NA,NA
"4519",NA,NA
"4520",NA,NA
"4521",6,2
"4522",5,4
"4523",6,3
"4524",6,4
"4525",NA,NA
"4526",NA,NA
"4527",6,3
"4528",6,3
"4529",5,6
"4530",7,3
"4531",3,5
"4532",NA,NA
"4533",7,3
"4534",7,5
"4535",7,6
"4536",NA,NA
"4537",6,3
"4538",5,4
"4539",NA,NA
"4540",3,2
"4541",3,5
"4542",6,3
"4543",6,1
"4544",5,4
"4545",NA,NA
"4546",NA,NA
"4547",NA,NA
"4548",NA,NA
"4549",6,4
"4550",NA,NA
"4551",6,3
"4552",NA,NA
"4553",3,3
"4554",6,6
"4555",1,1
"4556",5,2
"4557",6,3
"4558",5,3
"4559",NA,NA
"4560",7,2
"4561",7,5
"4562",5,4
"4563",NA,NA
"4564",6,2
"4565",NA,NA
"4566",6,5
"4567",7,3
"4568",NA,NA
"4569",5,2
"4570",NA,NA
"4571",3,1
"4572",7,3
"4573",7,3
"4574",NA,NA
"4575",7,5
"4576",NA,NA
"4577",4,7
"4578",6,2
"4579",6,4
"4580",7,2
"4581",3,3
"4582",6,4
"4583",7,4
"4584",NA,NA
"4585",NA,NA
"4586",NA,NA
"4587",NA,NA
"4588",6,3
"4589",5,5
"4590",1,1
"4591",NA,NA
"4592",6,4
"4593",NA,NA
"4594",NA,NA
"4595",6,1
"4596",3,3
"4597",6,3
"4598",7,3
"4599",5,6
"4600",NA,NA
"4601",NA,NA
"4602",6,3
"4603",7,NA
"4604",4,3
"4605",NA,NA
"4606",7,3
"4607",6,6
"4608",7,3
"4609",5,6
"4610",7,4
"4611",6,6
"4612",NA,NA
"4613",5,1
"4614",6,3
"4615",NA,NA
"4616",NA,NA
"4617",7,5
"4618",6,2
"4619",7,5
"4620",NA,NA
"4621",NA,NA
"4622",6,3
"4623",NA,NA
"4624",5,3
"4625",5,5
"4626",6,6
"4627",1,1
"4628",5,4
"4629",6,5
"4630",5,6
"4631",NA,NA
"4632",7,5
"4633",7,3
"4634",7,2
"4635",NA,NA
"4636",7,3
"4637",NA,NA
"4638",7,3
"4639",4,5
"4640",2,2
"4641",NA,NA
"4642",5,3
"4643",7,2
"4644",NA,NA
"4645",7,5
"4646",6,6
"4647",NA,NA
"4648",NA,NA
"4649",6,5
"4650",7,2
"4651",NA,NA
"4652",5,3
"4653",6,6
"4654",7,2
"4655",5,3
"4656",5,4
"4657",3,2
"4658",5,3
"4659",6,2
"4660",7,6
"4661",7,4
"4662",7,2
"4663",NA,NA
"4664",4,3
"4665",NA,NA
"4666",6,5
"4667",7,3
"4668",NA,NA
"4669",NA,NA
"4670",6,4
"4671",5,5
"4672",NA,NA
"4673",1,1
"4674",NA,NA
"4675",NA,NA
"4676",6,4
"4677",NA,NA
"4678",7,3
"4679",6,6
"4680",6,3
"4681",NA,NA
"4682",6,4
"4683",6,3
"4684",6,4
"4685",6,3
"4686",6,1
"4687",NA,NA
"4688",7,7
"4689",5,3
"4690",NA,NA
"4691",4,4
"4692",7,2
"4693",6,3
"4694",NA,NA
"4695",5,2
"4696",6,2
"4697",6,5
"4698",7,3
"4699",6,3
"4700",NA,NA
"4701",2,2
"4702",6,3
"4703",NA,NA
"4704",NA,NA
"4705",5,5
"4706",6,3
"4707",7,6
"4708",NA,NA
"4709",NA,NA
"4710",3,5
"4711",6,5
"4712",7,2
"4713",7,3
"4714",3,3
"4715",6,3
"4716",NA,NA
"4717",NA,NA
"4718",6,3
"4719",5,6
"4720",5,5
"4721",7,2
"4722",7,3
"4723",NA,NA
"4724",3,2
"4725",NA,NA
"4726",NA,NA
"4727",7,2
"4728",NA,NA
"4729",NA,NA
"4730",NA,NA
"4731",5,6
"4732",4,5
"4733",5,5
"4734",5,5
"4735",6,NA
"4736",3,7
"4737",7,2
"4738",6,6
"4739",NA,NA
"4740",NA,NA
"4741",5,2
"4742",6,3
"4743",6,3
"4744",6,3
"4745",5,5
"4746",4,5
"4747",7,4
"4748",6,3
"4749",6,5
"4750",5,4
"4751",3,4
"4752",NA,NA
"4753",1,1
"4754",6,5
"4755",NA,NA
"4756",7,5
"4757",NA,NA
"4758",6,4
"4759",6,6
"4760",NA,NA
"4761",7,3
"4762",NA,NA
"4763",6,2
"4764",5,4
"4765",6,3
"4766",NA,NA
"4767",NA,5
"4768",4,3
"4769",7,3
"4770",1,1
"4771",7,3
"4772",NA,NA
"4773",NA,NA
"4774",NA,NA
"4775",6,6
"4776",6,3
"4777",6,4
"4778",NA,NA
"4779",6,4
"4780",NA,NA
"4781",2,2
"4782",6,4
"4783",NA,NA
"4784",NA,NA
"4785",7,2
"4786",7,2
"4787",NA,NA
"4788",6,4
"4789",5,6
"4790",7,3
"4791",6,3
"4792",3,5
"4793",6,3
"4794",6,5
"4795",NA,NA
"4796",6,3
"4797",7,4
"4798",6,4
"4799",NA,NA
"4800",6,3
"4801",4,5
"4802",NA,NA
"4803",7,3
"4804",NA,NA
"4805",6,3
"4806",6,5
"4807",NA,NA
"4808",6,3
"4809",NA,NA
"4810",NA,NA
"4811",6,4
"4812",NA,NA
"4813",1,1
"4814",NA,NA
"4815",1,6
"4816",1,1
"4817",NA,NA
"4818",NA,NA
"4819",6,3
"4820",1,1
"4821",NA,NA
"4822",4,3
"4823",4,6
"4824",NA,NA
"4825",7,3
"4826",NA,NA
"4827",5,4
"4828",7,3
"4829",NA,NA
"4830",4,5
"4831",5,5
"4832",NA,NA
"4833",6,2
"4834",NA,NA
"4835",NA,NA
"4836",6,3
"4837",6,3
"4838",NA,NA
"4839",6,2
"4840",6,6
"4841",7,3
"4842",NA,NA
"4843",6,3
"4844",NA,NA
"4845",NA,NA
