"","formally_taught_perl","formally_taught_other_os_language","other_os_language_taught"
"1",1,2,""
"2",1,1,""
"3",1,2,""
"4",1,1,""
"5",1,1,""
"6",1,2,"Make"
"7",1,NA,""
"8",1,3,""
"9",1,2,"slight amounts of javascript in a single class"
"10",1,1,""
"11",1,5,"PHP - a small amount"
"12",2,1,""
"13",1,1,""
"14",1,1,""
"15",NA,NA,""
"16",3,3,"Python"
"17",1,1,""
"18",1,1,""
"19",1,1,""
"20",1,3,"Haskell, prolog"
"21",1,1,""
"22",NA,NA,""
"23",NA,NA,""
"24",1,1,""
"25",2,3,"javascript"
"26",1,5,"C / C++"
"27",1,1,""
"28",1,2,""
"29",1,1,""
"30",3,3,"python"
"31",5,1,""
"32",1,4,"C, C++, Java"
"33",1,1,""
"34",1,4,"Scheme, Smalltalk, Common Lisp, ML, Prolog, Miranda, Haskell"
"35",1,1,""
"36",1,1,""
"37",1,4,"php"
"38",1,1,""
"39",2,1,""
"40",1,3,"Java"
"41",1,1,""
"42",1,1,""
"43",1,1,""
"44",1,3,"PHP"
"45",1,1,""
"46",1,1,""
"47",NA,NA,""
"48",1,1,""
"49",1,1,""
"50",1,1,""
"51",1,1,""
"52",1,1,""
"53",1,1,""
"54",2,3,"Lisp: very little."
"55",1,1,""
"56",1,1,""
"57",NA,NA,""
"58",2,1,"Shell and a few other low level languages."
"59",1,1,""
"60",1,1,""
"61",1,1,""
"62",1,2,""
"63",NA,NA,""
"64",1,1,""
"65",1,5,"LISP"
"66",2,3,"python"
"67",1,1,""
"68",3,1,""
"69",1,4,"Lisp"
"70",1,1,""
"71",1,1,""
"72",2,1,""
"73",1,1,""
"74",3,2,""
"75",1,1,""
"76",2,2,""
"77",1,1,""
"78",3,3,"perl, php, tcl"
"79",4,3,"php"
"80",NA,NA,""
"81",1,1,""
"82",NA,NA,""
"83",1,1,""
"84",1,1,""
"85",1,1,""
"86",NA,NA,""
"87",1,1,"Emacs Lisp"
"88",1,2,""
"89",1,1,""
"90",1,2,"Python"
"91",1,1,""
"92",1,1,""
"93",1,1,""
"94",1,1,"VB 6 ;-)"
"95",2,3,"tcl"
"96",1,1,""
"97",1,3,"Java, if that qualifies as dynamic."
"98",1,1,""
"99",1,1,""
"100",5,1,""
"101",4,5,"Python, Ruby"
"102",1,1,""
"103",1,1,""
"104",3,2,""
"105",1,1,""
"106",1,1,""
"107",5,4,"Ruby, Python, Scheme"
"108",1,1,""
"109",1,1,""
"110",3,2,""
"111",1,1,""
"112",1,1,""
"113",1,1,""
"114",4,4,""
"115",1,1,""
"116",1,1,""
"117",3,2,""
"118",1,1,""
"119",2,1,""
"120",1,1,""
"121",1,3,""
"122",1,1,""
"123",1,1,""
"124",NA,NA,""
"125",1,1,""
"126",1,1,""
"127",1,1,""
"128",1,1,""
"129",1,1,""
"130",1,1,""
"131",1,1,""
"132",NA,NA,""
"133",1,1,""
"134",1,1,""
"135",1,1,""
"136",3,1,""
"137",1,1,""
"138",1,1,""
"139",1,1,""
"140",1,1,""
"141",1,2,""
"142",2,3,""
"143",1,1,""
"144",NA,NA,""
"145",1,1,""
"146",1,1,""
"147",1,1,""
"148",1,1,""
"149",1,2,""
"150",1,1,""
"151",1,1,""
"152",1,1,""
"153",NA,NA,""
"154",1,1,""
"155",1,1,""
"156",1,2,""
"157",1,1,""
"158",1,2,"I'm not sure whether shell scripting counts, but they barely touched on it anyway."
"159",1,1,""
"160",1,1,""
"161",2,2,""
"162",1,1,""
"163",1,1,""
"164",2,3,"VB"
"165",1,3,"PHP"
"166",1,1,""
"167",1,2,"PHP, C#"
"168",1,1,""
"169",3,1,"In 1992(!) I took an Intro to UNIX course that touched on Perl, Awk, /bin/sh and csh.  I used Perl extensively in a Data Structures class, but it wasn't ""taught"".[CR][CR]Other than that: Pascal, Java, C++, ML, Fortran, Prolog, and SPIM (MIPS Assembly)"
"170",1,1,""
"171",1,1,""
"172",1,2,""
"173",1,1,""
"174",1,5,"Java, PHP"
"175",3,1,""
"176",NA,NA,""
"177",NA,NA,""
"178",1,1,""
"179",2,2,""
"180",1,1,""
"181",1,1,""
"182",1,1,""
"183",NA,4,"Python, PHP"
"184",2,4,"Java, C++, C"
"185",1,1,""
"186",1,1,""
"187",1,1,""
"188",NA,NA,""
"189",1,1,""
"190",1,3,"VisualBasic"
"191",NA,NA,""
"192",1,1,""
"193",1,1,""
"194",1,1,""
"195",1,3,""
"196",NA,NA,""
"197",NA,NA,""
"198",1,1,""
"199",1,1,""
"200",2,1,""
"201",1,1,""
"202",1,1,"LISP"
"203",3,4,"scheme"
"204",1,2,""
"205",1,1,""
"206",1,1,""
"207",1,1,""
"208",1,2,"Python"
"209",1,2,""
"210",1,1,""
"211",1,1,""
"212",1,1,""
"213",1,1,""
"214",1,1,""
"215",NA,NA,""
"216",1,2,"very simple Javascript"
"217",1,2,"scheme"
"218",1,1,""
"219",NA,NA,""
"220",1,1,""
"221",NA,NA,""
"222",1,3,"JavaScript"
"223",3,3,"Scheme, Forth, Prolog"
"224",1,1,""
"225",1,1,""
"226",1,4,"Python, Ruby"
"227",1,1,""
"228",1,1,""
"229",NA,5,"Python"
"230",1,3,"A little Lisp, from a book that included a complete interpreter. In the pre-Internet era, this is as good as you can get"
"231",1,1,""
"232",1,1,""
"233",1,3,"PHP"
"234",NA,NA,""
"235",1,2,""
"236",1,1,""
"237",1,1,""
"238",1,1,""
"239",1,1,"at that time - there was GNU not borne and still jobcontrol (MVS) and cmdline scripts (BS2000) available.[CR]"
"240",5,4,"PHP"
"241",3,1,""
"242",1,1,""
"243",NA,NA,""
"244",1,1,""
"245",1,1,""
"246",1,4,"c, bash, asm, pascal"
"247",1,3,"java"
"248",1,1,""
"249",1,1,""
"250",1,1,""
"251",1,2,""
"252",NA,NA,""
"253",1,1,""
"254",NA,NA,""
"255",1,1,""
"256",2,1,""
"257",3,2,""
"258",1,1,""
"259",1,1,""
"260",1,1,""
"261",NA,NA,""
"262",NA,1,""
"263",1,1,""
"264",1,1,""
"265",1,1,""
"266",1,3,"Python, "
"267",1,1,""
"268",1,1,""
"269",1,3,"c, java"
"270",1,1,""
"271",NA,NA,""
"272",3,1,""
"273",1,1,""
"274",1,1,""
"275",1,1,""
"276",NA,NA,""
"277",1,1,""
"278",1,1,""
"279",3,4,"phython, java,javascript"
"280",1,1,""
"281",1,1,""
"282",1,1,""
"283",1,3,"JavaScript A lot"
"284",1,1,""
"285",NA,NA,""
"286",NA,NA,""
"287",1,1,""
"288",1,1,""
"289",NA,NA,""
"290",1,1,""
"291",1,3,"php"
"292",1,1,""
"293",1,1,""
"294",1,1,""
"295",1,3,""
"296",1,2,""
"297",2,2,""
"298",4,4,""
"299",3,3,""
"300",1,1,""
"301",1,1,""
"302",1,2,"PHP in school"
"303",2,1,""
"304",1,1,""
"305",1,1,""
"306",1,1,""
"307",3,5,""
"308",1,1,""
"309",1,1,""
"310",1,1,""
"311",1,1,""
"312",2,4,""
"313",1,1,""
"314",1,1,""
"315",1,2,""
"316",1,1,""
"317",NA,NA,""
"318",3,3,""
"319",1,3,"PHP"
"320",1,1,""
"321",1,2,"Scheme"
"322",NA,NA,""
"323",2,1,""
"324",1,3,"lisp"
"325",1,3,""
"326",1,1,""
"327",1,1,""
"328",1,1,""
"329",1,3,"c, C++"
"330",1,3,"C,C++,Pascal"
"331",1,4,"python[CR]java script"
"332",1,3,"Scheme: one semester advanced practical course[CR]"
"333",1,1,""
"334",1,1,""
"335",NA,NA,""
"336",1,1,""
"337",1,1,""
"338",NA,NA,""
"339",1,1,""
"340",1,2,"Java"
"341",1,2,"Scheme"
"342",1,1,""
"343",1,1,""
"344",1,2,""
"345",1,3,""
"346",1,3,""
"347",1,1,""
"348",1,1,""
"349",1,1,""
"350",NA,NA,""
"351",1,1,""
"352",1,3,"php[CR]java"
"353",NA,NA,""
"354",1,1,""
"355",2,2,""
"356",NA,NA,""
"357",1,3,"c++/java"
"358",1,1,""
"359",1,1,""
"360",1,3,""
"361",1,1,""
"362",3,5,"C[CR]C++[CR]ruby"
"363",1,1,""
"364",1,2,"Lisp, Scheme "
"365",1,1,""
"366",1,1,""
"367",1,1,""
"368",2,3,"Tcl/Tk"
"369",1,1,""
"370",1,1,""
"371",1,1,""
"372",1,2,"lisp, awk"
"373",2,1,""
"374",NA,NA,""
"375",1,1,""
"376",1,1,""
"377",1,1,""
"378",1,1,""
"379",2,2,""
"380",1,2,"Python"
"381",1,1,""
"382",1,1,""
"383",1,1,""
"384",1,1,""
"385",1,1,""
"386",2,4,""
"387",2,3,""
"388",1,1,""
"389",1,3,"basic, pascal, lisp"
"390",1,1,""
"391",1,5,"Prolog, Lisp"
"392",NA,NA,""
"393",1,1,""
"394",1,2,"BCPL[CR]Algol60"
"395",2,2,""
"396",1,1,""
"397",2,2,"Python"
"398",1,3,"Scheme, via DrScheme"
"399",1,1,""
"400",1,1,""
"401",1,1,""
"402",1,1,""
"403",NA,NA,""
"404",1,1,""
"405",NA,1,""
"406",1,3,""
"407",1,3,"Python"
"408",1,1,""
"409",1,1,""
"410",1,2,""
"411",1,2,""
"412",1,1,""
"413",1,1,""
"414",1,1,""
"415",1,1,""
"416",4,4,"Javascript, PHP"
"417",1,3,"PHP"
"418",1,1,""
"419",NA,NA,""
"420",1,1,""
"421",1,1,""
"422",1,1,""
"423",1,1,""
"424",1,1,""
"425",1,1,""
"426",1,1,""
"427",1,3,"Mozart (http://www.mozart-oz.org/)"
"428",1,1,""
"429",1,2,""
"430",NA,NA,""
"431",1,1,""
"432",NA,NA,""
"433",2,2,"PHP, Python"
"434",1,1,""
"435",1,1,""
"436",1,2,"awk"
"437",1,1,""
"438",1,1,""
"439",1,1,""
"440",1,1,""
"441",NA,NA,""
"442",1,2,"scheme"
"443",1,1,""
"444",1,4,"Ocaml (ok, not very dynamic), Common Lisp"
"445",2,1,""
"446",1,1,""
"447",2,5,""
"448",1,1,""
"449",1,1,""
"450",3,2,""
"451",1,2,"C"
"452",NA,NA,""
"453",3,5,"Python, Ruby, Lisp, Javascript, Smalltalk etc etc"
"454",1,1,""
"455",1,1,""
"456",NA,NA,""
"457",1,1,""
"458",1,2,"C Bash"
"459",1,3,"CLU, C"
"460",1,3,""
"461",1,2,""
"462",1,3,""
"463",1,1,""
"464",1,2,"Lisp.  Very very little."
"465",1,1,""
"466",1,1,""
"467",1,1,""
"468",NA,NA,""
"469",NA,NA,""
"470",1,1,""
"471",1,1,""
"472",1,1,""
"473",1,1,""
"474",1,2,""
"475",1,4,"MIT scheme, emacs-lisp"
"476",1,1,""
"477",1,1,""
"478",3,4,""
"479",1,1,""
"480",1,1,""
"481",1,1,""
"482",1,1,""
"483",1,2,"Bash shell in a Unix class"
"484",1,1,""
"485",1,1,""
"486",1,1,""
"487",1,1,""
"488",NA,NA,""
"489",1,1,""
"490",1,1,"Not formally taught, but we were allowed to choose our implementation languages in some courses.  Tcl and Perl were used by several students."
"491",1,1,""
"492",1,1,""
"493",NA,NA,""
"494",1,1,""
"495",1,1,""
"496",1,1,""
"497",1,1,""
"498",1,3,"java"
"499",2,3,""
"500",NA,NA,""
"501",1,3,"PHP"
"502",NA,NA,""
"503",1,1,""
"504",1,1,""
"505",1,1,""
"506",1,1,""
"507",1,1,""
"508",NA,NA,""
"509",1,2,"BASH, C++"
"510",2,3,"PHP"
"511",1,1,""
"512",1,3,"Unix shell (ksh)."
"513",1,3,""
"514",NA,NA,""
"515",2,1,""
"516",1,1,""
"517",1,1,""
"518",1,1,""
"519",1,1,""
"520",1,1,""
"521",1,1,""
"522",1,3,"bash, php"
"523",1,3,"Java"
"524",1,1,""
"525",1,1,""
"526",1,1,""
"527",1,1,""
"528",1,1,""
"529",1,1,"CL or Scheme, Python"
"530",1,1,""
"531",1,1,""
"532",1,1,""
"533",2,3,"PHP (two semesters), JS (one semester), Python (one semester)"
"534",1,1,""
"535",1,3,"Lisp"
"536",1,1,""
"537",1,1,""
"538",3,2,"Lisp"
"539",1,1,""
"540",1,1,""
"541",NA,NA,""
"542",NA,NA,""
"543",1,1,""
"544",2,3,""
"545",1,1,""
"546",1,1,""
"547",1,1,""
"548",NA,NA,""
"549",NA,NA,""
"550",NA,NA,""
"551",1,1,""
"552",1,1,""
"553",1,2,""
"554",1,3,"basic"
"555",1,1,""
"556",1,2,"ML"
"557",3,1,""
"558",1,2,""
"559",1,3,"Ocaml"
"560",1,1,""
"561",NA,NA,""
"562",1,1,""
"563",1,1,""
"564",NA,1,""
"565",NA,NA,""
"566",NA,NA,""
"567",1,1,""
"568",1,3,"Java"
"569",3,4,""
"570",NA,NA,""
"571",1,1,""
"572",NA,NA,""
"573",1,3,"bourne shell"
"574",1,3,"sh, awk"
"575",1,3,""
"576",1,1,""
"577",1,1,""
"578",1,1,""
"579",NA,NA,""
"580",1,1,""
"581",2,2,""
"582",1,1,""
"583",1,1,""
"584",1,3,""
"585",3,1,""
"586",1,3,""
"587",1,1,""
"588",1,1,""
"589",1,3,"Prolog[CR]Java"
"590",1,1,""
"591",1,1,""
"592",2,2,"Can't recall. It was one course with multiple languages."
"593",1,1,""
"594",1,1,""
"595",1,2,"Python"
"596",1,1,""
"597",1,1,""
"598",1,1,""
"599",NA,NA,""
"600",1,3,""
"601",1,1,""
"602",1,1,""
"603",1,2,""
"604",1,1,""
"605",1,1,""
"606",1,2,"C++, Java - for certain definitions of ""dynamic"" of course"
"607",4,1,""
"608",NA,NA,""
"609",1,1,""
"610",1,4,""
"611",3,4,""
"612",3,3,""
"613",1,1,""
"614",1,1,""
"615",NA,NA,""
"616",1,1,""
"617",1,1,""
"618",1,1,""
"619",2,2,"We did have a Operating Systems course for one semester, where (among other things) we learned how to build shell scripts using bash."
"620",1,1,""
"621",1,1,""
"622",NA,NA,""
"623",1,1,""
"624",3,1,""
"625",1,1,""
"626",1,3,"PHP"
"627",1,1,""
"628",1,1,""
"629",1,1,""
"630",NA,NA,""
"631",3,4,""
"632",1,3,"csh"
"633",1,1,""
"634",1,1,""
"635",1,NA,""
"636",3,3,"Python"
"637",NA,NA,""
"638",1,3,"Python"
"639",1,1,""
"640",1,1,""
"641",1,3,"Scheme Python"
"642",1,3,""
"643",2,1,""
"644",1,1,""
"645",1,1,""
"646",1,3,"lisp, smalltalk, prolog, clu"
"647",1,1,""
"648",3,3,"Python"
"649",4,3,"python"
"650",2,1,""
"651",NA,NA,""
"652",1,1,""
"653",1,1,""
"654",1,1,""
"655",1,4,""
"656",1,2,"PHP"
"657",1,1,""
"658",1,1,""
"659",1,1,""
"660",1,1,""
"661",NA,NA,""
"662",1,1,""
"663",1,1,""
"664",1,1,""
"665",1,3,"PHP"
"666",1,3,"What is ""open source dynamic languages""? Does Bash count? C++?"
"667",1,3,""
"668",1,1,""
"669",1,1,""
"670",1,2,""
"671",1,1,""
"672",1,1,""
"673",NA,NA,""
"674",1,1,""
"675",1,1,""
"676",1,1,""
"677",1,4,"C (1yr), Assembler (1yr), Pascal (1yr), COBOL (1yr), Fortran (1yr), Basic (1 semester)"
"678",1,1,""
"679",1,1,""
"680",1,2,""
"681",1,1,""
"682",1,1,""
"683",1,1,""
"684",1,1,""
"685",1,3,"java"
"686",1,3,"ocaml python ruby"
"687",1,1,""
"688",5,1,""
"689",1,1,""
"690",1,3,"Python"
"691",1,1,""
"692",3,1,""
"693",3,2,""
"694",1,4,"lisp[CR]prolog"
"695",1,1,""
"696",1,1,""
"697",1,1,"Pascal, Algol 68, FORTRAN"
"698",1,2,"Bash - a little"
"699",1,2,"javascript"
"700",1,1,""
"701",3,1,""
"702",1,1,""
"703",1,1,""
"704",1,2,"Some ML"
"705",1,1,""
"706",2,2,"php"
"707",1,1,""
"708",1,1,""
"709",3,1,""
"710",NA,NA,""
"711",NA,NA,""
"712",NA,NA,""
"713",1,1,""
"714",1,2,""
"715",1,1,""
"716",1,1,""
"717",1,1,""
"718",1,1,""
"719",1,2,""
"720",3,3,"PHP"
"721",2,2,"Don't remember that's too long ago."
"722",NA,NA,""
"723",3,3,"Java, C"
"724",1,2,""
"725",4,4,"Perl and Php"
"726",3,5,"C, Pascal, C++"
"727",1,3,""
"728",1,1,""
"729",1,1,""
"730",1,NA,"SNOBOL4"
"731",1,1,""
"732",3,3,"python"
"733",NA,NA,""
"734",1,1,""
"735",1,2,"C++"
"736",1,1,""
"737",3,1,""
"738",2,3,"PHP, JavaScript, Haskell"
"739",1,1,""
"740",1,3,"Scheme"
"741",1,1,""
"742",1,1,""
"743",1,1,""
"744",3,5,"bash/csh, pascal, scheme, lisp, ..."
"745",1,1,""
"746",1,1,""
"747",1,1,""
"748",1,1,""
"749",1,1,""
"750",1,3,"bash, gawk"
"751",1,1,""
"752",1,1,""
"753",1,1,""
"754",1,1,""
"755",5,3,"Python[CR]Ruby"
"756",1,1,""
"757",1,1,""
"758",1,1,""
"759",2,3,""
"760",NA,NA,""
"761",3,2,""
"762",NA,NA,""
"763",1,1,""
"764",NA,NA,""
"765",1,1,""
"766",2,1,""
"767",NA,2,""
"768",1,1,""
"769",1,1,""
"770",1,1,""
"771",NA,NA,""
"772",1,1,""
"773",1,NA,""
"774",NA,1,""
"775",3,5,""
"776",1,1,""
"777",1,3,"python awk"
"778",1,3,"Python"
"779",5,5,""
"780",3,4,"python php javascript "
"781",1,2,"javascript"
"782",4,1,"But I did learn a bit of Java at the same time."
"783",1,3,"Bash"
"784",3,3,"openwatcom Fortran and C/C++"
"785",2,3,"PHP[CR]Python[CR]"
"786",1,1,""
"787",1,1,""
"788",1,1,""
"789",1,3,"Javascript"
"790",2,5,"Java, C++, PHP, Java Script, Object Pascal"
"791",1,1,""
"792",1,NA,""
"793",NA,NA,""
"794",1,1,""
"795",1,2,"C, C++"
"796",1,3,"Bash. Python basics."
"797",1,1,""
"798",1,1,""
"799",1,3,"Scheme"
"800",1,1,""
"801",1,1,""
"802",1,1,""
"803",1,1,""
"804",1,1,""
"805",1,1,""
"806",1,1,""
"807",1,1,""
"808",1,1,""
"809",2,4,"Scheme, Java [dynamic?], Python"
"810",3,2,""
"811",1,1,""
"812",1,3,"Pascal"
"813",1,1,""
"814",2,3,"php"
"815",1,1,""
"816",1,3,"BASH"
"817",1,1,""
"818",1,1,""
"819",1,1,""
"820",1,3,""
"821",1,1,""
"822",1,1,""
"823",1,4,"PHP, Javascript, Python, Prolog"
"824",1,1,""
"825",1,4,"C++, C"
"826",1,1,""
"827",1,1,""
"828",1,1,""
"829",1,4,""
"830",3,1,""
"831",1,1,""
"832",3,5,""
"833",1,1,""
"834",1,1,""
"835",1,3,""
"836",1,1,""
"837",NA,NA,""
"838",1,1,""
"839",1,1,""
"840",1,1,""
"841",1,1,""
"842",1,1,""
"843",NA,NA,""
"844",1,1,""
"845",NA,NA,""
"846",1,1,""
"847",1,1,""
"848",1,4,""
"849",3,3,"scheme[CR]ruby"
"850",NA,NA,""
"851",1,1,""
"852",1,2,""
"853",1,1,""
"854",1,1,""
"855",1,2,"Java"
"856",1,1,""
"857",1,1,""
"858",2,2,"python, setl"
"859",3,1,""
"860",1,1,""
"861",1,1,""
"862",1,1,""
"863",1,1,""
"864",1,1,""
"865",1,3,"Python."
"866",1,1,""
"867",NA,NA,""
"868",1,1,""
"869",1,1,""
"870",3,3,""
"871",1,2,""
"872",1,1,""
"873",1,3,"Unix shell scripting (bash)"
"874",3,3,"Java, Prolog"
"875",NA,NA,""
"876",1,1,""
"877",1,1,""
"878",NA,NA,""
"879",1,3,""
"880",NA,NA,""
"881",NA,NA,""
"882",1,1,""
"883",1,1,""
"884",1,1,""
"885",1,1,""
"886",1,1,""
"887",2,1,"Does Java count as dynamic? We had quite a lot of that."
"888",1,1,""
"889",1,1,""
"890",1,1,""
"891",1,1,""
"892",1,1,""
"893",1,1,""
"894",1,1,""
"895",1,2,"Python"
"896",1,1,""
"897",1,1,""
"898",1,1,""
"899",1,1,""
"900",1,1,""
"901",1,1,""
"902",NA,NA,""
"903",NA,NA,""
"904",1,1,""
"905",NA,NA,""
"906",1,1,"All self-taught"
"907",1,1,""
"908",1,1,""
"909",1,1,""
"910",1,3,""
"911",1,1,""
"912",1,1,""
"913",1,1,""
"914",NA,NA,""
"915",3,3,""
"916",NA,NA,""
"917",1,1,""
"918",1,3,"Python"
"919",1,1,""
"920",1,1,""
"921",1,3,"PHP"
"922",1,1,""
"923",2,1,""
"924",1,1,""
"925",1,1,""
"926",1,1,""
"927",1,1,""
"928",1,1,""
"929",1,1,""
"930",1,1,""
"931",1,1,""
"932",1,1,""
"933",1,1,""
"934",1,1,""
"935",1,1,""
"936",1,1,"Only Pascal was in our curriculum. Later I learned C and APL myself."
"937",NA,NA,""
"938",1,2,""
"939",3,1,""
"940",1,3,"(early mid 80's) studies some lisp, prolog during 3rd year. Used them in 4th for my minor masters thesis. Glad I did this, made later uptake of Perl & other dynamic languages easier."
"941",1,1,""
"942",4,4,""
"943",1,3,"Python"
"944",3,3,"Python"
"945",1,1,""
"946",1,1,""
"947",1,1,""
"948",1,1,""
"949",1,3,"Scheme, Python"
"950",1,1,""
"951",1,1,""
"952",1,1,""
"953",NA,NA,""
"954",1,1,""
"955",1,1,""
"956",1,1,""
"957",1,1,""
"958",NA,NA,""
"959",2,2,""
"960",1,1,""
"961",NA,NA,""
"962",1,1,""
"963",1,5,"Java, Python, Ruby"
"964",1,2,"shell, awk"
"965",NA,NA,""
"966",1,1,""
"967",1,3,"Bash shell scripting"
"968",1,1,""
"969",1,1,""
"970",1,3,"PHP"
"971",1,3,"Java, C, C++"
"972",1,1,""
"973",1,3,"bash (shell scripting)"
"974",1,1,""
"975",1,1,""
"976",1,1,""
"977",1,1,""
"978",1,1,""
"979",1,1,""
"980",1,1,""
"981",NA,NA,""
"982",1,2,""
"983",1,1,""
"984",1,1,""
"985",1,3,"python"
"986",1,3,"Python"
"987",2,3,"PHP"
"988",3,3,"PHP"
"989",1,1,""
"990",2,1,""
"991",NA,NA,""
"992",1,1,""
"993",NA,NA,""
"994",1,1,""
"995",NA,NA,""
"996",1,3,"common lisp"
"997",1,1,""
"998",3,3,""
"999",1,1,"Prolog"
"1000",1,3,"scheme"
"1001",1,1,""
"1002",1,1,""
"1003",1,2,""
"1004",3,4,"PHP C# C++"
"1005",1,1,""
"1006",1,1,""
"1007",1,1,""
"1008",1,1,""
"1009",2,2,"lisp"
"1010",1,1,""
"1011",1,2,""
"1012",1,1,""
"1013",1,1,""
"1014",1,4,"PHP"
"1015",1,1,""
"1016",1,1,""
"1017",1,1,""
"1018",3,3,""
"1019",3,3,"Java[CR]Smalltalk"
"1020",2,3,"C, C++"
"1021",1,3,"Java. Not really a good place to put this, since there's no field for comments on the survey...but I feel like you're creating selection bias here. I mean, I'm a university student who has worked programming jobs and non-technical jobs. A lot of these questions assume you've finished school and started a career, so in that way my answers will be misleading. You might have a lot of young people just not completing the survey (like I contemplated)"
"1022",1,1,""
"1023",1,1,""
"1024",1,1,""
"1025",1,1,""
"1026",1,1,""
"1027",2,2,""
"1028",1,1,""
"1029",1,2,""
"1030",1,1,""
"1031",1,1,""
"1032",1,1,""
"1033",1,1,""
"1034",1,1,""
"1035",NA,NA,""
"1036",1,3,"Scheme, Prolog, Python"
"1037",1,1,""
"1038",1,3,"Smalltalk, Lisp"
"1039",NA,NA,""
"1040",1,1,""
"1041",1,1,""
"1042",NA,NA,""
"1043",1,2,"shell"
"1044",2,2,""
"1045",1,1,""
"1046",1,1,""
"1047",1,1,""
"1048",NA,NA,""
"1049",3,3,""
"1050",3,1,""
"1051",1,1,""
"1052",1,1,""
"1053",1,2,"lisp - at the level of ""hello, world""++"
"1054",3,1,""
"1055",1,1,""
"1056",1,1,""
"1057",1,1,""
"1058",NA,NA,""
"1059",NA,NA,""
"1060",1,1,""
"1061",1,4,"forth[CR]fortran"
"1062",1,1,""
"1063",1,2,"basic"
"1064",NA,NA,""
"1065",1,2,""
"1066",1,1,""
"1067",1,1,""
"1068",1,1,""
"1069",1,1,""
"1070",1,2,"LISP."
"1071",NA,NA,""
"1072",2,2,""
"1073",3,1,""
"1074",1,1,""
"1075",1,1,""
"1076",4,4,""
"1077",1,3,"clisp"
"1078",1,3,"Scheme, Python"
"1079",1,1,""
"1080",1,1,""
"1081",NA,NA,""
"1082",NA,NA,""
"1083",1,2,"Scheme, shell scripting"
"1084",1,4,"Python"
"1085",2,3,"ML, Python"
"1086",1,1,""
"1087",1,1,""
"1088",NA,NA,""
"1089",3,1,""
"1090",1,1,""
"1091",1,1,""
"1092",1,1,""
"1093",1,3,""
"1094",1,1,""
"1095",1,1,""
"1096",1,1,""
"1097",1,1,""
"1098",1,1,""
"1099",1,1,""
"1100",1,3,"python matlab and c++, i was  physics major and we used those languages to solve problems"
"1101",NA,NA,""
"1102",NA,NA,""
"1103",1,1,""
"1104",1,1,""
"1105",1,1,""
"1106",1,4,""
"1107",1,1,""
"1108",1,3,"java"
"1109",1,1,""
"1110",1,3,"Python"
"1111",1,1,""
"1112",1,1,""
"1113",1,1,""
"1114",1,1,""
"1115",2,1,""
"1116",1,1,""
"1117",1,1,""
"1118",NA,NA,""
"1119",1,1,""
"1120",1,2,""
"1121",1,1,""
"1122",1,2,"Python"
"1123",2,3,"Lisp, Scheme, Python"
"1124",1,1,""
"1125",1,3,"C++"
"1126",1,1,""
"1127",1,1,""
"1128",NA,NA,""
"1129",2,4,""
"1130",1,1,""
"1131",3,1,""
"1132",1,2,""
"1133",2,3,"php"
"1134",5,4,"Prolog, R"
"1135",1,1,""
"1136",1,1,""
"1137",1,1,""
"1138",2,2,""
"1139",NA,NA,""
"1140",1,1,""
"1141",NA,NA,""
"1142",1,1,""
"1143",1,1,""
"1144",1,1,""
"1145",1,2,""
"1146",1,1,""
"1147",3,3,"C only"
"1148",1,1,""
"1149",1,1,""
"1150",NA,NA,""
"1151",1,1,""
"1152",1,1,""
"1153",1,3,"Lisp, java.[CR]It is unclear what you mean by ""dynamic"". Do you refer to types or that the language is interpreted or perhaps something else?"
"1154",1,1,""
"1155",NA,NA,""
"1156",1,1,""
"1157",1,1,""
"1158",1,2,"Gofer (dialect of Haskell), only a few lectures"
"1159",1,1,""
"1160",1,1,""
"1161",1,2,""
"1162",1,1,""
"1163",1,1,""
"1164",1,1,""
"1165",1,1,""
"1166",1,1,""
"1167",1,1,"Python"
"1168",1,1,""
"1169",1,1,""
"1170",1,1,""
"1171",1,3,""
"1172",3,3,"Python, PHP"
"1173",4,2,""
"1174",NA,NA,""
"1175",1,1,""
"1176",1,1,""
"1177",1,1,""
"1178",1,1,""
"1179",3,1,""
"1180",1,1,""
"1181",1,1,""
"1182",1,1,""
"1183",1,1,""
"1184",1,1,""
"1185",1,1,""
"1186",NA,NA,""
"1187",NA,NA,""
"1188",1,1,""
"1189",1,1,""
"1190",1,3,"Common-Lisp, Prolog[CR]"
"1191",1,1,""
"1192",1,1,""
"1193",1,1,""
"1194",1,1,""
"1195",1,3,"Ruby, Python"
"1196",NA,NA,""
"1197",NA,NA,""
"1198",1,1,""
"1199",1,3,"bash, C, ada"
"1200",1,1,""
"1201",NA,NA,""
"1202",1,1,""
"1203",1,3,"Python"
"1204",3,1,""
"1205",1,1,""
"1206",1,2,""
"1207",1,1,""
"1208",1,3,"Bash, Python"
"1209",1,1,""
"1210",1,1,""
"1211",1,1,""
"1212",1,1,""
"1213",1,1,""
"1214",2,2,"JAVA"
"1215",1,1,""
"1216",1,1,""
"1217",1,1,""
"1218",1,1,""
"1219",1,3,"awk, tcl"
"1220",1,1,""
"1221",1,3,"csh"
"1222",1,1,""
"1223",1,1,""
"1224",1,3,""
"1225",3,3,"PHP"
"1226",1,1,""
"1227",NA,NA,""
"1228",1,1,""
"1229",1,1,""
"1230",1,1,""
"1231",1,4,"gcc"
"1232",1,3,"Python "
"1233",1,1,""
"1234",NA,NA,""
"1235",1,1,""
"1236",1,1,""
"1237",NA,NA,""
"1238",1,4,"Java, PHP"
"1239",1,1,""
"1240",1,3,"PHP"
"1241",1,1,""
"1242",1,1,""
"1243",NA,NA,""
"1244",1,1,""
"1245",3,3,"PHP, Javascript"
"1246",1,1,""
"1247",NA,NA,""
"1248",2,2,""
"1249",NA,NA,""
"1250",1,1,""
"1251",4,4,"PHP"
"1252",1,1,""
"1253",1,3,"PHP"
"1254",1,3,"Python"
"1255",NA,NA,""
"1256",1,1,""
"1257",1,3,"rexx"
"1258",1,1,""
"1259",1,1,""
"1260",1,4,"Scheme, Lisp, ML, Prolog"
"1261",1,3,"PHP"
"1262",2,4,"isn't C opensource? so as Java? PHP.[CR]I dont remember my classes anymore."
"1263",1,3,""
"1264",1,1,""
"1265",1,3,"smalltalk"
"1266",1,1,""
"1267",3,1,""
"1268",1,1,""
"1269",1,3,"Python"
"1270",1,1,""
"1271",1,1,""
"1272",NA,NA,""
"1273",1,1,""
"1274",NA,NA,""
"1275",NA,NA,""
"1276",1,1,""
"1277",1,2,""
"1278",2,3,"lisp, tcl, javascript ?"
"1279",2,2,""
"1280",1,1,""
"1281",1,1,""
"1282",1,1,""
"1283",NA,NA,""
"1284",1,3,"C 100%"
"1285",1,1,""
"1286",1,4,"Java, Python, Lisp"
"1287",1,1,""
"1288",1,1,""
"1289",1,1,""
"1290",NA,NA,""
"1291",1,1,""
"1292",1,3,"Python"
"1293",1,1,""
"1294",1,1,""
"1295",2,1,""
"1296",1,4,"Python[CR]Java"
"1297",1,1,""
"1298",1,1,""
"1299",2,1,""
"1300",1,2,""
"1301",1,1,""
"1302",1,1,""
"1303",1,1,""
"1304",1,3,"lisp"
"1305",2,4,"smalltalk,scheme"
"1306",1,3,""
"1307",1,1,""
"1308",1,1,""
"1309",1,1,""
"1310",1,1,""
"1311",1,1,""
"1312",3,3,"PHP"
"1313",1,1,""
"1314",1,5,"java[CR]"
"1315",1,1,""
"1316",NA,NA,""
"1317",1,1,""
"1318",2,2,""
"1319",1,1,""
"1320",NA,NA,""
"1321",1,4,"python"
"1322",1,1,""
"1323",1,1,""
"1324",1,3,"If you count scheme then a lot.  Also a tiny amount of haskell.  "
"1325",1,1,""
"1326",1,1,""
"1327",1,1,""
"1328",1,1,""
"1329",3,1,""
"1330",1,1,""
"1331",NA,NA,""
"1332",3,1,""
"1333",2,3,""
"1334",1,NA,""
"1335",1,1,""
"1336",1,1,""
"1337",1,1,""
"1338",1,1,""
"1339",1,3,"C, C++, Scheme, Fortran"
"1340",4,1,""
"1341",1,1,""
"1342",4,4,"Java[CR]"
"1343",1,2,""
"1344",2,2,""
"1345",1,1,""
"1346",1,1,""
"1347",2,2,""
"1348",1,1,""
"1349",1,3,"PHP[CR]Python"
"1350",1,1,""
"1351",1,1,""
"1352",3,3,"Nothing modern, but I don't know if Lisp (Common lisp and Scheme), Smalltalk, and Prolog counts?  Hell, Java runs on a virtual machine.  SQL is turing complete, so lets count that too."
"1353",1,1,""
"1354",NA,NA,""
"1355",1,1,""
"1356",NA,NA,""
"1357",1,1,""
"1358",NA,NA,""
"1359",1,3,"python"
"1360",1,1,""
"1361",1,1,""
"1362",1,1,""
"1363",1,2,"Javascript"
"1364",1,1,""
"1365",1,1,""
"1366",1,2,"Did final project in PHP"
"1367",2,NA,""
"1368",1,2,"A bit of Lisp in a general course on functional and logic languages."
"1369",1,1,""
"1370",5,5,"PHP. I learned Python through self-motivated study but employed it extensively in  A&DS."
"1371",1,1,""
"1372",1,1,""
"1373",1,1,""
"1374",2,2,""
"1375",1,1,""
"1376",1,1,""
"1377",1,1,""
"1378",1,1,""
"1379",1,1,""
"1380",3,2,""
"1381",NA,NA,""
"1382",1,1,""
"1383",NA,NA,""
"1384",5,1,""
"1385",1,1,""
"1386",1,1,""
"1387",1,1,""
"1388",1,2,""
"1389",1,1,""
"1390",1,1,""
"1391",1,2,"bash"
"1392",NA,NA,""
"1393",1,2,"Light dusting on Python"
"1394",1,1,""
"1395",1,1,""
"1396",1,1,""
"1397",NA,NA,""
"1398",1,1,""
"1399",1,1,""
"1400",3,1,""
"1401",1,1,""
"1402",1,1,""
"1403",1,3,"Python"
"1404",1,1,""
"1405",3,1,""
"1406",1,1,""
"1407",2,1,""
"1408",2,2,""
"1409",1,1,""
"1410",1,2,""
"1411",NA,NA,""
"1412",NA,NA,""
"1413",1,2,"Python"
"1414",NA,NA,""
"1415",2,1,""
"1416",1,1,""
"1417",2,2,"Javascript Python"
"1418",1,1,""
"1419",1,1,""
"1420",1,1,""
"1421",2,1,""
"1422",1,1,""
"1423",1,5,"modula"
"1424",1,1,""
"1425",3,5,"C/C++, Phython"
"1426",1,1,""
"1427",1,1,""
"1428",NA,NA,""
"1429",1,1,""
"1430",NA,NA,""
"1431",1,1,""
"1432",1,1,""
"1433",NA,NA,""
"1434",1,1,""
"1435",1,1,""
"1436",1,1,""
"1437",1,1,""
"1438",1,1,""
"1439",1,1,""
"1440",1,1,""
"1441",1,2,"haskell"
"1442",1,1,""
"1443",1,4,""
"1444",1,1,""
"1445",1,2,"Java"
"1446",1,1,""
"1447",NA,NA,""
"1448",3,1,""
"1449",1,1,""
"1450",3,3,"php"
"1451",1,1,""
"1452",1,1,""
"1453",1,1,""
"1454",1,1,""
"1455",2,4,"Scheme, Erlang, Lisp, C, Java"
"1456",1,2,""
"1457",1,3,""
"1458",NA,NA,""
"1459",2,2,"python, tcl"
"1460",1,1,""
"1461",1,1,""
"1462",1,1,""
"1463",1,1,""
"1464",1,1,""
"1465",1,1,""
"1466",1,1,""
"1467",1,1,""
"1468",1,1,""
"1469",1,1,""
"1470",1,1,""
"1471",2,1,""
"1472",1,1,""
"1473",1,1,""
"1474",1,1,""
"1475",1,1,""
"1476",1,1,""
"1477",1,1,""
"1478",NA,NA,""
"1479",2,3,"Python and little bit of PHP"
"1480",1,1,""
"1481",1,1,""
"1482",NA,NA,""
"1483",1,5,"Java"
"1484",1,3,"Scheme"
"1485",1,1,""
"1486",3,3,"php"
"1487",3,2,""
"1488",1,1,""
"1489",3,1,""
"1490",1,1,""
"1491",1,1,""
"1492",1,1,""
"1493",1,1,""
"1494",2,2,"Python"
"1495",4,4,"Bash, Awk, "
"1496",1,1,""
"1497",1,1,""
"1498",1,3,""
"1499",3,2,""
"1500",NA,NA,""
"1501",3,3,"Lisp"
"1502",1,1,""
"1503",NA,NA,""
"1504",NA,NA,""
"1505",3,3,"PHP"
"1506",1,1,""
"1507",NA,NA,""
"1508",1,4,"forth, lisp"
"1509",3,4,"C, C++, PHP, Java"
"1510",1,1,""
"1511",1,4,""
"1512",1,1,""
"1513",NA,NA,""
"1514",1,1,""
"1515",1,1,""
"1516",1,1,""
"1517",1,1,"don't know what a ""dynamic language"" is"
"1518",NA,NA,""
"1519",3,1,""
"1520",1,1,""
"1521",1,2,""
"1522",NA,NA,""
"1523",1,1,""
"1524",NA,NA,""
"1525",5,5,"Perl, PHP"
"1526",1,1,""
"1527",1,1,""
"1528",NA,NA,""
"1529",1,1,"The concept didn't exist in those days!"
"1530",1,2,"Ruby[CR]Phyton"
"1531",1,1,""
"1532",1,1,""
"1533",2,2,""
"1534",1,4,"LISP"
"1535",1,2,"python"
"1536",NA,NA,""
"1537",1,1,""
"1538",1,2,"I forget"
"1539",1,1,""
"1540",NA,NA,""
"1541",1,2,"octave"
"1542",1,1,""
"1543",1,2,"Turbo Pascal"
"1544",1,1,""
"1545",3,2,""
"1546",1,1,""
"1547",3,2,"PHP"
"1548",1,1,""
"1549",NA,NA,""
"1550",3,2,""
"1551",1,1,""
"1552",1,1,""
"1553",1,1,""
"1554",3,1,""
"1555",1,3,"PHP"
"1556",1,1,""
"1557",2,4,"ML, Python"
"1558",1,1,""
"1559",2,5,"C, Java, Python, LISP"
"1560",1,1,""
"1561",4,2,"PHP"
"1562",1,4,"Java. Lots of Java. Actually, I guess it may not be open source. I don't like it as a language, though I do program in it quite proficiently now."
"1563",1,1,""
"1564",NA,NA,""
"1565",1,1,""
"1566",NA,NA,""
"1567",1,1,""
"1568",1,3,"PHP[CR]VB[CR]C"
"1569",1,1,""
"1570",1,1,""
"1571",1,1,""
"1572",1,1,""
"1573",1,1,""
"1574",1,1,""
"1575",1,2,""
"1576",1,4,"Python[CR]Shell Scripting"
"1577",1,1,""
"1578",1,1,""
"1579",3,1,""
"1580",3,4,"C, Javascript, Python"
"1581",NA,NA,""
"1582",1,1,""
"1583",NA,NA,""
"1584",3,1,""
"1585",1,1,""
"1586",1,1,""
"1587",1,3,"C"
"1588",1,1,""
"1589",1,1,""
"1590",1,1,""
"1591",3,3,"Javascript"
"1592",1,1,""
"1593",1,1,""
"1594",1,1,""
"1595",2,1,""
"1596",3,5,"c++, java, php"
"1597",1,1,""
"1598",1,1,""
"1599",1,1,""
"1600",1,5,"C++[CR]Java[CR]Haskell[CR]Scheme"
"1601",1,4,"Haskell, Prolog, Lisp"
"1602",1,1,""
"1603",1,1,""
"1604",1,4,"C,C++"
"1605",NA,NA,""
"1606",1,1,""
"1607",1,4,"Studied AI, so used lots of specialized languages for AI, e.g. POP, LISP, Planner, etc."
"1608",1,1,""
"1609",1,1,""
"1610",1,1,""
"1611",1,1,""
"1612",1,1,""
"1613",1,1,""
"1614",1,1,""
"1615",1,1,""
"1616",1,1,""
"1617",3,3,"PHP[CR]Bash, Tcsh, Ksh"
"1618",1,1,""
"1619",1,1,""
"1620",1,1,""
"1621",1,1,""
"1622",NA,NA,""
"1623",1,1,""
"1624",NA,NA,""
"1625",1,1,""
"1626",1,1,""
"1627",1,1,""
"1628",1,1,""
"1629",1,1,""
"1630",1,1,""
"1631",1,1,""
"1632",1,1,""
"1633",3,5,"PHP"
"1634",1,1,"C, C++"
"1635",1,1,""
"1636",1,1,""
"1637",1,1,""
"1638",NA,NA,""
"1639",1,1,""
"1640",1,1,""
"1641",1,1,""
"1642",1,2,""
"1643",1,1,""
"1644",1,1,""
"1645",1,1,""
"1646",2,4,"python ml"
"1647",1,1,""
"1648",NA,NA,""
"1649",2,2,""
"1650",1,NA,""
"1651",1,1,""
"1652",1,2,""
"1653",1,1,""
"1654",1,1,""
"1655",NA,NA,""
"1656",1,1,""
"1657",2,2,""
"1658",2,4,"PHP, some Python"
"1659",1,1,""
"1660",1,3,"Php"
"1661",3,3,""
"1662",1,1,""
"1663",1,1,""
"1664",1,1,""
"1665",1,1,""
"1666",1,1,""
"1667",1,2,""
"1668",1,2,""
"1669",1,3,""
"1670",1,2,"sed awk"
"1671",1,1,""
"1672",1,NA,""
"1673",1,1,""
"1674",1,1,""
"1675",2,2,""
"1676",5,5,""
"1677",1,1,""
"1678",1,1,""
"1679",1,1,""
"1680",NA,NA,""
"1681",1,3,"Python, one semester-length course."
"1682",1,1,""
"1683",1,1,""
"1684",NA,NA,""
"1685",1,1,""
"1686",NA,NA,""
"1687",NA,NA,""
"1688",NA,NA,""
"1689",1,1,""
"1690",3,3,""
"1691",1,1,""
"1692",5,1,""
"1693",1,3,"scheme, prolog"
"1694",1,3,"Fortran 90"
"1695",NA,NA,""
"1696",NA,NA,""
"1697",NA,NA,""
"1698",1,1,""
"1699",2,2,""
"1700",1,1,"You are tought the theory, not the real thing. That is left for yourself to learn."
"1701",5,5,""
"1702",1,1,""
"1703",NA,NA,""
"1704",1,1,""
"1705",1,1,""
"1706",1,1,""
"1707",3,NA,""
"1708",2,3,"Sh"
"1709",1,1,""
"1710",1,3,"Haskell"
"1711",1,1,""
"1712",1,2,""
"1713",1,1,""
"1714",1,3,"Java, C, Prolog, Haskell"
"1715",1,1,""
"1716",3,3,"php"
"1717",1,1,""
"1718",1,1,""
"1719",1,1,""
"1720",1,1,""
"1721",1,1,""
"1722",1,1,""
"1723",1,1,"Note, most of my programming schooling, was in the early 80s..."
"1724",1,1,""
"1725",1,1,""
"1726",1,1,""
"1727",NA,NA,""
"1728",1,1,""
"1729",1,1,""
"1730",3,4,"PHP, Python, Ruby"
"1731",1,1,""
"1732",1,1,""
"1733",1,1,""
"1734",1,1,""
"1735",1,1,""
"1736",1,4,""
"1737",1,3,"Python"
"1738",1,3,"Java"
"1739",NA,NA,""
"1740",1,1,""
"1741",NA,NA,""
"1742",1,1,""
"1743",NA,NA,""
"1744",NA,NA,""
"1745",1,3,"php"
"1746",1,1,""
"1747",1,1,""
"1748",5,1,""
"1749",3,4,"Python"
"1750",3,4,"Java"
"1751",1,1,""
"1752",1,1,""
"1753",1,3,""
"1754",1,1,""
"1755",NA,NA,""
"1756",1,3,"Scheme,PHP"
"1757",2,2,""
"1758",1,1,""
"1759",1,1,""
"1760",1,3,"python"
"1761",1,1,""
"1762",1,1,""
"1763",1,3,"Python, Lisp"
"1764",NA,NA,""
"1765",NA,NA,""
"1766",1,3,"python"
"1767",1,1,""
"1768",1,1,""
"1769",NA,NA,""
"1770",1,3,""
"1771",1,1,""
"1772",1,1,""
"1773",1,1,""
"1774",1,1,""
"1775",1,1,""
"1776",2,2,"PHP and Ruby (with Rails) got mentioned as part of a web course."
"1777",NA,NA,""
"1778",1,1,""
"1779",1,1,""
"1780",1,1,""
"1781",1,4,"PHP"
"1782",2,1,""
"1783",1,1,""
"1784",1,1,""
"1785",1,3,"Python"
"1786",4,5,""
"1787",1,1,""
"1788",1,1,""
"1789",1,1,""
"1790",1,1,""
"1791",1,1,""
"1792",1,1,""
"1793",3,5,""
"1794",1,1,""
"1795",1,3,"Lisp[CR]Prolog"
"1796",2,2,""
"1797",1,1,""
"1798",1,1,""
"1799",1,1,""
"1800",1,3,""
"1801",1,1,""
"1802",1,1,""
"1803",1,1,""
"1804",1,1,""
"1805",4,5,"Scheme, Common Lisp"
"1806",1,2,"Python in a school conference"
"1807",NA,NA,""
"1808",3,3,"python, ruby"
"1809",1,1,""
"1810",1,1,""
"1811",1,1,"They don't exists"
"1812",1,NA,""
"1813",NA,NA,""
"1814",1,1,""
"1815",5,5,""
"1816",1,1,""
"1817",1,2,"Python. (Also Haskell/Cog/Agda, which are technically open source dynamic languages, and not the scripting languages that I assume you are referring to here.)"
"1818",1,1,""
"1819",1,2,""
"1820",1,3,"php"
"1821",1,2,"Python"
"1822",NA,NA,""
"1823",1,1,""
"1824",1,1,""
"1825",1,1,""
"1826",1,1,""
"1827",2,4,"PHP, Python"
"1828",1,1,""
"1829",NA,NA,""
"1830",1,1,""
"1831",1,1,""
"1832",1,3,"PHP"
"1833",1,1,""
"1834",NA,NA,""
"1835",NA,NA,""
"1836",1,2,"TCL/Tk"
"1837",NA,NA,""
"1838",1,1,""
"1839",2,1,""
"1840",1,1,""
"1841",1,1,""
"1842",1,1,""
"1843",3,1,""
"1844",1,1,""
"1845",1,1,""
"1846",1,1,""
"1847",1,1,""
"1848",1,1,""
"1849",1,1,""
"1850",1,5,"asf/sdf[CR]prolog[CR]tcl/tk[CR]"
"1851",1,1,""
"1852",1,1,""
"1853",2,4,"Python"
"1854",1,1,""
"1855",1,1,""
"1856",NA,NA,""
"1857",1,3,"Python"
"1858",NA,1,""
"1859",1,1,""
"1860",1,2,"PHP, Bash"
"1861",1,1,""
"1862",1,2,""
"1863",1,1,""
"1864",1,1,""
"1865",1,1,""
"1866",1,1,""
"1867",2,3,""
"1868",1,3,"TCL/TK"
"1869",1,1,""
"1870",1,1,""
"1871",NA,NA,""
"1872",1,1,""
"1873",NA,NA,""
"1874",1,1,""
"1875",1,3,"Tcl"
"1876",2,1,""
"1877",1,1,""
"1878",1,3,"shell (well, this was a long time ago)"
"1879",1,1,""
"1880",1,1,""
"1881",NA,NA,""
"1882",1,3,""
"1883",1,1,""
"1884",1,1,""
"1885",1,1,""
"1886",1,1,""
"1887",1,1,""
"1888",1,1,""
"1889",1,1,""
"1890",NA,NA,""
"1891",2,1,""
"1892",1,1,""
"1893",1,1,""
"1894",1,1,""
"1895",1,1,"Graduated in 1982, ""open source"" wasn't even a buzz word then.  Did learn Lisp and SNOBOL which might have qualified."
"1896",1,1,""
"1897",1,1,""
"1898",1,1,""
"1899",1,1,""
"1900",1,1,""
"1901",1,1,""
"1902",2,1,""
"1903",1,1,""
"1904",1,1,""
"1905",1,5,"C, C++, Pascal, Java, PHP, other"
"1906",1,1,""
"1907",1,4,"pascal, c, c++, lisp"
"1908",1,1,""
"1909",NA,NA,""
"1910",1,1,""
"1911",1,3,"R"
"1912",1,1,""
"1913",1,1,""
"1914",1,1,""
"1915",1,2,""
"1916",NA,NA,""
"1917",NA,NA,""
"1918",NA,NA,""
"1919",1,1,""
"1920",2,2,""
"1921",NA,NA,""
"1922",2,2,""
"1923",1,1,""
"1924",1,1,""
"1925",1,3,"TCL"
"1926",NA,NA,""
"1927",1,2,"Prolog"
"1928",NA,NA,""
"1929",1,5,"lisp"
"1930",1,1,""
"1931",1,1,""
"1932",1,1,""
"1933",1,1,""
"1934",1,1,""
"1935",1,1,""
"1936",1,1,""
"1937",2,3,""
"1938",3,1,""
"1939",1,1,""
"1940",1,1,""
"1941",1,4,"Lisp, Prolog"
"1942",1,1,""
"1943",1,1,""
"1944",1,3,""
"1945",1,1,""
"1946",1,1,""
"1947",3,1,""
"1948",1,3,"Python"
"1949",1,2,"squeak"
"1950",4,2,"PHP"
"1951",1,1,""
"1952",1,1,""
"1953",1,1,""
"1954",3,3,"Python and PHP"
"1955",1,1,""
"1956",1,3,"PHP"
"1957",3,1,""
"1958",1,3,"Smalltalk (theory and concepts), PHP (used for project during half a year)"
"1959",1,2,""
"1960",NA,NA,""
"1961",1,1,""
"1962",1,2,""
"1963",3,1,""
"1964",NA,NA,""
"1965",1,1,""
"1966",1,1,""
"1967",1,1,""
"1968",NA,NA,""
"1969",1,2,""
"1970",1,1,""
"1971",1,1,""
"1972",1,1,""
"1973",3,1,""
"1974",1,1,""
"1975",1,1,""
"1976",1,1,""
"1977",1,1,""
"1978",1,1,""
"1979",1,3,"ML, Prolog"
"1980",1,1,""
"1981",2,1,""
"1982",1,1,""
"1983",1,1,""
"1984",NA,NA,""
"1985",1,1,""
"1986",1,1,""
"1987",1,1,""
"1988",1,1,""
"1989",1,1,""
"1990",1,3,"php"
"1991",3,1,""
"1992",2,5,"php"
"1993",1,1,""
"1994",1,1,""
"1995",1,1,""
"1996",1,1,""
"1997",1,1,"none"
"1998",NA,NA,""
"1999",1,1,""
"2000",1,1,""
"2001",1,1,""
"2002",2,2,"HTML"
"2003",1,1,""
"2004",NA,NA,""
"2005",1,1,""
"2006",1,1,""
"2007",1,1,""
"2008",1,1,""
"2009",1,1,""
"2010",1,3,"Bash"
"2011",1,2,""
"2012",1,3,"C, Fortran"
"2013",1,1,""
"2014",1,1,""
"2015",1,2,""
"2016",1,5,"C, C++, PHP, Pascal"
"2017",1,1,""
"2018",3,2,""
"2019",1,2,""
"2020",1,1,""
"2021",1,3,""
"2022",1,1,""
"2023",1,1,""
"2024",1,1,""
"2025",NA,NA,"WTF is ""open source dynamic language""?"
"2026",1,1,""
"2027",1,1,""
"2028",1,3,"php"
"2029",1,5,"c/c++, php, java"
"2030",NA,NA,""
"2031",1,1,""
"2032",NA,NA,""
"2033",1,1,""
"2034",1,1,""
"2035",NA,NA,""
"2036",1,1,""
"2037",2,1,""
"2038",NA,NA,""
"2039",1,1,""
"2040",1,1,""
"2041",1,1,""
"2042",1,3,"PHP, Lisp"
"2043",1,2,"php"
"2044",1,1,""
"2045",1,1,""
"2046",1,1,""
"2047",1,1,""
"2048",NA,NA,""
"2049",1,3,"php"
"2050",1,1,""
"2051",1,1,""
"2052",1,1,""
"2053",1,1,""
"2054",1,1,""
"2055",1,1,""
"2056",5,3,"php, ruby"
"2057",1,1,""
"2058",1,1,""
"2059",1,2,"scheme"
"2060",1,1,""
"2061",1,2,""
"2062",1,3,"Ocaml"
"2063",3,3,""
"2064",1,3,"Scheme"
"2065",NA,NA,""
"2066",1,1,""
"2067",1,1,""
"2068",5,5,"Fortran,C,C++,Basic,Python,Rexx,shells,..."
"2069",1,3,"php, lisp"
"2070",1,1,""
"2071",1,1,""
"2072",1,1,""
"2073",NA,NA,""
"2074",1,1,""
"2075",1,1,""
"2076",1,1,""
"2077",1,1,""
"2078",1,1,"PHP,Python"
"2079",1,1,""
"2080",1,1,""
"2081",1,3,"PHP"
"2082",2,2,""
"2083",1,1,""
"2084",1,1,""
"2085",1,1,""
"2086",2,1,""
"2087",1,1,""
"2088",1,1,""
"2089",NA,NA,""
"2090",3,1,""
"2091",1,1,""
"2092",1,1,""
"2093",NA,1,""
"2094",1,3,"php"
"2095",3,2,"Bash Script, VB3"
"2096",NA,NA,""
"2097",1,1,""
"2098",1,2,"scheme"
"2099",1,1,""
"2100",NA,NA,""
"2101",1,1,""
"2102",1,1,""
"2103",1,1,""
"2104",1,1,""
"2105",1,1,""
"2106",2,1,""
"2107",NA,NA,""
"2108",1,1,"I assume FORTRAN (that was what we engineering students were confronted with)[CR]doesn't qualify as ""open source"" (though most of the used number crunching libraries and all of our code was), nor was it a ""dynamic"" language.[CR]Beyond this a little exposure to C and the Unix shells (csh, sh, ksh, awk, tcl)[CR]but in those no formal training but self-taught."
"2109",1,1,""
"2110",1,1,""
"2111",1,1,""
"2112",1,1,""
"2113",1,3,"bash"
"2114",1,3,"Dunno what those are. I learned some Pascal, some C, and some C++."
"2115",1,1,""
"2116",1,1,""
"2117",1,4,"PHP"
"2118",1,1,""
"2119",3,1,""
"2120",1,1,""
"2121",1,3,"Little free software back then. We saw very little of many languages, some had to be dynamic, some free, some weren't free then but are now... But mostly Lisp. "
"2122",1,3,"Lisp, Scheme, Python"
"2123",3,3,""
"2124",2,3,""
"2125",1,1,""
"2126",1,1,""
"2127",4,1,""
"2128",1,1,""
"2129",1,1,""
"2130",1,1,""
"2131",1,3,"smalltalk"
"2132",2,1,""
"2133",1,1,""
"2134",2,2,""
"2135",NA,1,""
"2136",1,1,""
"2137",NA,NA,""
"2138",1,1,""
"2139",NA,NA,""
"2140",1,1,""
"2141",3,4,"Define ""dynamic"" - do you mean w/o strong typing? Also, languages are specifications, open source refers to implementations. I had two Lisp cources, using Allegro (closed) and PLT Scheme (open), plus one Python course, totalling 25 % of my degree."
"2142",1,1,""
"2143",1,1,""
"2144",3,4,"PHP, Javascrip, Lisp, Ada95, Smalltalk"
"2145",NA,NA,""
"2146",1,1,""
"2147",1,1,""
"2148",1,1,""
"2149",1,2,""
"2150",1,1,""
"2151",1,1,""
"2152",1,1,""
"2153",1,1,""
"2154",1,1,""
"2155",1,1,""
"2156",1,2,""
"2157",1,1,""
"2158",1,2,""
"2159",1,1,""
"2160",1,1,""
"2161",1,4,""
"2162",1,1,""
"2163",1,1,""
"2164",NA,NA,""
"2165",NA,NA,""
"2166",1,1,""
"2167",1,3,"Python[CR]Java"
"2168",1,3,"Smalltalk, Prolog"
"2169",2,2,""
"2170",1,1,""
"2171",1,2,"scheme"
"2172",1,1,""
"2173",1,2,"Scheme, php"
"2174",1,1,""
"2175",1,1,""
"2176",1,1,""
"2177",3,3,"PHP"
"2178",3,3,"Java - a little"
"2179",1,1,""
"2180",1,1,""
"2181",1,1,""
"2182",NA,NA,""
"2183",1,1,""
"2184",1,3,"Python"
"2185",1,1,""
"2186",3,4,"Java, Lisp, Erlang"
"2187",1,1,""
"2188",1,3,""
"2189",NA,NA,""
"2190",2,4,"java"
"2191",1,1,""
"2192",1,1,""
"2193",1,1,""
"2194",NA,NA,""
"2195",3,2,""
"2196",1,1,""
"2197",NA,NA,""
"2198",1,1,""
"2199",1,1,""
"2200",NA,NA,""
"2201",3,1,""
"2202",1,1,""
"2203",3,1,""
"2204",NA,NA,""
"2205",1,2,""
"2206",1,1,""
"2207",1,1,""
"2208",1,1,""
"2209",1,1,""
"2210",1,1,""
"2211",1,3,"python[CR]"
"2212",1,4,"Java (that counts, right?) , Haskell"
"2213",3,3,"Python"
"2214",1,1,""
"2215",1,1,""
"2216",1,1,""
"2217",1,3,"PHP, Javascript"
"2218",3,3,"Javascript"
"2219",1,1,""
"2220",1,1,""
"2221",1,1,""
"2222",1,1,""
"2223",1,1,""
"2224",1,1,""
"2225",1,1,""
"2226",1,2,"bash"
"2227",1,1,""
"2228",1,1,""
"2229",2,3,"PHP, python, Ruby"
"2230",1,1,"(BASIC, VBA - both not free)"
"2231",2,2,""
"2232",1,1,""
"2233",1,3,"scheme, Python"
"2234",NA,NA,""
"2235",NA,NA,""
"2236",1,1,""
"2237",1,1,""
"2238",1,1,""
"2239",1,1,""
"2240",1,1,""
"2241",2,1,""
"2242",1,2,"PHP"
"2243",1,1,""
"2244",1,1,""
"2245",1,1,""
"2246",1,1,""
"2247",1,4,"C"
"2248",1,1,""
"2249",1,1,""
"2250",1,1,""
"2251",NA,NA,""
"2252",1,1,""
"2253",2,3,"Java"
"2254",1,1,""
"2255",2,4,"python"
"2256",NA,NA,""
"2257",1,1,""
"2258",NA,NA,""
"2259",4,5,"python php ruby mysql"
"2260",1,2,"PHP"
"2261",3,3,"PHP, Python, Ruby A little "
"2262",1,1,""
"2263",1,1,"I never met a dynamic language I didn't like, so I kinda taught myself a bit of all of them... :-)"
"2264",1,2,""
"2265",1,1,""
"2266",3,3,"Scheme"
"2267",1,1,""
"2268",1,1,""
"2269",1,1,""
"2270",1,1,""
"2271",1,1,""
"2272",1,1,"Ocaml, Java, C"
"2273",1,1,""
"2274",1,1,""
"2275",1,3,"Lisp, SNOBOL, APL"
"2276",3,1,""
"2277",1,1,""
"2278",1,1,""
"2279",1,1,""
"2280",1,1,""
"2281",1,3,"Shell scripting"
"2282",1,3,"Scheme"
"2283",1,3,"VB.net"
"2284",1,1,"Java[CR]FORTRAN[CR]C++"
"2285",1,1,""
"2286",1,1,""
"2287",3,2,""
"2288",1,1,""
"2289",1,1,""
"2290",1,1,""
"2291",1,1,""
"2292",1,1,""
"2293",NA,NA,""
"2294",1,1,""
"2295",1,4,"Java"
"2296",1,1,""
"2297",1,1,""
"2298",1,1,""
"2299",1,1,""
"2300",1,3,"PHP basics"
"2301",3,2,""
"2302",1,1,""
"2303",1,4,"Lisp"
"2304",2,3,"PHP, Python"
"2305",1,1,"Only Intro to C, some IDL."
"2306",1,NA,""
"2307",1,1,""
"2308",1,1,""
"2309",1,1,""
"2310",NA,NA,""
"2311",1,1,""
"2312",1,1,""
"2313",1,1,""
"2314",1,1,""
"2315",NA,1,""
"2316",3,3,"Python, PHP"
"2317",1,1,""
"2318",3,2,"Python"
"2319",1,1,""
"2320",2,2,""
"2321",1,1,""
"2322",1,1,""
"2323",1,1,""
"2324",1,1,""
"2325",1,1,""
"2326",1,2,"awk,sed: cursory glances during systems programming courses"
"2327",1,1,""
"2328",1,1,""
"2329",3,2,""
"2330",1,1,"No programming for me in university/school :("
"2331",1,1,""
"2332",1,1,""
"2333",1,1,"autodidact"
"2334",1,1,""
"2335",1,1,""
"2336",1,4,"Python"
"2337",1,1,""
"2338",1,2,""
"2339",1,3,""
"2340",1,1,""
"2341",1,1,""
"2342",NA,NA,""
"2343",2,1,""
"2344",1,1,""
"2345",1,1,""
"2346",NA,NA,""
"2347",1,2,""
"2348",1,1,""
"2349",1,1,""
"2350",1,1,""
"2351",1,2,"Lua workshop"
"2352",NA,NA,""
"2353",1,1,""
"2354",1,1,""
"2355",3,1,""
"2356",NA,NA,""
"2357",2,1,""
"2358",1,1,""
"2359",1,4,"lisp, haskell"
"2360",1,1,""
"2361",1,1,""
"2362",1,1,""
"2363",1,1,""
"2364",1,1,""
"2365",NA,NA,""
"2366",3,4,"Java, C++"
"2367",1,1,""
"2368",1,1,""
"2369",1,1,""
"2370",1,1,""
"2371",1,2,""
"2372",1,1,""
"2373",1,1,""
"2374",1,1,""
"2375",1,3,"python"
"2376",2,1,""
"2377",2,1,""
"2378",1,1,""
"2379",1,1,""
"2380",1,3,"lisp"
"2381",NA,NA,""
"2382",1,1,""
"2383",NA,NA,""
"2384",NA,NA,""
"2385",1,1,""
"2386",1,1,""
"2387",1,2,"TCL"
"2388",1,2,""
"2389",NA,NA,""
"2390",1,1,""
"2391",1,1,""
"2392",1,1,""
"2393",1,1,""
"2394",NA,NA,""
"2395",NA,1,""
"2396",1,1,""
"2397",NA,NA,""
"2398",4,1,""
"2399",1,1,""
"2400",1,1,""
"2401",1,4,"Java"
"2402",1,1,""
"2403",1,1,""
"2404",1,1,""
"2405",NA,NA,""
"2406",1,1,""
"2407",1,2,""
"2408",NA,NA,""
"2409",1,1,""
"2410",NA,NA,""
"2411",1,1,""
"2412",NA,NA,""
"2413",3,3,"Python[CR]bash[CR]awk"
"2414",1,3,"php"
"2415",1,1,""
"2416",1,1,""
"2417",3,3,"python, ruby"
"2418",2,1,""
"2419",NA,NA,""
"2420",1,1,""
"2421",1,1,""
"2422",1,2,""
"2423",NA,NA,""
"2424",1,1,""
"2425",1,2,""
"2426",1,1,""
"2427",1,1,""
"2428",1,3,"PHP"
"2429",3,3,"PHP"
"2430",1,1,""
"2431",1,3,"lisp"
"2432",1,1,""
"2433",1,1,""
"2434",1,1,""
"2435",1,1,""
"2436",1,2,""
"2437",1,1,""
"2438",3,2,"Python"
"2439",NA,NA,""
"2440",1,1,""
"2441",1,1,""
"2442",1,1,""
"2443",NA,NA,""
"2444",2,2,""
"2445",1,1,""
"2446",1,1,""
"2447",1,1,""
"2448",1,4,"pascal[CR]cobal[CR]c/c++[CR]java"
"2449",NA,NA,""
"2450",3,5,""
"2451",NA,NA,""
"2452",3,3,"php"
"2453",1,1,""
"2454",2,3,"Haskell, Prolog, OCaml"
"2455",2,2,""
"2456",1,1,""
"2457",1,1,""
"2458",1,1,""
"2459",1,1,""
"2460",1,3,"Python[CR]"
"2461",1,1,""
"2462",1,1,""
"2463",1,1,""
"2464",NA,NA,""
"2465",2,3,"PHP.  Only as it applied to basic interactive web systems (no database type stuff).  Also never shown the command line PHP uses."
"2466",1,1,""
"2467",1,1,""
"2468",NA,NA,""
"2469",1,1,""
"2470",1,1,""
"2471",1,1,""
"2472",1,1,""
"2473",1,1,""
"2474",1,3,""
"2475",1,1,""
"2476",1,1,""
"2477",1,1,""
"2478",NA,NA,""
"2479",1,1,""
"2480",1,1,""
"2481",1,1,""
"2482",3,3,""
"2483",1,1,""
"2484",1,1,""
"2485",1,1,""
"2486",1,4,"(pascal), scheme, java, (fortran), (maple)"
"2487",4,1,""
"2488",2,1,""
"2489",1,1,""
"2490",NA,NA,""
"2491",NA,2,""
"2492",1,2,""
"2493",2,1,""
"2494",1,3,"python, up to pygame"
"2495",1,1,""
"2496",1,1,""
"2497",1,2,""
"2498",NA,NA,""
"2499",1,1,""
"2500",1,1,""
"2501",1,1,""
"2502",3,2,"bash, php, python"
"2503",1,1,""
"2504",3,1,""
"2505",NA,NA,""
"2506",2,3,"Python"
"2507",1,3,"Basic"
"2508",1,1,""
"2509",1,1,""
"2510",1,1,""
"2511",2,1,""
"2512",1,1,""
"2513",1,1,""
"2514",1,1,""
"2515",1,1,""
"2516",1,1,""
"2517",1,2,""
"2518",1,1,""
"2519",1,1,""
"2520",1,1,""
"2521",1,1,""
"2522",1,1,""
"2523",1,1,""
"2524",1,1,""
"2525",1,1,""
"2526",1,1,""
"2527",5,3,"php, python"
"2528",2,1,""
"2529",1,1,""
"2530",1,1,""
"2531",2,3,""
"2532",1,1,""
"2533",1,3,"Python, Lua"
"2534",3,1,""
"2535",1,1,""
"2536",1,1,""
"2537",2,1,""
"2538",1,1,""
"2539",2,2,""
"2540",1,1,""
"2541",1,NA,""
"2542",1,1,""
"2543",1,1,""
"2544",1,5,"Java,C++"
"2545",2,2,"scheme"
"2546",1,1,""
"2547",1,3,"java"
"2548",1,2,"Python, but very little."
"2549",1,1,""
"2550",1,1,""
"2551",1,1,""
"2552",1,1,""
"2553",2,4,"java"
"2554",1,1,""
"2555",2,3,"python, php"
"2556",NA,NA,""
"2557",1,1,""
"2558",NA,NA,""
"2559",1,1,""
"2560",1,1,"N/A"
"2561",1,1,"Not completely sure what you mean by 'dynamic language', I assume dynamic types[CR]"
"2562",1,1,""
"2563",1,1,""
"2564",1,1,""
"2565",1,1,""
"2566",2,1,""
"2567",1,1,""
"2568",1,1,""
"2569",1,1,""
"2570",2,1,""
"2571",5,1,""
"2572",1,2,""
"2573",1,1,""
"2574",1,1,""
"2575",1,1,""
"2576",1,2,"tcsh, bash"
"2577",1,1,""
"2578",1,3,"python"
"2579",NA,NA,""
"2580",NA,NA,""
"2581",1,1,""
"2582",NA,NA,""
"2583",1,1,""
"2584",1,1,""
"2585",1,1,""
"2586",1,1,""
"2587",1,1,""
"2588",1,1,""
"2589",1,1,""
"2590",2,4,""
"2591",1,1,""
"2592",1,1,""
"2593",1,1,""
"2594",1,1,""
"2595",1,1,""
"2596",3,3,""
"2597",NA,NA,""
"2598",1,1,""
"2599",3,1,""
"2600",1,1,""
"2601",1,5,"Scheme[CR]Smalltalk[CR]Common Lisp[CR]Prolog"
"2602",2,1,""
"2603",1,1,""
"2604",NA,NA,""
"2605",NA,NA,""
"2606",1,1,""
"2607",1,1,""
"2608",1,3,"C"
"2609",1,1,""
"2610",1,1,""
"2611",1,1,""
"2612",1,1,""
"2613",1,3,"C++[CR]Java"
"2614",1,1,""
"2615",1,1,""
"2616",1,4,"Python"
"2617",1,1,""
"2618",1,1,""
"2619",1,1,""
"2620",2,3,""
"2621",1,1,""
"2622",1,1,""
"2623",4,4,"lisp[CR]shell"
"2624",1,4,"scheme"
"2625",2,1,""
"2626",1,2,"shell"
"2627",1,1,""
"2628",1,1,""
"2629",1,1,""
"2630",1,2,"Bash"
"2631",1,2,""
"2632",1,3,"Python"
"2633",NA,NA,""
"2634",1,1,"none"
"2635",1,1,""
"2636",1,1,""
"2637",1,3,"python bash"
"2638",NA,NA,""
"2639",1,1,""
"2640",1,2,"Lisp"
"2641",1,1,""
"2642",1,1,""
"2643",1,2,""
"2644",NA,NA,""
"2645",1,1,""
"2646",1,1,"None - my last degree was in 1974 ;-)"
"2647",1,3,""
"2648",1,1,""
"2649",1,3,"Scheme"
"2650",1,1,""
"2651",1,1,""
"2652",4,3,"PHP"
"2653",1,1,""
"2654",1,1,""
"2655",1,1,""
"2656",3,4,"php"
"2657",3,3,"PHP"
"2658",1,1,""
"2659",5,5,"bash"
"2660",1,1,""
"2661",4,4,""
"2662",1,1,""
"2663",1,2,""
"2664",1,1,""
"2665",1,3,"Python"
"2666",2,1,""
"2667",NA,NA,""
"2668",5,5,"C#, Fortran"
"2669",1,1,""
"2670",1,2,""
"2671",1,1,""
"2672",1,1,""
"2673",1,3,"C, sh, C++, Java, PHP"
"2674",1,1,""
"2675",NA,NA,""
"2676",NA,NA,""
"2677",1,1,""
"2678",1,1,""
"2679",1,1,""
"2680",1,1,""
"2681",3,2,"PHP"
"2682",1,1,""
"2683",3,4,""
"2684",2,1,""
"2685",3,1,""
"2686",4,4,""
"2687",1,1,""
"2688",1,2,""
"2689",1,3,"C"
"2690",1,NA,""
"2691",1,1,""
"2692",1,2,""
"2693",1,1,""
"2694",1,1,""
"2695",1,1,""
"2696",2,1,""
"2697",1,1,""
"2698",1,1,""
"2699",1,1,""
"2700",1,3,"bash, PHP"
"2701",1,1,""
"2702",1,1,""
"2703",1,1,""
"2704",1,1,""
"2705",1,1,""
"2706",3,1,""
"2707",1,1,""
"2708",NA,NA,""
"2709",1,2,""
"2710",3,3,"Python and Ruby.  Enough for one class on Web Applications."
"2711",1,1,""
"2712",3,5,"Python"
"2713",NA,NA,""
"2714",1,1,""
"2715",1,1,""
"2716",1,1,""
"2717",1,1,""
"2718",NA,NA,""
"2719",1,1,""
"2720",1,1,""
"2721",NA,NA,""
"2722",3,5,"PHP"
"2723",1,1,""
"2724",1,1,""
"2725",1,1,""
"2726",1,1,""
"2727",2,1,""
"2728",2,1,""
"2729",4,3,"Java"
"2730",3,1,""
"2731",1,1,""
"2732",1,1,""
"2733",3,1,""
"2734",1,2,""
"2735",1,1,""
"2736",1,1,""
"2737",1,1,""
"2738",1,1,""
"2739",1,1,""
"2740",2,3,""
"2741",NA,NA,""
"2742",2,4,""
"2743",1,1,""
"2744",NA,NA,""
"2745",1,1,""
"2746",1,1,""
"2747",1,1,""
"2748",2,2,""
"2749",2,4,"PHP, PYTHON"
"2750",2,2,""
"2751",1,3,"Java (thoug that wasn't open source yet at the time)[CR]Python[CR]"
"2752",1,2,""
"2753",NA,NA,""
"2754",1,1,""
"2755",1,1,"I have no formal education qualifications whatsoever, I didn't finish school and thus am self taught."
"2756",1,1,""
"2757",NA,NA,""
"2758",1,1,""
"2759",1,1,""
"2760",1,1,""
"2761",1,3,"Miranda, JavaScript, Prolog"
"2762",NA,NA,""
"2763",1,1,"did not exist yet"
"2764",1,1,""
"2765",1,1,"[CR]"
"2766",3,3,""
"2767",1,1,"My education happened before open source was very main stream."
"2768",1,1,""
"2769",NA,NA,""
"2770",1,1,""
"2771",2,3,"Scheme."
"2772",1,3,"python for skripting the JVM"
"2773",NA,NA,""
"2774",1,1,""
"2775",1,1,""
"2776",2,3,"PHP, Javascript"
"2777",1,1,""
"2778",1,1,""
"2779",1,1,""
"2780",1,1,""
"2781",NA,NA,""
"2782",1,1,""
"2783",3,3,""
"2784",1,1,""
"2785",1,1,""
"2786",NA,NA,""
"2787",1,5,"C[CR]C++[CR]C#[CR]Java"
"2788",1,1,""
"2789",1,1,""
"2790",1,1,""
"2791",1,1,""
"2792",1,1,""
"2793",1,1,""
"2794",1,1,""
"2795",1,1,""
"2796",3,3,"C, bash, php, ruby"
"2797",1,3,"TCL"
"2798",2,1,""
"2799",1,1,""
"2800",1,1,""
"2801",3,1,""
"2802",3,1,""
"2803",1,1,""
"2804",1,1,""
"2805",NA,NA,""
"2806",1,1,""
"2807",1,3,"SR, ML"
"2808",3,3,""
"2809",1,1,"""Open Source"" was not a category at the time.[CR]Language specs were sometimes available, mostly BNF,[CR]for Pascal, etc.  Later, Java wasn't even taught,[CR]and isn't really Open Source, despite fluff/PR/hype to the contrary..."
"2810",1,1,""
"2811",1,1,""
"2812",2,4,"python"
"2813",1,1,""
"2814",1,1,""
"2815",NA,NA,""
"2816",3,2,"JavaScript"
"2817",1,1,""
"2818",2,3,"Scheme, Lisp, Prolog"
"2819",1,1,""
"2820",1,1,""
"2821",1,1,""
"2822",1,1,""
"2823",NA,NA,""
"2824",1,1,""
"2825",1,1,""
"2826",1,1,""
"2827",3,4,"Java - Quite a lot[CR]C - A little[CR]Smalltalk - A little"
"2828",1,1,""
"2829",1,3,"Java, PHP (but not as part of coursework)"
"2830",1,1,""
"2831",NA,NA,""
"2832",1,1,""
"2833",1,2,"Lisp"
"2834",1,3,"prolog, c, pascal"
"2835",1,1,""
"2836",5,1,""
"2837",1,5,"Scheme, Lisp"
"2838",NA,NA,""
"2839",1,1,""
"2840",3,3,"Python[CR]Ruby"
"2841",4,4,"vb"
"2842",1,1,""
"2843",1,3,"TCL"
"2844",1,1,""
"2845",1,1,""
"2846",1,1,""
"2847",1,1,"My education predates open source"
"2848",1,1,""
"2849",1,1,""
"2850",1,1,""
"2851",1,1,""
"2852",1,2,""
"2853",1,1,""
"2854",NA,NA,""
"2855",2,2,""
"2856",4,1,""
"2857",2,1,""
"2858",2,1,""
"2859",2,3,"Bash (really!)"
"2860",1,1,""
"2861",1,1,""
"2862",1,1,""
"2863",2,2,""
"2864",1,1,""
"2865",1,1,""
"2866",3,3,"TCL, lisp"
"2867",1,1,""
"2868",1,1,""
"2869",1,5,"C[CR]basic[CR]"
"2870",1,NA,""
"2871",2,1,""
"2872",1,2,"Python (introductory level)"
"2873",1,1,"Java[CR]Pascal[CR]"
"2874",1,1,""
"2875",1,1,""
"2876",1,3,"LISP is open source, right?"
"2877",3,2,"Python"
"2878",1,1,""
"2879",1,1,""
"2880",1,1,""
"2881",3,3,"bash"
"2882",1,1,""
"2883",1,1,""
"2884",1,1,""
"2885",1,1,""
"2886",NA,NA,""
"2887",1,1,""
"2888",1,3,""
"2889",1,2,""
"2890",1,1,""
"2891",1,1,"Open source languages did not exist when I was in college in 1972 - 1978."
"2892",1,1,""
"2893",1,1,""
"2894",1,1,""
"2895",1,1,""
"2896",1,1,""
"2897",1,1,""
"2898",1,1,""
"2899",1,1,""
"2900",1,1,""
"2901",1,1,""
"2902",1,1,""
"2903",1,1,""
"2904",1,4,"Python, SML"
"2905",1,1,"Does Pascal count?"
"2906",1,1,""
"2907",1,1,""
"2908",1,1,""
"2909",4,4,"PHP, MySQL"
"2910",1,1,""
"2911",1,3,"SCHEME"
"2912",1,3,"java, C#, c/c++"
"2913",1,5,""
"2914",1,1,""
"2915",1,2,""
"2916",1,1,""
"2917",1,1,""
"2918",2,3,"PHP, python"
"2919",1,1,""
"2920",1,1,""
"2921",1,1,""
"2922",5,1,""
"2923",1,3,"java ( a little)"
"2924",1,1,""
"2925",2,1,""
"2926",1,1,""
"2927",1,1,""
"2928",1,4,"LISP"
"2929",1,1,""
"2930",1,1,""
"2931",1,3,""
"2932",NA,NA,""
"2933",1,1,""
"2934",3,4,"Java"
"2935",1,1,""
"2936",3,3,"PHP."
"2937",NA,NA,""
"2938",1,4,"Fortran, RPG, Pascal, Assembler"
"2939",1,4,""
"2940",1,1,""
"2941",NA,NA,""
"2942",1,2,"PHP"
"2943",1,1,""
"2944",NA,NA,""
"2945",2,1,""
"2946",1,2,"PHP"
"2947",1,1,""
"2948",1,2,""
"2949",1,4,"FoxPro, VBA, bash"
"2950",1,1,""
"2951",3,4,"Python, Lisp"
"2952",1,1,""
"2953",1,1,""
"2954",NA,1,""
"2955",1,1,""
"2956",1,1,""
"2957",2,3,"Lisp"
"2958",NA,NA,""
"2959",NA,NA,""
"2960",1,1,""
"2961",1,3,"Python"
"2962",1,1,""
"2963",NA,NA,""
"2964",NA,NA,""
"2965",2,2,"I wish this question gave a definition/list of open source dynamic languages.[CR][CR]Also, I could have been given a decent formal perl education had I so chosen; but I learned it as a younger student and saw no need for a formal course when it became available to me."
"2966",1,2,""
"2967",1,1,""
"2968",2,4,"Python, TCL"
"2969",3,1,""
"2970",1,3,"Lisp[CR]JavaScript (I learned this for a specific project - it wasn't directly taught)"
"2971",NA,NA,""
"2972",NA,NA,""
"2973",NA,NA,""
"2974",NA,NA,""
"2975",1,1,""
"2976",1,3,"PHP"
"2977",1,1,""
"2978",1,3,"Python"
"2979",4,5,"Python"
"2980",1,1,""
"2981",1,4,""
"2982",1,1,""
"2983",1,1,""
"2984",1,1,""
"2985",1,1,""
"2986",1,1,""
"2987",1,5,"Shell Sh, Cshell, Tcl/Tk"
"2988",1,1,""
"2989",1,1,""
"2990",1,1,""
"2991",1,1,""
"2992",1,1,""
"2993",NA,NA,""
"2994",3,1,""
"2995",1,1,""
"2996",1,1,""
"2997",1,1,""
"2998",1,1,""
"2999",1,1,""
"3000",1,2,""
"3001",1,1,""
"3002",1,1,""
"3003",1,1,""
"3004",NA,NA,""
"3005",1,1,""
"3006",1,5,"java"
"3007",1,1,"bit of lisp"
"3008",2,1,""
"3009",1,1,""
"3010",NA,NA,""
"3011",3,1,""
"3012",1,1,""
"3013",3,2,""
"3014",1,2,""
"3015",1,1,""
"3016",1,1,""
"3017",1,1,""
"3018",1,1,""
"3019",1,1,""
"3020",NA,NA,""
"3021",1,1,""
"3022",1,1,""
"3023",1,3,""
"3024",1,1,""
"3025",1,1,""
"3026",4,4,""
"3027",1,1,""
"3028",1,1,""
"3029",1,1,""
"3030",3,1,""
"3031",1,2,""
"3032",NA,NA,""
"3033",1,1,""
"3034",1,1,""
"3035",1,1,""
"3036",1,2,"Common Lisp"
"3037",2,1,""
"3038",1,1,""
"3039",1,1,""
"3040",1,1,""
"3041",1,1,""
"3042",1,1,""
"3043",1,1,""
"3044",1,1,""
"3045",1,1,""
"3046",1,1,""
"3047",1,1,""
"3048",3,1,""
"3049",1,1,""
"3050",1,3,"python, icon"
"3051",1,1,""
"3052",1,3,"PHP"
"3053",1,1,""
"3054",1,1,""
"3055",1,1,""
"3056",1,3,""
"3057",1,1,""
"3058",1,1,""
"3059",3,3,"sh"
"3060",1,1,""
"3061",2,3,"PHP"
"3062",1,1,""
"3063",1,3,"Python, PHP"
"3064",1,1,""
"3065",1,2,"Standard ML/NJ"
"3066",2,5,""
"3067",1,1,""
"3068",2,2,""
"3069",1,1,""
"3070",1,3,""
"3071",1,1,""
"3072",1,1,""
"3073",1,1,""
"3074",1,1,""
"3075",NA,NA,""
"3076",1,1,""
"3077",2,1,""
"3078",1,3,"SNOBOL (freely available compiler--I don't recall that the expression 'open source' was then in use)"
"3079",1,1,""
"3080",1,1,""
"3081",3,4,"Linux..I like it a lo..now i'm working in it.."
"3082",NA,NA,""
"3083",1,1,""
"3084",1,1,""
"3085",1,1,""
"3086",1,1,""
"3087",1,2,""
"3088",1,2,"Python"
"3089",1,2,"Scheme"
"3090",1,1,""
"3091",1,1,""
"3092",1,1,""
"3093",1,1,""
"3094",1,4,"Scheme (about four weeks) and Ruby (about 1.5)"
"3095",1,1,""
"3096",1,1,""
"3097",3,4,"Python"
"3098",1,1,""
"3099",1,1,""
"3100",1,1,""
"3101",1,1,""
"3102",2,2,""
"3103",1,1,""
"3104",1,1,""
"3105",1,2,"c++"
"3106",1,1,""
"3107",2,1,""
"3108",1,1,""
"3109",3,2,""
"3110",1,3,"Python"
"3111",2,4,""
"3112",1,1,""
"3113",1,1,""
"3114",4,1,""
"3115",1,1,""
"3116",1,1,""
"3117",1,1,""
"3118",1,1,""
"3119",NA,NA,""
"3120",NA,NA,""
"3121",2,3,"LISP"
"3122",1,1,""
"3123",1,1,""
"3124",1,1,""
"3125",1,1,""
"3126",1,1,""
"3127",1,1,""
"3128",NA,NA,""
"3129",NA,NA,""
"3130",1,1,""
"3131",1,1,""
"3132",NA,NA,""
"3133",1,3,"Ruby"
"3134",NA,NA,""
"3135",1,1,""
"3136",1,1,""
"3137",1,1,""
"3138",1,1,""
"3139",1,1,""
"3140",1,4,"python"
"3141",1,4,"Haskell"
"3142",1,3,"Tcl"
"3143",1,1,""
"3144",1,1,""
"3145",3,1,""
"3146",NA,NA,""
"3147",2,4,""
"3148",1,3,"i took a programming languages class, std stuff: prolog, lisp, ML, java..."
"3149",1,1,""
"3150",NA,NA,""
"3151",1,3,"a little bit php"
"3152",1,1,""
"3153",1,1,""
"3154",1,1,""
"3155",1,1,""
"3156",NA,NA,""
"3157",2,2,"Bash scripting, from a systems administrator perspective. HTML, javascript, java."
"3158",1,1,""
"3159",1,1,""
"3160",1,1,""
"3161",1,1,""
"3162",1,1,""
"3163",1,2,"Python"
"3164",NA,NA,""
"3165",2,1,""
"3166",1,1,""
"3167",1,1,""
"3168",2,2,""
"3169",NA,NA,""
"3170",1,1,""
"3171",2,1,""
"3172",1,1,""
"3173",1,2,""
"3174",3,3,""
"3175",1,1,""
"3176",1,3,"LISP and prolog as part of the AI course"
"3177",1,1,""
"3178",NA,NA,""
"3179",1,3,""
"3180",1,1,""
"3181",1,1,""
"3182",1,1,""
"3183",1,1,""
"3184",4,1,""
"3185",3,5,"ruby, javascript, talktic"
"3186",1,4,"Assembly (a lot)[CR]Pascal (a lot)[CR]Minix (a lot)"
"3187",1,2,"shell scripting, and a very very brief intro to tcl."
"3188",1,1,""
"3189",1,2,""
"3190",1,1,""
"3191",NA,NA,""
"3192",1,1,""
"3193",1,1,""
"3194",1,3,"PHP"
"3195",1,2,""
"3196",1,NA,""
"3197",1,1,""
"3198",NA,NA,""
"3199",1,1,""
"3200",1,1,""
"3201",1,1,""
"3202",1,1,""
"3203",1,1,""
"3204",1,1,""
"3205",2,2,"a little bit php ;)"
"3206",1,2,""
"3207",NA,NA,""
"3208",1,1,""
"3209",1,1,""
"3210",1,3,"python"
"3211",1,1,""
"3212",1,1,""
"3213",1,1,""
"3214",1,1,"C/C++, Perl, Ruby on Rails"
"3215",NA,NA,""
"3216",1,2,"fortran[CR]pascal[CR]c"
"3217",1,1,""
"3218",2,1,""
"3219",NA,NA,""
"3220",1,1,""
"3221",1,1,""
"3222",1,1,""
"3223",2,NA,""
"3224",1,2,""
"3225",1,1,""
"3226",1,1,""
"3227",1,3,"shell"
"3228",NA,NA,""
"3229",NA,NA,""
"3230",1,1,""
"3231",1,3,"scheme: uc berkeley teaches sicp"
"3232",2,2,""
"3233",1,1,""
"3234",1,1,""
"3235",1,1,""
"3236",1,1,""
"3237",1,1,""
"3238",1,1,""
"3239",NA,NA,""
"3240",1,1,""
"3241",1,1,""
"3242",2,1,""
"3243",1,1,""
"3244",1,1,""
"3245",2,4,"php[CR]python[CR]ruby"
"3246",1,3,"Python"
"3247",1,1,""
"3248",NA,NA,""
"3249",1,1,""
"3250",3,3,""
"3251",1,1,""
"3252",1,1,""
"3253",1,3,"javascript"
"3254",1,1,""
"3255",NA,NA,""
"3256",1,1,""
"3257",1,1,""
"3258",1,1,""
"3259",1,1,""
"3260",1,1,""
"3261",2,1,""
"3262",3,1,""
"3263",1,2,""
"3264",1,1,""
"3265",1,1,""
"3266",1,1,""
"3267",1,1,""
"3268",1,2,""
"3269",1,1,""
"3270",3,1,""
"3271",NA,NA,""
"3272",1,1,""
"3273",1,3,""
"3274",NA,NA,""
"3275",1,2,"don't remember if Common Lisp was open source that long ago"
"3276",3,1,""
"3277",1,1,""
"3278",1,1,""
"3279",1,1,""
"3280",3,4,"Java"
"3281",1,2,""
"3282",NA,NA,""
"3283",NA,NA,""
"3284",1,1,""
"3285",1,2,""
"3286",1,NA,""
"3287",3,3,"bash, sed, awk, python"
"3288",1,1,""
"3289",1,1,""
"3290",1,1,""
"3291",1,1,""
"3292",2,1,""
"3293",3,NA,"I was mostly taught a lot of C, and C++."
"3294",1,1,""
"3295",1,1,""
"3296",NA,NA,""
"3297",1,1,"I didn't even get a computer related degree, maybe you should ask about that :)"
"3298",1,3,"Prolog (1,5 semseter), Lisp (1/2 semester), Python (1 semester)"
"3299",2,2,""
"3300",2,2,""
"3301",1,1,""
"3302",1,3,""
"3303",1,1,""
"3304",NA,NA,""
"3305",1,1,""
"3306",1,1,""
"3307",2,2,"php"
"3308",1,1,""
"3309",1,1,""
"3310",1,1,""
"3311",1,1,""
"3312",1,1,""
"3313",1,1,"none"
"3314",NA,NA,""
"3315",1,1,""
"3316",1,1,""
"3317",1,1,""
"3318",1,1,""
"3319",1,1,""
"3320",2,3,""
"3321",1,1,""
"3322",1,1,""
"3323",1,1,""
"3324",1,1,""
"3325",1,1,""
"3326",1,1,""
"3327",1,1,""
"3328",1,1,""
"3329",1,1,""
"3330",1,1,""
"3331",1,1,""
"3332",1,1,""
"3333",1,4,"C++[CR]PHP[CR]MySQL"
"3334",NA,NA,""
"3335",1,1,""
"3336",1,1,""
"3337",1,1,""
"3338",1,1,""
"3339",1,1,""
"3340",NA,NA,""
"3341",1,3,"Python"
"3342",1,1,""
"3343",NA,NA,""
"3344",3,3,""
"3345",1,1,""
"3346",2,3,""
"3347",3,1,""
"3348",1,1,""
"3349",1,1,""
"3350",1,2,"awk"
"3351",1,1,""
"3352",5,4,""
"3353",1,1,""
"3354",1,1,""
"3355",1,1,""
"3356",1,1,""
"3357",1,1,"bash?"
"3358",1,1,""
"3359",NA,NA,""
"3360",NA,NA,""
"3361",3,1,""
"3362",1,1,""
"3363",NA,NA,""
"3364",1,1,""
"3365",1,1,""
"3366",1,1,""
"3367",NA,NA,""
"3368",1,1,""
"3369",NA,NA,""
"3370",1,1,""
"3371",1,1,""
"3372",1,2,""
"3373",1,1,""
"3374",1,1,""
"3375",1,1,""
"3376",1,1,""
"3377",1,1,""
"3378",1,1,""
"3379",1,1,""
"3380",1,2,""
"3381",1,1,""
"3382",NA,NA,""
"3383",1,4,"Haskell"
"3384",1,1,""
"3385",1,1,""
"3386",1,1,""
"3387",2,2,""
"3388",NA,NA,""
"3389",1,1,""
"3390",1,1,""
"3391",1,1,""
"3392",3,3,"php"
"3393",1,1,""
"3394",1,2,"clips"
"3395",2,2,"We touched on lisp a bit for an embedded interpreter during VLSI.  But we were just expected to learn it / know it on our own.  C was the only language formally ""taught"" and even that skipped the actual language semantics in favor of using it for algorithms."
"3396",2,5,"java"
"3397",NA,NA,""
"3398",1,1,""
"3399",1,1,""
"3400",1,1,""
"3401",NA,NA,""
"3402",1,1,""
"3403",NA,NA,""
"3404",3,1,""
"3405",1,2,"PHP - as a portion of one class, very little detail."
"3406",1,NA,""
"3407",1,1,""
"3408",1,2,""
"3409",1,1,""
"3410",1,1,""
"3411",1,1,""
"3412",1,1,""
"3413",1,1,""
"3414",1,1,""
"3415",1,1,""
"3416",1,1,""
"3417",3,1,""
"3418",3,2,""
"3419",1,1,""
"3420",1,3,"Fortran"
"3421",1,5,"python"
"3422",1,1,""
"3423",1,1,""
"3424",1,3,""
"3425",1,NA,""
"3426",1,3,"PHP, Javascript"
"3427",NA,NA,""
"3428",3,1,""
"3429",1,1,""
"3430",1,1,""
"3431",NA,NA,""
"3432",3,3,"haskell, python"
"3433",1,1,""
"3434",1,1,""
"3435",1,3,"PHP"
"3436",1,1,""
"3437",1,1,""
"3438",3,3,"python"
"3439",1,1,""
"3440",1,1,""
"3441",1,1,""
"3442",1,1,""
"3443",1,2,"I think we did a little bit of BASIC at high school."
"3444",NA,NA,""
"3445",1,1,""
"3446",1,1,""
"3447",1,2,"Python was used for a class."
"3448",1,1,""
"3449",NA,NA,""
"3450",2,1,""
"3451",1,1,""
"3452",1,1,""
"3453",1,3,"php"
"3454",1,1,""
"3455",1,2,"Python"
"3456",1,5,""
"3457",1,1,""
"3458",1,1,""
"3459",1,5,"C++, JAVA, Pascal and BASIC"
"3460",1,1,""
"3461",1,1,""
"3462",1,1,""
"3463",1,1,""
"3464",1,3,""
"3465",1,1,""
"3466",1,1,""
"3467",1,1,""
"3468",1,1,""
"3469",1,1,""
"3470",1,2,"Pop-11, C, Lisp, Prolog, ML"
"3471",1,1,""
"3472",1,1,""
"3473",2,2,""
"3474",NA,NA,""
"3475",1,1,""
"3476",3,2,""
"3477",1,1,""
"3478",1,1,""
"3479",1,2,""
"3480",1,3,"JavaScript"
"3481",1,1,""
"3482",1,1,""
"3483",NA,NA,""
"3484",1,1,""
"3485",1,1,""
"3486",1,1,""
"3487",1,1,""
"3488",1,1,""
"3489",1,3,"Scheme"
"3490",NA,NA,""
"3491",1,1,""
"3492",1,1,""
"3493",1,5,""
"3494",2,1,""
"3495",1,1,""
"3496",1,1,""
"3497",1,1,""
"3498",NA,NA,""
"3499",NA,NA,""
"3500",1,3,""
"3501",NA,NA,""
"3502",1,1,""
"3503",1,1,""
"3504",1,1,""
"3505",1,1,""
"3506",1,1,""
"3507",1,1,""
"3508",1,1,""
"3509",1,5,""
"3510",1,1,""
"3511",1,1,""
"3512",NA,2,"Java"
"3513",NA,NA,""
"3514",1,1,""
"3515",1,1,""
"3516",1,1,""
"3517",3,1,""
"3518",1,1,""
"3519",1,1,""
"3520",NA,NA,""
"3521",1,1,""
"3522",1,1,""
"3523",1,1,""
"3524",1,1,""
"3525",4,3,""
"3526",1,1,""
"3527",1,1,""
"3528",1,1,""
"3529",NA,NA,""
"3530",3,3,"PHP, Python"
"3531",NA,NA,""
"3532",1,1,""
"3533",1,3,""
"3534",NA,NA,""
"3535",1,1,""
"3536",4,1,""
"3537",3,1,""
"3538",1,1,""
"3539",3,3,""
"3540",1,1,""
"3541",1,1,""
"3542",1,1,""
"3543",1,1,""
"3544",1,1,""
"3545",2,1,""
"3546",1,1,""
"3547",1,5,"C, C++, Java, Scheme, Oberon"
"3548",1,1,""
"3549",1,1,""
"3550",NA,NA,""
"3551",1,2,""
"3552",1,1,""
"3553",1,2,""
"3554",1,1,""
"3555",NA,NA,""
"3556",1,3,"unix shell script"
"3557",NA,NA,""
"3558",1,1,""
"3559",1,1,""
"3560",1,3,"Ruby and Python, at least two smaller projects for each language."
"3561",1,1,""
"3562",3,1,""
"3563",1,2,"awk"
"3564",1,1,""
"3565",1,1,""
"3566",1,1,""
"3567",1,1,""
"3568",1,1,""
"3569",5,5,"Brainfuck"
"3570",NA,NA,""
"3571",1,1,""
"3572",1,1,""
"3573",NA,NA,""
"3574",5,5,"Ruby, PHP, JavaScript, Scala, (Haskell)"
"3575",2,1,""
"3576",1,1,""
"3577",1,4,""
"3578",5,5,""
"3579",1,1,""
"3580",1,1,""
"3581",1,1,""
"3582",2,2,"AWK"
"3583",3,5,""
"3584",NA,NA,""
"3585",1,1,""
"3586",1,1,""
"3587",1,1,""
"3588",1,1,""
"3589",1,1,""
"3590",1,1,""
"3591",3,3,"Lisp"
"3592",1,1,""
"3593",1,1,""
"3594",NA,NA,""
"3595",1,1,""
"3596",1,1,""
"3597",1,1,""
"3598",1,1,""
"3599",1,1,""
"3600",1,1,""
"3601",1,1,""
"3602",1,1,""
"3603",1,4,""
"3604",NA,NA,""
"3605",1,1,""
"3606",1,1,""
"3607",1,1,""
"3608",1,2,""
"3609",NA,NA,""
"3610",3,1,""
"3611",3,1,""
"3612",1,2,""
"3613",NA,NA,""
"3614",1,1,""
"3615",3,3,""
"3616",2,3,"Scheme[CR][CR]"
"3617",1,2,""
"3618",1,1,""
"3619",3,1,""
"3620",1,1,""
"3621",1,1,""
"3622",3,1,""
"3623",NA,NA,""
"3624",1,1,""
"3625",1,1,""
"3626",4,4,"Unix, basic knowldge"
"3627",1,1,""
"3628",3,1,""
"3629",1,1,""
"3630",1,1,""
"3631",1,1,""
"3632",1,1,""
"3633",1,1,""
"3634",1,3,"php"
"3635",1,1,""
"3636",1,1,""
"3637",1,1,""
"3638",1,1,""
"3639",1,1,""
"3640",1,1,""
"3641",1,1,""
"3642",1,1,""
"3643",1,1,""
"3644",1,1,""
"3645",1,2,""
"3646",1,3,""
"3647",3,5,"javascript, python"
"3648",1,1,""
"3649",NA,NA,""
"3650",1,1,""
"3651",1,1,""
"3652",2,2,"PHP"
"3653",1,1,""
"3654",1,1,""
"3655",NA,NA,""
"3656",1,1,""
"3657",1,1,""
"3658",1,1,""
"3659",1,1,""
"3660",NA,NA,""
"3661",NA,1,""
"3662",1,1,""
"3663",1,1,""
"3664",1,1,""
"3665",1,1,""
"3666",2,4,""
"3667",1,1,""
"3668",2,4,"Python"
"3669",NA,NA,""
"3670",NA,NA,""
"3671",4,3,""
"3672",2,4,"Java, Python, Bash"
"3673",1,1,""
"3674",1,1,""
"3675",1,1,""
"3676",2,2,""
"3677",2,1,""
"3678",1,5,"JavaScript"
"3679",1,1,""
"3680",1,1,""
"3681",1,1,""
"3682",3,3,"Prolog for theoretical studies"
"3683",1,1,""
"3684",NA,NA,""
"3685",NA,NA,""
"3686",1,1,""
"3687",1,1,""
"3688",1,1,""
"3689",NA,NA,""
"3690",1,4,"Scheme, Python, Matlab, Javascript"
"3691",1,3,"php phython"
"3692",1,1,""
"3693",3,4,"PHP[CR]Python[CR]ASP"
"3694",NA,1,""
"3695",1,1,""
"3696",1,1,""
"3697",1,1,""
"3698",1,4,"awk"
"3699",2,1,""
"3700",2,1,""
"3701",1,1,""
"3702",1,1,""
"3703",1,3,"Lisp"
"3704",1,1,""
"3705",5,4,""
"3706",1,1,""
"3707",3,1,""
"3708",1,1,""
"3709",NA,NA,""
"3710",1,1,""
"3711",2,3,"python perl"
"3712",NA,NA,""
"3713",1,1,""
"3714",1,1,""
"3715",1,1,""
"3716",1,1,""
"3717",1,1,""
"3718",NA,NA,""
"3719",NA,NA,""
"3720",NA,1,""
"3721",1,3,""
"3722",1,1,""
"3723",1,1,""
"3724",1,1,""
"3725",3,3,"bash, python"
"3726",1,1,""
"3727",NA,NA,""
"3728",1,1,""
"3729",1,1,""
"3730",1,1,""
"3731",1,1,""
"3732",1,1,""
"3733",1,1,""
"3734",1,1,""
"3735",4,1,""
"3736",2,2,"Python"
"3737",1,3,"Java"
"3738",1,1,""
"3739",1,1,""
"3740",1,2,"PHP"
"3741",1,1,""
"3742",1,3,"Lisp"
"3743",1,1,""
"3744",1,1,""
"3745",1,1,""
"3746",1,1,""
"3747",1,1,""
"3748",1,1,""
"3749",3,2,"javascript"
"3750",1,1,""
"3751",5,3,""
"3752",1,1,""
"3753",1,1,""
"3754",1,1,""
"3755",1,1,""
"3756",1,1,""
"3757",1,1,""
"3758",1,1,""
"3759",1,3,""
"3760",1,1,""
"3761",2,2,"perl python php javascript"
"3762",3,1,""
"3763",1,1,""
"3764",2,1,""
"3765",1,1,""
"3766",1,1,""
"3767",NA,NA,""
"3768",NA,NA,""
"3769",1,4,""
"3770",NA,NA,""
"3771",1,1,""
"3772",2,3,"bash"
"3773",1,1,""
"3774",1,1,""
"3775",1,1,""
"3776",NA,NA,""
"3777",1,1,""
"3778",1,1,""
"3779",1,1,""
"3780",3,3,""
"3781",3,1,""
"3782",1,1,""
"3783",1,1,""
"3784",NA,NA,""
"3785",1,1,""
"3786",1,1,""
"3787",1,1,""
"3788",1,1,""
"3789",1,1,""
"3790",3,3,"PHP, Python"
"3791",1,1,""
"3792",3,4,"PHP, Java"
"3793",1,1,""
"3794",4,1,""
"3795",1,1,""
"3796",1,1,""
"3797",NA,NA,""
"3798",1,1,""
"3799",1,1,""
"3800",1,1,""
"3801",3,3,"shells, TCL"
"3802",3,3,"OCaml"
"3803",NA,NA,""
"3804",NA,NA,""
"3805",3,4,"Python, Shell Script, PHP"
"3806",1,2,""
"3807",1,1,""
"3808",1,1,""
"3809",1,1,""
"3810",1,1,""
"3811",NA,NA,""
"3812",1,1,""
"3813",1,1,""
"3814",1,1,""
"3815",1,1,""
"3816",1,1,""
"3817",1,1,""
"3818",1,3,"Python"
"3819",1,1,""
"3820",3,2,""
"3821",1,1,""
"3822",1,1,""
"3823",1,3,"C, Fortran, C++, APL"
"3824",1,1,""
"3825",NA,NA,""
"3826",1,1,""
"3827",1,1,""
"3828",1,1,""
"3829",1,3,"bash / awk "
"3830",1,1,""
"3831",1,1,""
"3832",NA,NA,""
"3833",1,2,""
"3834",3,2,"Perl was the focus of one course and was taught in only one course.  I don't actually remember being taught any other open source dynamic languages.  Aside from a unit or class here or there, it was mostly Java or C et al."
"3835",3,1,""
"3836",1,4,"c++, java"
"3837",1,1,""
"3838",NA,NA,""
"3839",1,2,""
"3840",1,1,""
"3841",1,3,"shellscript, rexx"
"3842",1,5,""
"3843",1,1,""
"3844",1,1,""
"3845",1,3,""
"3846",1,4,""
"3847",1,1,""
"3848",1,1,""
"3849",1,1,""
"3850",5,3,"C"
"3851",1,1,""
"3852",1,1,""
"3853",1,1,""
"3854",1,1,""
"3855",1,1,""
"3856",1,1,""
"3857",1,3,"Java, Scheme, Prolog"
"3858",1,1,""
"3859",3,4,""
"3860",1,1,""
"3861",1,2,""
"3862",1,1,""
"3863",NA,NA,""
"3864",1,1,""
"3865",NA,NA,""
"3866",1,1,""
"3867",1,2,"Smalltalk (during Objective Programming course)"
"3868",1,3,"Python"
"3869",1,1,""
"3870",1,1,""
"3871",1,1,""
"3872",1,1,""
"3873",1,1,""
"3874",3,5,"scheme, lisp"
"3875",1,3,"Scheme[CR]Python[CR]Ruby"
"3876",3,5,"Java, TCL"
"3877",3,3,"Python"
"3878",1,1,""
"3879",1,1,""
"3880",2,1,""
"3881",1,1,""
"3882",1,1,""
"3883",NA,NA,""
"3884",1,1,""
"3885",NA,NA,""
"3886",1,1,""
"3887",1,1,""
"3888",NA,NA,""
"3889",1,1,""
"3890",1,1,""
"3891",1,1,""
"3892",NA,NA,""
"3893",1,1,""
"3894",1,1,""
"3895",1,1,""
"3896",1,1,""
"3897",1,1,""
"3898",1,1,""
"3899",NA,NA,""
"3900",1,1,""
"3901",2,2,"We touched on very little of Perl and Python in a class that required some system scripting; nothing about the web."
"3902",1,1,""
"3903",1,1,""
"3904",1,1,""
"3905",NA,NA,""
"3906",1,3,""
"3907",NA,NA,""
"3908",1,1,""
"3909",1,1,""
"3910",NA,NA,""
"3911",1,1,""
"3912",1,4,"python"
"3913",1,1,"Pascal, C"
"3914",3,1,""
"3915",1,1,""
"3916",1,1,""
"3917",3,3,"Python, bash"
"3918",1,1,""
"3919",1,1,""
"3920",1,1,""
"3921",1,1,""
"3922",1,1,""
"3923",1,3,"PHP "
"3924",1,1,""
"3925",1,1,""
"3926",2,1,""
"3927",2,4,"Python, Ruby"
"3928",1,1,""
"3929",NA,NA,""
"3930",1,1,""
"3931",3,2,"A language class, covered most of them lisp, php, etc."
"3932",1,1,""
"3933",2,2,"We used C in cs and later some embedded scheme for vlsi. Never taught, just expected to know. "
"3934",1,1,""
"3935",3,4,""
"3936",1,2,""
"3937",1,1,""
"3938",1,1,""
"3939",2,3,"Java, C++, Perl, Python"
"3940",1,1,""
"3941",1,1,""
"3942",1,1,""
"3943",2,1,""
"3944",1,1,""
"3945",1,1,""
"3946",1,1,""
"3947",1,1,""
"3948",1,3,"Lisp for an AI class"
"3949",1,1,""
"3950",NA,NA,""
"3951",1,2,""
"3952",1,4,"LISP, Smalltalk"
"3953",1,4,"ML"
"3954",2,3,"bash,java"
"3955",2,2,""
"3956",1,1,""
"3957",1,2,"Haskell, Lisp, Smalltalk (Squeek)"
"3958",1,1,""
"3959",1,4,""
"3960",NA,NA,""
"3961",1,1,""
"3962",1,2,"scheme"
"3963",1,1,""
"3964",1,3,""
"3965",1,1,""
"3966",1,1,""
"3967",3,1,""
"3968",2,1,""
"3969",1,1,""
"3970",2,2,""
"3971",2,2,"Lisp, Prolog"
"3972",1,1,""
"3973",1,1,""
"3974",1,1,""
"3975",1,1,""
"3976",1,1,""
"3977",3,3,"basic of Python"
"3978",1,1,""
"3979",1,1,""
"3980",3,1,""
"3981",1,1,""
"3982",1,3,"Lisp"
"3983",3,1,""
"3984",1,1,""
"3985",NA,NA,""
"3986",1,3,"PHP,AndroidOS"
"3987",2,1,""
"3988",1,1,""
"3989",2,5,"Python, Ruby"
"3990",1,1,""
"3991",1,1,""
"3992",1,1,""
"3993",1,1,""
"3994",1,1,""
"3995",1,1,""
"3996",1,1,""
"3997",1,3,"not sure if 'c' counts"
"3998",1,1,""
"3999",1,1,""
"4000",1,1,""
"4001",1,1,""
"4002",1,1,""
"4003",NA,NA,""
"4004",1,1,""
"4005",1,1,""
"4006",NA,NA,""
"4007",1,1,""
"4008",1,1,""
"4009",1,3,"Php[CR]Python"
"4010",1,1,""
"4011",1,1,""
"4012",1,1,""
"4013",1,1,""
"4014",1,3,"Lisp, Icon"
"4015",1,1,""
"4016",1,1,""
"4017",1,1,""
"4018",1,3,""
"4019",1,1,""
"4020",1,1,""
"4021",1,1,""
"4022",NA,NA,""
"4023",1,1,""
"4024",1,1,""
"4025",1,1,""
"4026",1,3,"python"
"4027",1,1,""
"4028",3,4,"VisualBasic, ASP, PHP, C, Java"
"4029",1,3,""
"4030",1,3,"php[CR]"
"4031",1,1,""
"4032",1,1,""
"4033",NA,NA,""
"4034",1,1,""
"4035",1,1,""
"4036",1,3,""
"4037",1,1,""
"4038",1,1,""
"4039",1,1,""
"4040",NA,NA,""
"4041",1,1,""
"4042",1,3,"Java[CR]C++"
"4043",1,1,""
"4044",1,1,""
"4045",1,2,"Python"
"4046",1,1,""
"4047",1,1,""
"4048",1,1,""
"4049",1,1,""
"4050",1,1,""
"4051",1,1,""
"4052",1,1,""
"4053",4,4,""
"4054",1,1,""
"4055",1,1,""
"4056",1,4,"Scheme"
"4057",1,2,""
"4058",3,2,""
"4059",1,3,"Scheme"
"4060",1,1,""
"4061",1,1,""
"4062",1,1,""
"4063",NA,NA,""
"4064",1,1,""
"4065",1,1,""
"4066",1,1,""
"4067",1,1,""
"4068",5,4,"Ruby, Python"
"4069",1,1,""
"4070",1,1,""
"4071",1,1,""
"4072",3,4,"python, ruby"
"4073",1,3,"Pascal"
"4074",1,1,""
"4075",1,1,""
"4076",NA,NA,""
"4077",1,2,"Icon (which I think is in the public domain) was covered in a survey of programming languages class (about 1/4 of a semester)."
"4078",NA,NA,""
"4079",2,3,"python"
"4080",1,3,"Java, Haskell"
"4081",1,1,""
"4082",1,1,""
"4083",1,1,""
"4084",1,1,""
"4085",1,1,""
"4086",NA,NA,""
"4087",1,1,""
"4088",3,1,""
"4089",1,1,""
"4090",1,1,""
"4091",1,4,"C++"
"4092",1,1,""
"4093",1,1,""
"4094",1,1,""
"4095",1,1,""
"4096",1,3,"scheme, javascript"
"4097",2,2,"pascal"
"4098",1,1,""
"4099",1,1,""
"4100",3,3,"Haskell"
"4101",1,1,""
"4102",1,3,""
"4103",1,1,"C (I doubt it counts as dynamic ;-)"
"4104",1,2,"tcl/tk"
"4105",1,1,""
"4106",NA,NA,""
"4107",1,3,"LISP"
"4108",1,1,""
"4109",1,1,""
"4110",NA,3,""
"4111",1,1,""
"4112",1,1,""
"4113",1,1,""
"4114",1,3,"Python, Ruby, Javasript"
"4115",1,1,""
"4116",1,1,""
"4117",1,1,""
"4118",1,1,""
"4119",1,1,""
"4120",1,1,""
"4121",1,1,""
"4122",1,1,""
"4123",1,1,""
"4124",1,3,""
"4125",1,1,""
"4126",1,4,"sml[CR]prolog[CR]tcl"
"4127",1,1,""
"4128",3,1,""
"4129",1,1,""
"4130",1,1,""
"4131",1,1,""
"4132",1,1,""
"4133",1,1,""
"4134",1,1,""
"4135",1,1,""
"4136",NA,NA,""
"4137",1,1,""
"4138",1,3,""
"4139",NA,NA,""
"4140",1,1,""
"4141",NA,NA,""
"4142",1,1,""
"4143",1,1,""
"4144",1,1,""
"4145",NA,NA,""
"4146",1,1,""
"4147",1,1,""
"4148",1,1,""
"4149",3,2,"Misc. custom to the college."
"4150",1,1,""
"4151",NA,NA,""
"4152",1,1,"I was 'taught' Pascal (Sob)"
"4153",1,1,""
"4154",NA,NA,""
"4155",1,2,""
"4156",1,3,"Scheme"
"4157",1,1,""
"4158",1,1,""
"4159",1,1,""
"4160",1,1,""
"4161",1,1,""
"4162",1,4,"Assembly, C, C++, Java"
"4163",1,1,""
"4164",1,1,""
"4165",1,1,""
"4166",1,1,""
"4167",1,1,""
"4168",1,1,""
"4169",1,3,"scheme"
"4170",4,3,"python"
"4171",1,1,""
"4172",1,1,""
"4173",1,2,"Smalltalk"
"4174",1,1,""
"4175",1,1,""
"4176",1,3,"PHP"
"4177",NA,NA,""
"4178",1,1,""
"4179",1,4,"Pascal, Cobol"
"4180",1,1,""
"4181",1,1,""
"4182",1,4,"java"
"4183",1,2,"Java"
"4184",5,5,""
"4185",1,3,"Unicon, Lisp, Prolog"
"4186",NA,NA,""
"4187",1,1,""
"4188",1,1,""
"4189",1,1,""
"4190",1,2,"C[CR]Lisp[CR]"
"4191",1,4,""
"4192",1,3,"PHP"
"4193",1,1,""
"4194",1,3,"Tcl"
"4195",1,1,""
"4196",1,1,""
"4197",3,3,"Python"
"4198",1,1,""
"4199",1,3,"php, basic"
"4200",1,1,""
"4201",1,1,""
"4202",1,1,""
"4203",1,1,""
"4204",3,1,""
"4205",2,3,""
"4206",1,2,""
"4207",1,1,"we were taught java, but it wasn't open source then."
"4208",1,1,""
"4209",1,1,""
"4210",1,3,"shell"
"4211",1,1,""
"4212",1,1,""
"4213",1,2,""
"4214",1,3,"Scheme"
"4215",1,1,""
"4216",1,1,""
"4217",1,1,""
"4218",2,3,""
"4219",NA,NA,""
"4220",1,3,"PHP"
"4221",2,3,""
"4222",1,NA,""
"4223",1,1,""
"4224",1,1,""
"4225",1,1,""
"4226",NA,NA,""
"4227",1,1,""
"4228",1,1,""
"4229",1,1,""
"4230",1,1,""
"4231",1,1,""
"4232",1,1,""
"4233",1,1,""
"4234",1,1,""
"4235",1,3,""
"4236",1,1,""
"4237",1,4,"basic, pascal"
"4238",1,1,""
"4239",1,1,""
"4240",1,1,""
"4241",1,1,""
"4242",1,2,""
"4243",1,1,""
"4244",1,1,""
"4245",1,1,""
"4246",1,1,""
"4247",1,1,""
"4248",1,1,""
"4249",1,1,""
"4250",1,1,""
"4251",3,1,""
"4252",1,1,""
"4253",1,1,""
"4254",1,1,""
"4255",NA,NA,""
"4256",NA,NA,""
"4257",3,5,"PHP"
"4258",1,1,""
"4259",1,1,""
"4260",1,1,""
"4261",3,1,""
"4262",1,2,"Haskell, Agda"
"4263",1,1,""
"4264",NA,NA,""
"4265",2,1,""
"4266",3,3,""
"4267",1,1,""
"4268",1,1,""
"4269",NA,NA,""
"4270",1,1,""
"4271",NA,NA,""
"4272",NA,NA,""
"4273",1,1,""
"4274",1,1,""
"4275",2,1,""
"4276",NA,NA,""
"4277",1,1,""
"4278",1,1,""
"4279",1,1,""
"4280",NA,NA,""
"4281",1,1,""
"4282",1,2,"scheme"
"4283",1,1,""
"4284",1,1,""
"4285",1,2,""
"4286",3,1,""
"4287",NA,NA,""
"4288",1,1,""
"4289",1,1,""
"4290",1,2,"PASCAL"
"4291",1,1,""
"4292",3,3,"r"
"4293",1,1,""
"4294",1,2,""
"4295",1,1,""
"4296",1,1,""
"4297",1,1,""
"4298",2,2,""
"4299",1,2,""
"4300",2,2,""
"4301",1,1,""
"4302",1,2,""
"4303",1,1,""
"4304",1,3,""
"4305",1,1,""
"4306",1,1,""
"4307",1,5,"PHP, JavaScript, Ruby"
"4308",1,1,""
"4309",3,1,""
"4310",1,1,""
"4311",1,4,"php, java, IDL"
"4312",1,1,""
"4313",1,3,"Haskell"
"4314",1,1,""
"4315",NA,NA,""
"4316",1,1,""
"4317",1,1,""
"4318",1,1,""
"4319",NA,NA,""
"4320",1,1,""
"4321",1,1,""
"4322",1,3,"Smalltalk"
"4323",1,1,""
"4324",1,2,"Pascal"
"4325",1,1,""
"4326",3,3,"PHP[CR]"
"4327",1,1,""
"4328",1,1,""
"4329",1,3,"Lisp (2 sem)"
"4330",1,3,""
"4331",1,1,""
"4332",NA,NA,""
"4333",1,3,"python, php, lua"
"4334",2,1,""
"4335",1,1,"Lisp"
"4336",1,1,""
"4337",1,1,""
"4338",NA,NA,""
"4339",3,4,"Haskell, Python"
"4340",NA,NA,""
"4341",3,3,"PHP"
"4342",1,1,""
"4343",1,1,""
"4344",1,5,"Python, Smalltalk"
"4345",1,3,""
"4346",NA,NA,""
"4347",1,1,""
"4348",1,1,""
"4349",1,1,""
"4350",1,1,""
"4351",1,1,""
"4352",1,1,""
"4353",1,1,""
"4354",1,1,""
"4355",1,1,""
"4356",1,1,""
"4357",1,1,""
"4358",2,2,"Bash, Python, Java, C++"
"4359",1,1,""
"4360",NA,NA,""
"4361",1,1,""
"4362",1,1,""
"4363",1,1,""
"4364",1,1,""
"4365",1,1,""
"4366",1,1,""
"4367",1,1,""
"4368",1,3,""
"4369",NA,NA,""
"4370",1,4,"PHP, python"
"4371",1,1,""
"4372",1,1,""
"4373",1,1,""
"4374",5,1,""
"4375",1,1,""
"4376",1,3,"PHP, Python, PL/SQL if you want...[CR]Is Java considered a ""dynamic language""?"
"4377",1,1,""
"4378",2,3,"Ruby, Lisp"
"4379",1,1,""
"4380",NA,NA,""
"4381",1,1,""
"4382",1,1,""
"4383",1,1,""
"4384",2,1,""
"4385",1,3,"Java"
"4386",1,1,""
"4387",1,1,""
"4388",1,1,""
"4389",NA,NA,""
"4390",1,1,""
"4391",1,1,""
"4392",1,1,""
"4393",1,1,""
"4394",1,1,""
"4395",2,4,""
"4396",1,3,"Scheme, Lisp, Prolog"
"4397",1,1,""
"4398",1,1,""
"4399",1,1,""
"4400",1,1,""
"4401",1,1,""
"4402",2,3,""
"4403",1,1,""
"4404",1,3,"I was taught PASCAL."
"4405",1,3,"Lisp, Scheme"
"4406",1,1,""
"4407",1,1,""
"4408",2,2,""
"4409",1,1,""
"4410",1,1,""
"4411",3,1,""
"4412",1,2,""
"4413",NA,NA,""
"4414",1,4,"Java, PHP"
"4415",2,4,""
"4416",2,4,"PHP, Python"
"4417",1,2,""
"4418",1,1,"Open source wasn't named such when I was in college (1970)"
"4419",1,4,""
"4420",1,4,"bash"
"4421",4,4,""
"4422",1,1,""
"4423",2,3,"bash, ruby, python"
"4424",1,3,"MySQL?"
"4425",3,5,""
"4426",1,NA,""
"4427",1,1,""
"4428",1,2,"awk"
"4429",NA,NA,""
"4430",1,4,""
"4431",1,1,""
"4432",NA,NA,""
"4433",3,3,"Scheme"
"4434",1,3,"c/c++"
"4435",1,1,""
"4436",3,5,"BASH, VBS, JS, Python"
"4437",1,1,""
"4438",NA,NA,""
"4439",1,1,""
"4440",2,5,"Python, PHP, JavaScript"
"4441",1,2,""
"4442",1,5,"simula, java, C, assembly"
"4443",1,1,""
"4444",1,1,""
"4445",1,1,""
"4446",1,3,""
"4447",1,1,""
"4448",1,1,""
"4449",2,2,""
"4450",1,1,""
"4451",NA,NA,""
"4452",1,1,""
"4453",1,1,""
"4454",NA,NA,""
"4455",1,1,""
"4456",1,1,""
"4457",1,1,""
"4458",1,1,""
"4459",1,1,""
"4460",1,1,""
"4461",1,1,""
"4462",1,2,"php"
"4463",1,1,""
"4464",1,1,""
"4465",NA,NA,""
"4466",3,1,""
"4467",3,4,"php"
"4468",1,1,""
"4469",NA,NA,""
"4470",1,1,""
"4471",1,1,""
"4472",1,1,""
"4473",NA,NA,""
"4474",3,2,"shell"
"4475",1,1,""
"4476",1,3,"Scheme"
"4477",1,1,""
"4478",1,1,""
"4479",1,2,"php - not very much"
"4480",1,2,""
"4481",2,1,""
"4482",1,1,""
"4483",1,1,""
"4484",1,1,""
"4485",1,1,""
"4486",2,2,""
"4487",4,2,""
"4488",1,1,""
"4489",1,2,""
"4490",3,3,"PHP, python, ruby"
"4491",NA,NA,""
"4492",1,1,""
"4493",1,1,""
"4494",1,3,"'R'  (in Science of Statistics it is the major and only Software/Programming language - see: www.r-project.org )"
"4495",1,3,"Python"
"4496",NA,NA,""
"4497",1,1,""
"4498",2,3,"Smalltalk, TCL"
"4499",1,1,""
"4500",1,1,""
"4501",1,1,""
"4502",1,1,""
"4503",NA,NA,""
"4504",1,1,""
"4505",4,1,""
"4506",4,4,"PHP"
"4507",1,3,"Java, JSP, PHP"
"4508",1,3,"php"
"4509",5,4,"Prolog, PostScript"
"4510",1,1,""
"4511",1,1,""
"4512",1,1,""
"4513",1,1,""
"4514",NA,NA,""
"4515",1,1,""
"4516",2,2,""
"4517",1,2,"Java, Javascript"
"4518",1,1,""
"4519",NA,NA,""
"4520",1,1,""
"4521",1,1,""
"4522",1,1,""
"4523",1,1,""
"4524",1,1,""
"4525",1,1,""
"4526",1,1,""
"4527",1,1,""
"4528",1,1,""
"4529",2,1,""
"4530",3,3,"Python, Scheme"
"4531",1,1,""
"4532",NA,NA,""
"4533",1,1,""
"4534",1,1,""
"4535",1,1,""
"4536",NA,NA,""
"4537",1,1,""
"4538",1,1,""
"4539",5,2,""
"4540",1,1,""
"4541",1,3,"C, Java, C++"
"4542",1,1,""
"4543",1,2,"Python."
"4544",1,2,"lisp, smalltalk"
"4545",1,1,""
"4546",1,1,""
"4547",2,NA,""
"4548",NA,NA,""
"4549",4,4,""
"4550",1,2,"JavaScript"
"4551",1,1,""
"4552",NA,NA,""
"4553",1,1,""
"4554",1,3,""
"4555",1,1,""
"4556",1,2,"Scheme"
"4557",1,1,""
"4558",1,1,""
"4559",1,4,""
"4560",1,1,""
"4561",1,1,""
"4562",1,1,""
"4563",1,1,""
"4564",1,1,""
"4565",1,3,"Python, Prolog"
"4566",1,1,""
"4567",1,1,""
"4568",NA,NA,""
"4569",1,1,""
"4570",1,1,""
"4571",1,3,"ml, php"
"4572",1,1,""
"4573",1,1,""
"4574",1,3,"Java, C"
"4575",1,1,""
"4576",1,1,""
"4577",4,2,""
"4578",1,1,""
"4579",3,3,"python, bash"
"4580",1,1,""
"4581",1,1,""
"4582",1,2,""
"4583",1,1,""
"4584",NA,NA,""
"4585",NA,NA,""
"4586",NA,NA,""
"4587",1,3,"Ruby"
"4588",1,1,""
"4589",2,1,""
"4590",1,1,""
"4591",1,1,""
"4592",1,1,""
"4593",NA,NA,""
"4594",NA,NA,""
"4595",1,1,""
"4596",3,1,""
"4597",1,1,""
"4598",1,1,""
"4599",1,3,""
"4600",1,1,""
"4601",3,2,""
"4602",1,1,""
"4603",1,1,""
"4604",1,1,""
"4605",1,1,""
"4606",1,1,""
"4607",1,1,""
"4608",1,1,""
"4609",1,1,""
"4610",1,NA,"No idea. Please define ""open source language"". I would think any language taught during my education was ""open"". Not sure how ""source"" plays a role in ""language"". There might have been both ""closed source"" and ""open source"" compilers for the same language. How does that rate? Not that the concept of ""open source"" existed at the time of my education. "
"4611",3,2,"java[CR]pike[CR]"
"4612",NA,NA,""
"4613",1,1,""
"4614",1,1,""
"4615",NA,NA,""
"4616",1,1,""
"4617",1,1,""
"4618",1,3,"Pascal, Cobol, 6800"
"4619",1,1,""
"4620",3,4,"Java[CR]Python"
"4621",1,1,""
"4622",1,1,""
"4623",1,1,""
"4624",1,3,""
"4625",4,1,""
"4626",3,1,""
"4627",3,3,"Javascript, PHP, Python, Ruby"
"4628",1,1,""
"4629",1,1,""
"4630",1,1,""
"4631",3,2,""
"4632",1,1,""
"4633",1,1,""
"4634",1,1,""
"4635",NA,NA,""
"4636",1,1,""
"4637",NA,NA,""
"4638",1,1,""
"4639",1,1,""
"4640",1,4,"python"
"4641",1,1,""
"4642",1,1,""
"4643",1,1,""
"4644",3,1,""
"4645",1,1,""
"4646",1,1,""
"4647",NA,NA,""
"4648",1,1,""
"4649",1,1,""
"4650",1,1,""
"4651",NA,NA,""
"4652",1,1,""
"4653",1,1,""
"4654",1,3,"Python, Lua"
"4655",1,3,"Python"
"4656",1,1,""
"4657",1,1,""
"4658",1,2,"C - mostly intro"
"4659",1,1,""
"4660",1,1,""
"4661",1,1,""
"4662",1,1,"what the hell are ""open source dynamic languages"""
"4663",3,3,"PHP, Java"
"4664",1,1,""
"4665",NA,NA,""
"4666",1,3,"Java"
"4667",1,1,""
"4668",NA,NA,""
"4669",3,3,"PHP -- Quite a bit[CR]Python -- A little"
"4670",1,2,""
"4671",1,1,""
"4672",1,1,""
"4673",1,1,""
"4674",NA,NA,""
"4675",NA,NA,""
"4676",1,1,""
"4677",1,1,""
"4678",1,1,""
"4679",1,1,""
"4680",1,1,""
"4681",NA,NA,""
"4682",1,1,""
"4683",1,1,""
"4684",1,1,""
"4685",1,2,""
"4686",1,1,""
"4687",NA,NA,""
"4688",5,NA,""
"4689",1,1,""
"4690",1,1,""
"4691",2,1,""
"4692",3,3,"Python"
"4693",1,1,""
"4694",1,4,"bash, awk"
"4695",3,1,""
"4696",1,1,""
"4697",1,3,"Java"
"4698",2,1,""
"4699",1,1,""
"4700",NA,NA,""
"4701",1,1,""
"4702",1,1,""
"4703",2,2,""
"4704",NA,NA,""
"4705",1,3,"C, the basics."
"4706",1,1,""
"4707",1,1,""
"4708",1,3,"php"
"4709",NA,NA,""
"4710",1,1,""
"4711",1,2,""
"4712",1,1,""
"4713",1,1,""
"4714",1,1,""
"4715",2,2,"PHP"
"4716",1,5,"pascal"
"4717",1,3,"Scheme"
"4718",1,1,""
"4719",3,1,""
"4720",1,1,""
"4721",1,3,"scheme"
"4722",1,1,""
"4723",NA,NA,""
"4724",1,1,""
"4725",NA,NA,""
"4726",NA,NA,""
"4727",2,3,"PHP"
"4728",NA,NA,""
"4729",1,2,""
"4730",NA,NA,""
"4731",1,1,""
"4732",4,4,"php"
"4733",1,3,"C++, C, Shellscript"
"4734",1,1,""
"4735",5,3,"php"
"4736",1,1,""
"4737",1,1,""
"4738",1,1,""
"4739",1,1,""
"4740",NA,NA,""
"4741",1,4,"C"
"4742",1,1,""
"4743",4,1,""
"4744",1,1,""
"4745",3,1,""
"4746",1,1,""
"4747",1,1,""
"4748",1,1,""
"4749",1,1,""
"4750",1,1,""
"4751",1,1,""
"4752",1,1,""
"4753",1,1,""
"4754",1,1,""
"4755",NA,NA,""
"4756",1,1,""
"4757",NA,NA,""
"4758",2,3,"javascript"
"4759",1,1,""
"4760",1,3,""
"4761",1,1,""
"4762",NA,NA,""
"4763",2,2,""
"4764",1,1,""
"4765",1,1,""
"4766",1,1,""
"4767",1,4,"Lisp"
"4768",1,3,"java, php"
"4769",1,1,"BASIC :)"
"4770",2,3,"PHP"
"4771",3,2,"Java Script, PHP"
"4772",NA,NA,""
"4773",NA,NA,""
"4774",1,1,""
"4775",1,1,""
"4776",1,1,""
"4777",1,1,""
"4778",NA,NA,""
"4779",1,2,"awk"
"4780",NA,NA,""
"4781",1,1,""
"4782",2,2,"Python, Php"
"4783",2,2,""
"4784",1,1,""
"4785",1,1,""
"4786",1,1,""
"4787",2,3,"python"
"4788",1,1,""
"4789",1,1,""
"4790",1,3,"logo, basic, bash"
"4791",1,1,""
"4792",1,1,""
"4793",1,4,"caml"
"4794",1,2,""
"4795",1,1,""
"4796",1,1,""
"4797",1,1,""
"4798",1,1,""
"4799",NA,NA,""
"4800",3,3,"Fortran, C, C++, openMPI"
"4801",1,3,"scheme"
"4802",4,4,""
"4803",1,1,""
"4804",NA,NA,""
"4805",1,1,""
"4806",1,1,""
"4807",NA,NA,""
"4808",1,1,""
"4809",3,3,""
"4810",1,1,""
"4811",1,1,""
"4812",1,1,""
"4813",1,1,""
"4814",NA,NA,""
"4815",3,3,"Java - a tiny bit"
"4816",3,1,""
"4817",1,1,""
"4818",NA,NA,""
"4819",1,1,""
"4820",1,1,""
"4821",1,1,""
"4822",1,1,""
"4823",1,1,""
"4824",3,5,"phyton, java"
"4825",3,1,""
"4826",1,1,""
"4827",1,1,""
"4828",1,1,""
"4829",1,1,""
"4830",1,1,""
"4831",1,1,""
"4832",1,1,""
"4833",1,1,""
"4834",1,1,""
"4835",1,1,""
"4836",2,3,"PHP"
"4837",1,1,""
"4838",2,3,""
"4839",1,1,""
"4840",1,1,""
"4841",1,1,""
"4842",1,1,""
"4843",1,1,""
"4844",NA,NA,""
"4845",1,2,"PHP"
